datetime,precip_mm,measurement_flag,quality_flag,STATION_ID,STATION_NAME,LATITUDE,LONGITUDE,ELEVATION
1/1/2011 1:00,0,g, ,COOP:180465,BALTIMORE WASHINGTON INTERNATIONAL AIRPORT MD US,39.17329,-76.68408,42
1/1/2011 19:00,0,T, ,COOP:180465,BALTIMORE WASHINGTON INTERNATIONAL AIRPORT MD US,39.17329,-76.68408,42
1/1/2011 20:00,0,T, ,COOP:180465,BALTIMORE WASHINGTON INTERNATIONAL AIRPORT MD US,39.17329,-76.68408,42
1/2/2011 5:00,0.02, , ,COOP:180465,BALTIMORE WASHINGTON INTERNATIONAL AIRPORT MD US,39.17329,-76.68408,42
1/2/2011 8:00,0,T, ,COOP:180465,BALTIMORE WASHINGTON INTERNATIONAL AIRPORT MD US,39.17329,-76.68408,42
1/2/2011 9:00,0,T, ,COOP:180465,BALTIMORE WASHINGTON INTERNATIONAL AIRPORT MD US,39.17329,-76.68408,42
1/2/2011 10:00,0.02, , ,COOP:180465,BALTIMORE WASHINGTON INTERNATIONAL AIRPORT MD US,39.17329,-76.68408,42
1/2/2011 12:00,0,T, ,COOP:180465,BALTIMORE WASHINGTON INTERNATIONAL AIRPORT MD US,39.17329,-76.68408,42
1/2/2011 14:00,0,T, ,COOP:180465,BALTIMORE WASHINGTON INTERNATIONAL AIRPORT MD US,39.17329,-76.68408,42
1/2/2011 15:00,0.01, , ,COOP:180465,BALTIMORE WASHINGTON INTERNATIONAL AIRPORT MD US,39.17329,-76.68408,42
1/7/2011 5:00,0,T, ,COOP:180465,BALTIMORE WASHINGTON INTERNATIONAL AIRPORT MD US,39.17329,-76.68408,42
1/7/2011 6:00,0,T, ,COOP:180465,BALTIMORE WASHINGTON INTERNATIONAL AIRPORT MD US,39.17329,-76.68408,42
1/8/2011 5:00,0,T, ,COOP:180465,BALTIMORE WASHINGTON INTERNATIONAL AIRPORT MD US,39.17329,-76.68408,42
1/8/2011 6:00,0.01, , ,COOP:180465,BALTIMORE WASHINGTON INTERNATIONAL AIRPORT MD US,39.17329,-76.68408,42
1/8/2011 7:00,0,T, ,COOP:180465,BALTIMORE WASHINGTON INTERNATIONAL AIRPORT MD US,39.17329,-76.68408,42
1/8/2011 8:00,0,T, ,COOP:180465,BALTIMORE WASHINGTON INTERNATIONAL AIRPORT MD US,39.17329,-76.68408,42
1/8/2011 9:00,0,T, ,COOP:180465,BALTIMORE WASHINGTON INTERNATIONAL AIRPORT MD US,39.17329,-76.68408,42
1/8/2011 10:00,0,T, ,COOP:180465,BALTIMORE WASHINGTON INTERNATIONAL AIRPORT MD US,39.17329,-76.68408,42
1/8/2011 11:00,0,T, ,COOP:180465,BALTIMORE WASHINGTON INTERNATIONAL AIRPORT MD US,39.17329,-76.68408,42
1/11/2011 9:00,0,T, ,COOP:180465,BALTIMORE WASHINGTON INTERNATIONAL AIRPORT MD US,39.17329,-76.68408,42
1/11/2011 14:00,0,T, ,COOP:180465,BALTIMORE WASHINGTON INTERNATIONAL AIRPORT MD US,39.17329,-76.68408,42
1/11/2011 15:00,0,T, ,COOP:180465,BALTIMORE WASHINGTON INTERNATIONAL AIRPORT MD US,39.17329,-76.68408,42
1/11/2011 16:00,0,T, ,COOP:180465,BALTIMORE WASHINGTON INTERNATIONAL AIRPORT MD US,39.17329,-76.68408,42
1/11/2011 17:00,0,T, ,COOP:180465,BALTIMORE WASHINGTON INTERNATIONAL AIRPORT MD US,39.17329,-76.68408,42
1/11/2011 18:00,0,T, ,COOP:180465,BALTIMORE WASHINGTON INTERNATIONAL AIRPORT MD US,39.17329,-76.68408,42
1/11/2011 19:00,0.02, , ,COOP:180465,BALTIMORE WASHINGTON INTERNATIONAL AIRPORT MD US,39.17329,-76.68408,42
1/11/2011 20:00,0.05, , ,COOP:180465,BALTIMORE WASHINGTON INTERNATIONAL AIRPORT MD US,39.17329,-76.68408,42
1/11/2011 21:00,0.03, , ,COOP:180465,BALTIMORE WASHINGTON INTERNATIONAL AIRPORT MD US,39.17329,-76.68408,42
1/11/2011 22:00,0.04, , ,COOP:180465,BALTIMORE WASHINGTON INTERNATIONAL AIRPORT MD US,39.17329,-76.68408,42
1/11/2011 23:00,0.02, , ,COOP:180465,BALTIMORE WASHINGTON INTERNATIONAL AIRPORT MD US,39.17329,-76.68408,42
1/12/2011 0:00,0,T, ,COOP:180465,BALTIMORE WASHINGTON INTERNATIONAL AIRPORT MD US,39.17329,-76.68408,42
1/17/2011 19:00,0,T, ,COOP:180465,BALTIMORE WASHINGTON INTERNATIONAL AIRPORT MD US,39.17329,-76.68408,42
1/17/2011 20:00,0,T, ,COOP:180465,BALTIMORE WASHINGTON INTERNATIONAL AIRPORT MD US,39.17329,-76.68408,42
1/17/2011 21:00,0.02, , ,COOP:180465,BALTIMORE WASHINGTON INTERNATIONAL AIRPORT MD US,39.17329,-76.68408,42
1/17/2011 22:00,0.03, , ,COOP:180465,BALTIMORE WASHINGTON INTERNATIONAL AIRPORT MD US,39.17329,-76.68408,42
1/17/2011 23:00,0.05, , ,COOP:180465,BALTIMORE WASHINGTON INTERNATIONAL AIRPORT MD US,39.17329,-76.68408,42
1/18/2011 0:00,0.08, , ,COOP:180465,BALTIMORE WASHINGTON INTERNATIONAL AIRPORT MD US,39.17329,-76.68408,42
1/18/2011 1:00,0.06, , ,COOP:180465,BALTIMORE WASHINGTON INTERNATIONAL AIRPORT MD US,39.17329,-76.68408,42
1/18/2011 2:00,0.07, , ,COOP:180465,BALTIMORE WASHINGTON INTERNATIONAL AIRPORT MD US,39.17329,-76.68408,42
1/18/2011 3:00,0.05, , ,COOP:180465,BALTIMORE WASHINGTON INTERNATIONAL AIRPORT MD US,39.17329,-76.68408,42
1/18/2011 4:00,0.03, , ,COOP:180465,BALTIMORE WASHINGTON INTERNATIONAL AIRPORT MD US,39.17329,-76.68408,42
1/18/2011 5:00,0,T, ,COOP:180465,BALTIMORE WASHINGTON INTERNATIONAL AIRPORT MD US,39.17329,-76.68408,42
1/18/2011 6:00,0.02, , ,COOP:180465,BALTIMORE WASHINGTON INTERNATIONAL AIRPORT MD US,39.17329,-76.68408,42
1/18/2011 7:00,0.03, , ,COOP:180465,BALTIMORE WASHINGTON INTERNATIONAL AIRPORT MD US,39.17329,-76.68408,42
1/18/2011 8:00,0.01, , ,COOP:180465,BALTIMORE WASHINGTON INTERNATIONAL AIRPORT MD US,39.17329,-76.68408,42
1/18/2011 9:00,0,T, ,COOP:180465,BALTIMORE WASHINGTON INTERNATIONAL AIRPORT MD US,39.17329,-76.68408,42
1/18/2011 10:00,0,T, ,COOP:180465,BALTIMORE WASHINGTON INTERNATIONAL AIRPORT MD US,39.17329,-76.68408,42
1/19/2011 1:00,0,T, ,COOP:180465,BALTIMORE WASHINGTON INTERNATIONAL AIRPORT MD US,39.17329,-76.68408,42
1/19/2011 2:00,0.03, , ,COOP:180465,BALTIMORE WASHINGTON INTERNATIONAL AIRPORT MD US,39.17329,-76.68408,42
1/19/2011 3:00,0.02, , ,COOP:180465,BALTIMORE WASHINGTON INTERNATIONAL AIRPORT MD US,39.17329,-76.68408,42
1/19/2011 4:00,0,T, ,COOP:180465,BALTIMORE WASHINGTON INTERNATIONAL AIRPORT MD US,39.17329,-76.68408,42
1/21/2011 0:00,0,T, ,COOP:180465,BALTIMORE WASHINGTON INTERNATIONAL AIRPORT MD US,39.17329,-76.68408,42
1/21/2011 1:00,0,T, ,COOP:180465,BALTIMORE WASHINGTON INTERNATIONAL AIRPORT MD US,39.17329,-76.68408,42
1/21/2011 2:00,0.03, , ,COOP:180465,BALTIMORE WASHINGTON INTERNATIONAL AIRPORT MD US,39.17329,-76.68408,42
1/21/2011 3:00,0.03, , ,COOP:180465,BALTIMORE WASHINGTON INTERNATIONAL AIRPORT MD US,39.17329,-76.68408,42
1/21/2011 4:00,0,T, ,COOP:180465,BALTIMORE WASHINGTON INTERNATIONAL AIRPORT MD US,39.17329,-76.68408,42
1/21/2011 11:00,0,T, ,COOP:180465,BALTIMORE WASHINGTON INTERNATIONAL AIRPORT MD US,39.17329,-76.68408,42
1/26/2011 3:00,0,T, ,COOP:180465,BALTIMORE WASHINGTON INTERNATIONAL AIRPORT MD US,39.17329,-76.68408,42
1/26/2011 4:00,0.05, , ,COOP:180465,BALTIMORE WASHINGTON INTERNATIONAL AIRPORT MD US,39.17329,-76.68408,42
1/26/2011 5:00,0.07, , ,COOP:180465,BALTIMORE WASHINGTON INTERNATIONAL AIRPORT MD US,39.17329,-76.68408,42
1/26/2011 6:00,0.03, , ,COOP:180465,BALTIMORE WASHINGTON INTERNATIONAL AIRPORT MD US,39.17329,-76.68408,42
1/26/2011 7:00,0.1, , ,COOP:180465,BALTIMORE WASHINGTON INTERNATIONAL AIRPORT MD US,39.17329,-76.68408,42
1/26/2011 8:00,0.02, , ,COOP:180465,BALTIMORE WASHINGTON INTERNATIONAL AIRPORT MD US,39.17329,-76.68408,42
1/26/2011 9:00,0.08, , ,COOP:180465,BALTIMORE WASHINGTON INTERNATIONAL AIRPORT MD US,39.17329,-76.68408,42
1/26/2011 10:00,0.05, , ,COOP:180465,BALTIMORE WASHINGTON INTERNATIONAL AIRPORT MD US,39.17329,-76.68408,42
1/26/2011 11:00,0.01, , ,COOP:180465,BALTIMORE WASHINGTON INTERNATIONAL AIRPORT MD US,39.17329,-76.68408,42
1/26/2011 12:00,0.01, , ,COOP:180465,BALTIMORE WASHINGTON INTERNATIONAL AIRPORT MD US,39.17329,-76.68408,42
1/26/2011 13:00,0,T, ,COOP:180465,BALTIMORE WASHINGTON INTERNATIONAL AIRPORT MD US,39.17329,-76.68408,42
1/26/2011 14:00,0,T, ,COOP:180465,BALTIMORE WASHINGTON INTERNATIONAL AIRPORT MD US,39.17329,-76.68408,42
1/26/2011 15:00,0.02, , ,COOP:180465,BALTIMORE WASHINGTON INTERNATIONAL AIRPORT MD US,39.17329,-76.68408,42
1/26/2011 16:00,0.04, , ,COOP:180465,BALTIMORE WASHINGTON INTERNATIONAL AIRPORT MD US,39.17329,-76.68408,42
1/26/2011 17:00,0.25, , ,COOP:180465,BALTIMORE WASHINGTON INTERNATIONAL AIRPORT MD US,39.17329,-76.68408,42
1/26/2011 18:00,0.19, , ,COOP:180465,BALTIMORE WASHINGTON INTERNATIONAL AIRPORT MD US,39.17329,-76.68408,42
1/26/2011 19:00,0.21, , ,COOP:180465,BALTIMORE WASHINGTON INTERNATIONAL AIRPORT MD US,39.17329,-76.68408,42
1/26/2011 20:00,0.26, , ,COOP:180465,BALTIMORE WASHINGTON INTERNATIONAL AIRPORT MD US,39.17329,-76.68408,42
1/26/2011 21:00,0.3, , ,COOP:180465,BALTIMORE WASHINGTON INTERNATIONAL AIRPORT MD US,39.17329,-76.68408,42
1/26/2011 22:00,0.11, , ,COOP:180465,BALTIMORE WASHINGTON INTERNATIONAL AIRPORT MD US,39.17329,-76.68408,42
1/26/2011 23:00,0.02, , ,COOP:180465,BALTIMORE WASHINGTON INTERNATIONAL AIRPORT MD US,39.17329,-76.68408,42
1/27/2011 0:00,0,T, ,COOP:180465,BALTIMORE WASHINGTON INTERNATIONAL AIRPORT MD US,39.17329,-76.68408,42
1/27/2011 1:00,0,T, ,COOP:180465,BALTIMORE WASHINGTON INTERNATIONAL AIRPORT MD US,39.17329,-76.68408,42
1/28/2011 10:00,0,T, ,COOP:180465,BALTIMORE WASHINGTON INTERNATIONAL AIRPORT MD US,39.17329,-76.68408,42
1/28/2011 11:00,0.01, , ,COOP:180465,BALTIMORE WASHINGTON INTERNATIONAL AIRPORT MD US,39.17329,-76.68408,42
1/28/2011 12:00,0.02, , ,COOP:180465,BALTIMORE WASHINGTON INTERNATIONAL AIRPORT MD US,39.17329,-76.68408,42
1/28/2011 13:00,0.02, , ,COOP:180465,BALTIMORE WASHINGTON INTERNATIONAL AIRPORT MD US,39.17329,-76.68408,42
1/28/2011 14:00,0,T, ,COOP:180465,BALTIMORE WASHINGTON INTERNATIONAL AIRPORT MD US,39.17329,-76.68408,42
1/28/2011 15:00,0.01, , ,COOP:180465,BALTIMORE WASHINGTON INTERNATIONAL AIRPORT MD US,39.17329,-76.68408,42
1/28/2011 16:00,0,T, ,COOP:180465,BALTIMORE WASHINGTON INTERNATIONAL AIRPORT MD US,39.17329,-76.68408,42
1/29/2011 15:00,0,T, ,COOP:180465,BALTIMORE WASHINGTON INTERNATIONAL AIRPORT MD US,39.17329,-76.68408,42
1/31/2011 20:00,0,T, ,COOP:180465,BALTIMORE WASHINGTON INTERNATIONAL AIRPORT MD US,39.17329,-76.68408,42
1/31/2011 21:00,0,T, ,COOP:180465,BALTIMORE WASHINGTON INTERNATIONAL AIRPORT MD US,39.17329,-76.68408,42
1/31/2011 22:00,0,T, ,COOP:180465,BALTIMORE WASHINGTON INTERNATIONAL AIRPORT MD US,39.17329,-76.68408,42
2/1/2011 0:00,0,T, ,COOP:180465,BALTIMORE WASHINGTON INTERNATIONAL AIRPORT MD US,39.17329,-76.68408,42
2/1/2011 1:00,0,g, ,COOP:180465,BALTIMORE WASHINGTON INTERNATIONAL AIRPORT MD US,39.17329,-76.68408,42
2/1/2011 2:00,0,T, ,COOP:180465,BALTIMORE WASHINGTON INTERNATIONAL AIRPORT MD US,39.17329,-76.68408,42
2/1/2011 3:00,0,T, ,COOP:180465,BALTIMORE WASHINGTON INTERNATIONAL AIRPORT MD US,39.17329,-76.68408,42
2/1/2011 4:00,0,T, ,COOP:180465,BALTIMORE WASHINGTON INTERNATIONAL AIRPORT MD US,39.17329,-76.68408,42
2/1/2011 5:00,0,T, ,COOP:180465,BALTIMORE WASHINGTON INTERNATIONAL AIRPORT MD US,39.17329,-76.68408,42
2/1/2011 6:00,0,T, ,COOP:180465,BALTIMORE WASHINGTON INTERNATIONAL AIRPORT MD US,39.17329,-76.68408,42
2/1/2011 7:00,0,T, ,COOP:180465,BALTIMORE WASHINGTON INTERNATIONAL AIRPORT MD US,39.17329,-76.68408,42
2/1/2011 8:00,0,T, ,COOP:180465,BALTIMORE WASHINGTON INTERNATIONAL AIRPORT MD US,39.17329,-76.68408,42
2/1/2011 9:00,0,T, ,COOP:180465,BALTIMORE WASHINGTON INTERNATIONAL AIRPORT MD US,39.17329,-76.68408,42
2/1/2011 10:00,0,T, ,COOP:180465,BALTIMORE WASHINGTON INTERNATIONAL AIRPORT MD US,39.17329,-76.68408,42
2/1/2011 11:00,0,T, ,COOP:180465,BALTIMORE WASHINGTON INTERNATIONAL AIRPORT MD US,39.17329,-76.68408,42
2/1/2011 12:00,0,T, ,COOP:180465,BALTIMORE WASHINGTON INTERNATIONAL AIRPORT MD US,39.17329,-76.68408,42
2/1/2011 21:00,0,T, ,COOP:180465,BALTIMORE WASHINGTON INTERNATIONAL AIRPORT MD US,39.17329,-76.68408,42
2/1/2011 22:00,0.01, , ,COOP:180465,BALTIMORE WASHINGTON INTERNATIONAL AIRPORT MD US,39.17329,-76.68408,42
2/1/2011 23:00,0.03, , ,COOP:180465,BALTIMORE WASHINGTON INTERNATIONAL AIRPORT MD US,39.17329,-76.68408,42
2/2/2011 0:00,0.08, , ,COOP:180465,BALTIMORE WASHINGTON INTERNATIONAL AIRPORT MD US,39.17329,-76.68408,42
2/2/2011 1:00,0.1, , ,COOP:180465,BALTIMORE WASHINGTON INTERNATIONAL AIRPORT MD US,39.17329,-76.68408,42
2/2/2011 2:00,0.23, , ,COOP:180465,BALTIMORE WASHINGTON INTERNATIONAL AIRPORT MD US,39.17329,-76.68408,42
2/2/2011 3:00,0.17, , ,COOP:180465,BALTIMORE WASHINGTON INTERNATIONAL AIRPORT MD US,39.17329,-76.68408,42
2/2/2011 4:00,0.11, , ,COOP:180465,BALTIMORE WASHINGTON INTERNATIONAL AIRPORT MD US,39.17329,-76.68408,42
2/2/2011 5:00,0,T, ,COOP:180465,BALTIMORE WASHINGTON INTERNATIONAL AIRPORT MD US,39.17329,-76.68408,42
2/2/2011 6:00,0.04, , ,COOP:180465,BALTIMORE WASHINGTON INTERNATIONAL AIRPORT MD US,39.17329,-76.68408,42
2/2/2011 7:00,0.02, , ,COOP:180465,BALTIMORE WASHINGTON INTERNATIONAL AIRPORT MD US,39.17329,-76.68408,42
2/2/2011 8:00,0.02, , ,COOP:180465,BALTIMORE WASHINGTON INTERNATIONAL AIRPORT MD US,39.17329,-76.68408,42
2/2/2011 9:00,0,T, ,COOP:180465,BALTIMORE WASHINGTON INTERNATIONAL AIRPORT MD US,39.17329,-76.68408,42
2/2/2011 10:00,0,T, ,COOP:180465,BALTIMORE WASHINGTON INTERNATIONAL AIRPORT MD US,39.17329,-76.68408,42
2/5/2011 1:00,0,T, ,COOP:180465,BALTIMORE WASHINGTON INTERNATIONAL AIRPORT MD US,39.17329,-76.68408,42
2/5/2011 2:00,0,T, ,COOP:180465,BALTIMORE WASHINGTON INTERNATIONAL AIRPORT MD US,39.17329,-76.68408,42
2/5/2011 3:00,0.01, , ,COOP:180465,BALTIMORE WASHINGTON INTERNATIONAL AIRPORT MD US,39.17329,-76.68408,42
2/5/2011 4:00,0.01, , ,COOP:180465,BALTIMORE WASHINGTON INTERNATIONAL AIRPORT MD US,39.17329,-76.68408,42
2/5/2011 5:00,0,T, ,COOP:180465,BALTIMORE WASHINGTON INTERNATIONAL AIRPORT MD US,39.17329,-76.68408,42
2/5/2011 6:00,0.02, , ,COOP:180465,BALTIMORE WASHINGTON INTERNATIONAL AIRPORT MD US,39.17329,-76.68408,42
2/5/2011 7:00,0.02, , ,COOP:180465,BALTIMORE WASHINGTON INTERNATIONAL AIRPORT MD US,39.17329,-76.68408,42
2/5/2011 8:00,0.01, , ,COOP:180465,BALTIMORE WASHINGTON INTERNATIONAL AIRPORT MD US,39.17329,-76.68408,42
2/5/2011 9:00,0.02, , ,COOP:180465,BALTIMORE WASHINGTON INTERNATIONAL AIRPORT MD US,39.17329,-76.68408,42
2/5/2011 10:00,0.04, , ,COOP:180465,BALTIMORE WASHINGTON INTERNATIONAL AIRPORT MD US,39.17329,-76.68408,42
2/5/2011 11:00,0.05, , ,COOP:180465,BALTIMORE WASHINGTON INTERNATIONAL AIRPORT MD US,39.17329,-76.68408,42
2/5/2011 12:00,0.02, , ,COOP:180465,BALTIMORE WASHINGTON INTERNATIONAL AIRPORT MD US,39.17329,-76.68408,42
2/5/2011 13:00,0.01, , ,COOP:180465,BALTIMORE WASHINGTON INTERNATIONAL AIRPORT MD US,39.17329,-76.68408,42
2/5/2011 14:00,0.01, , ,COOP:180465,BALTIMORE WASHINGTON INTERNATIONAL AIRPORT MD US,39.17329,-76.68408,42
2/5/2011 15:00,0.01, , ,COOP:180465,BALTIMORE WASHINGTON INTERNATIONAL AIRPORT MD US,39.17329,-76.68408,42
2/5/2011 16:00,0,T, ,COOP:180465,BALTIMORE WASHINGTON INTERNATIONAL AIRPORT MD US,39.17329,-76.68408,42
2/5/2011 17:00,0,T, ,COOP:180465,BALTIMORE WASHINGTON INTERNATIONAL AIRPORT MD US,39.17329,-76.68408,42
2/5/2011 19:00,0,T, ,COOP:180465,BALTIMORE WASHINGTON INTERNATIONAL AIRPORT MD US,39.17329,-76.68408,42
2/5/2011 20:00,0,T, ,COOP:180465,BALTIMORE WASHINGTON INTERNATIONAL AIRPORT MD US,39.17329,-76.68408,42
2/7/2011 20:00,0,T, ,COOP:180465,BALTIMORE WASHINGTON INTERNATIONAL AIRPORT MD US,39.17329,-76.68408,42
2/7/2011 21:00,0,T, ,COOP:180465,BALTIMORE WASHINGTON INTERNATIONAL AIRPORT MD US,39.17329,-76.68408,42
2/8/2011 3:00,0,T, ,COOP:180465,BALTIMORE WASHINGTON INTERNATIONAL AIRPORT MD US,39.17329,-76.68408,42
2/8/2011 4:00,0,T, ,COOP:180465,BALTIMORE WASHINGTON INTERNATIONAL AIRPORT MD US,39.17329,-76.68408,42
2/9/2011 20:00,0,T, ,COOP:180465,BALTIMORE WASHINGTON INTERNATIONAL AIRPORT MD US,39.17329,-76.68408,42
2/9/2011 21:00,0,T, ,COOP:180465,BALTIMORE WASHINGTON INTERNATIONAL AIRPORT MD US,39.17329,-76.68408,42
2/9/2011 22:00,0,T, ,COOP:180465,BALTIMORE WASHINGTON INTERNATIONAL AIRPORT MD US,39.17329,-76.68408,42
2/9/2011 23:00,0,T, ,COOP:180465,BALTIMORE WASHINGTON INTERNATIONAL AIRPORT MD US,39.17329,-76.68408,42
2/10/2011 0:00,0,T, ,COOP:180465,BALTIMORE WASHINGTON INTERNATIONAL AIRPORT MD US,39.17329,-76.68408,42
2/10/2011 1:00,0,T, ,COOP:180465,BALTIMORE WASHINGTON INTERNATIONAL AIRPORT MD US,39.17329,-76.68408,42
2/20/2011 21:00,0.03, , ,COOP:180465,BALTIMORE WASHINGTON INTERNATIONAL AIRPORT MD US,39.17329,-76.68408,42
2/20/2011 22:00,0,T, ,COOP:180465,BALTIMORE WASHINGTON INTERNATIONAL AIRPORT MD US,39.17329,-76.68408,42
2/20/2011 23:00,0,T, ,COOP:180465,BALTIMORE WASHINGTON INTERNATIONAL AIRPORT MD US,39.17329,-76.68408,42
2/21/2011 0:00,0,T, ,COOP:180465,BALTIMORE WASHINGTON INTERNATIONAL AIRPORT MD US,39.17329,-76.68408,42
2/21/2011 6:00,0,T, ,COOP:180465,BALTIMORE WASHINGTON INTERNATIONAL AIRPORT MD US,39.17329,-76.68408,42
2/21/2011 11:00,0,T, ,COOP:180465,BALTIMORE WASHINGTON INTERNATIONAL AIRPORT MD US,39.17329,-76.68408,42
2/21/2011 12:00,0,T, ,COOP:180465,BALTIMORE WASHINGTON INTERNATIONAL AIRPORT MD US,39.17329,-76.68408,42
2/21/2011 17:00,0,T, ,COOP:180465,BALTIMORE WASHINGTON INTERNATIONAL AIRPORT MD US,39.17329,-76.68408,42
2/21/2011 18:00,0,T, ,COOP:180465,BALTIMORE WASHINGTON INTERNATIONAL AIRPORT MD US,39.17329,-76.68408,42
2/21/2011 19:00,0,T, ,COOP:180465,BALTIMORE WASHINGTON INTERNATIONAL AIRPORT MD US,39.17329,-76.68408,42
2/21/2011 20:00,0,T, ,COOP:180465,BALTIMORE WASHINGTON INTERNATIONAL AIRPORT MD US,39.17329,-76.68408,42
2/21/2011 21:00,0.02, , ,COOP:180465,BALTIMORE WASHINGTON INTERNATIONAL AIRPORT MD US,39.17329,-76.68408,42
2/21/2011 22:00,0.07, , ,COOP:180465,BALTIMORE WASHINGTON INTERNATIONAL AIRPORT MD US,39.17329,-76.68408,42
2/21/2011 23:00,0.11, , ,COOP:180465,BALTIMORE WASHINGTON INTERNATIONAL AIRPORT MD US,39.17329,-76.68408,42
2/22/2011 0:00,0.07, , ,COOP:180465,BALTIMORE WASHINGTON INTERNATIONAL AIRPORT MD US,39.17329,-76.68408,42
2/22/2011 1:00,0.13, , ,COOP:180465,BALTIMORE WASHINGTON INTERNATIONAL AIRPORT MD US,39.17329,-76.68408,42
2/22/2011 2:00,0.1, , ,COOP:180465,BALTIMORE WASHINGTON INTERNATIONAL AIRPORT MD US,39.17329,-76.68408,42
2/22/2011 3:00,0.04, , ,COOP:180465,BALTIMORE WASHINGTON INTERNATIONAL AIRPORT MD US,39.17329,-76.68408,42
2/22/2011 4:00,0.02, , ,COOP:180465,BALTIMORE WASHINGTON INTERNATIONAL AIRPORT MD US,39.17329,-76.68408,42
2/22/2011 5:00,0.03, , ,COOP:180465,BALTIMORE WASHINGTON INTERNATIONAL AIRPORT MD US,39.17329,-76.68408,42
2/22/2011 6:00,0,T, ,COOP:180465,BALTIMORE WASHINGTON INTERNATIONAL AIRPORT MD US,39.17329,-76.68408,42
2/24/2011 17:00,0,T, ,COOP:180465,BALTIMORE WASHINGTON INTERNATIONAL AIRPORT MD US,39.17329,-76.68408,42
2/24/2011 18:00,0,T, ,COOP:180465,BALTIMORE WASHINGTON INTERNATIONAL AIRPORT MD US,39.17329,-76.68408,42
2/24/2011 19:00,0,T, ,COOP:180465,BALTIMORE WASHINGTON INTERNATIONAL AIRPORT MD US,39.17329,-76.68408,42
2/24/2011 20:00,0,T, ,COOP:180465,BALTIMORE WASHINGTON INTERNATIONAL AIRPORT MD US,39.17329,-76.68408,42
2/24/2011 23:00,0,T, ,COOP:180465,BALTIMORE WASHINGTON INTERNATIONAL AIRPORT MD US,39.17329,-76.68408,42
2/25/2011 0:00,0.02, , ,COOP:180465,BALTIMORE WASHINGTON INTERNATIONAL AIRPORT MD US,39.17329,-76.68408,42
2/25/2011 1:00,0.06, , ,COOP:180465,BALTIMORE WASHINGTON INTERNATIONAL AIRPORT MD US,39.17329,-76.68408,42
2/25/2011 2:00,0.03, , ,COOP:180465,BALTIMORE WASHINGTON INTERNATIONAL AIRPORT MD US,39.17329,-76.68408,42
2/25/2011 3:00,0,T, ,COOP:180465,BALTIMORE WASHINGTON INTERNATIONAL AIRPORT MD US,39.17329,-76.68408,42
2/25/2011 5:00,0,T, ,COOP:180465,BALTIMORE WASHINGTON INTERNATIONAL AIRPORT MD US,39.17329,-76.68408,42
2/25/2011 6:00,0.01, , ,COOP:180465,BALTIMORE WASHINGTON INTERNATIONAL AIRPORT MD US,39.17329,-76.68408,42
2/25/2011 7:00,0.14, , ,COOP:180465,BALTIMORE WASHINGTON INTERNATIONAL AIRPORT MD US,39.17329,-76.68408,42
2/25/2011 8:00,0.09, , ,COOP:180465,BALTIMORE WASHINGTON INTERNATIONAL AIRPORT MD US,39.17329,-76.68408,42
2/25/2011 9:00,0.04, , ,COOP:180465,BALTIMORE WASHINGTON INTERNATIONAL AIRPORT MD US,39.17329,-76.68408,42
2/25/2011 10:00,0.01, , ,COOP:180465,BALTIMORE WASHINGTON INTERNATIONAL AIRPORT MD US,39.17329,-76.68408,42
2/25/2011 11:00,0.01, , ,COOP:180465,BALTIMORE WASHINGTON INTERNATIONAL AIRPORT MD US,39.17329,-76.68408,42
2/25/2011 14:00,0.12, , ,COOP:180465,BALTIMORE WASHINGTON INTERNATIONAL AIRPORT MD US,39.17329,-76.68408,42
2/28/2011 1:00,0,T, ,COOP:180465,BALTIMORE WASHINGTON INTERNATIONAL AIRPORT MD US,39.17329,-76.68408,42
2/28/2011 2:00,0.13, , ,COOP:180465,BALTIMORE WASHINGTON INTERNATIONAL AIRPORT MD US,39.17329,-76.68408,42
2/28/2011 3:00,0.03, , ,COOP:180465,BALTIMORE WASHINGTON INTERNATIONAL AIRPORT MD US,39.17329,-76.68408,42
2/28/2011 4:00,0,T, ,COOP:180465,BALTIMORE WASHINGTON INTERNATIONAL AIRPORT MD US,39.17329,-76.68408,42
2/28/2011 7:00,0,T, ,COOP:180465,BALTIMORE WASHINGTON INTERNATIONAL AIRPORT MD US,39.17329,-76.68408,42
2/28/2011 13:00,0.04, , ,COOP:180465,BALTIMORE WASHINGTON INTERNATIONAL AIRPORT MD US,39.17329,-76.68408,42
2/28/2011 14:00,0.09, , ,COOP:180465,BALTIMORE WASHINGTON INTERNATIONAL AIRPORT MD US,39.17329,-76.68408,42
2/28/2011 15:00,0.06, , ,COOP:180465,BALTIMORE WASHINGTON INTERNATIONAL AIRPORT MD US,39.17329,-76.68408,42
2/28/2011 16:00,0.07, , ,COOP:180465,BALTIMORE WASHINGTON INTERNATIONAL AIRPORT MD US,39.17329,-76.68408,42
2/28/2011 17:00,0.04, , ,COOP:180465,BALTIMORE WASHINGTON INTERNATIONAL AIRPORT MD US,39.17329,-76.68408,42
2/28/2011 18:00,0.03, , ,COOP:180465,BALTIMORE WASHINGTON INTERNATIONAL AIRPORT MD US,39.17329,-76.68408,42
2/28/2011 19:00,0.01, , ,COOP:180465,BALTIMORE WASHINGTON INTERNATIONAL AIRPORT MD US,39.17329,-76.68408,42
2/28/2011 20:00,0,T, ,COOP:180465,BALTIMORE WASHINGTON INTERNATIONAL AIRPORT MD US,39.17329,-76.68408,42
2/28/2011 21:00,0,T, ,COOP:180465,BALTIMORE WASHINGTON INTERNATIONAL AIRPORT MD US,39.17329,-76.68408,42
2/28/2011 22:00,0,T, ,COOP:180465,BALTIMORE WASHINGTON INTERNATIONAL AIRPORT MD US,39.17329,-76.68408,42
3/1/2011 1:00,0,g, ,COOP:180465,BALTIMORE WASHINGTON INTERNATIONAL AIRPORT MD US,39.17329,-76.68408,42
3/6/2011 3:00,0,T, ,COOP:180465,BALTIMORE WASHINGTON INTERNATIONAL AIRPORT MD US,39.17329,-76.68408,42
3/6/2011 4:00,0.01, , ,COOP:180465,BALTIMORE WASHINGTON INTERNATIONAL AIRPORT MD US,39.17329,-76.68408,42
3/6/2011 7:00,0,T, ,COOP:180465,BALTIMORE WASHINGTON INTERNATIONAL AIRPORT MD US,39.17329,-76.68408,42
3/6/2011 8:00,0.07, , ,COOP:180465,BALTIMORE WASHINGTON INTERNATIONAL AIRPORT MD US,39.17329,-76.68408,42
3/6/2011 9:00,0.05, , ,COOP:180465,BALTIMORE WASHINGTON INTERNATIONAL AIRPORT MD US,39.17329,-76.68408,42
3/6/2011 10:00,0,T, ,COOP:180465,BALTIMORE WASHINGTON INTERNATIONAL AIRPORT MD US,39.17329,-76.68408,42
3/6/2011 11:00,0,T, ,COOP:180465,BALTIMORE WASHINGTON INTERNATIONAL AIRPORT MD US,39.17329,-76.68408,42
3/6/2011 12:00,0.01, , ,COOP:180465,BALTIMORE WASHINGTON INTERNATIONAL AIRPORT MD US,39.17329,-76.68408,42
3/6/2011 14:00,0.02, , ,COOP:180465,BALTIMORE WASHINGTON INTERNATIONAL AIRPORT MD US,39.17329,-76.68408,42
3/6/2011 15:00,0.04, , ,COOP:180465,BALTIMORE WASHINGTON INTERNATIONAL AIRPORT MD US,39.17329,-76.68408,42
3/6/2011 16:00,0.11, , ,COOP:180465,BALTIMORE WASHINGTON INTERNATIONAL AIRPORT MD US,39.17329,-76.68408,42
3/6/2011 17:00,0.39, , ,COOP:180465,BALTIMORE WASHINGTON INTERNATIONAL AIRPORT MD US,39.17329,-76.68408,42
3/6/2011 18:00,0.11, , ,COOP:180465,BALTIMORE WASHINGTON INTERNATIONAL AIRPORT MD US,39.17329,-76.68408,42
3/6/2011 19:00,0.02, , ,COOP:180465,BALTIMORE WASHINGTON INTERNATIONAL AIRPORT MD US,39.17329,-76.68408,42
3/6/2011 20:00,0.03, , ,COOP:180465,BALTIMORE WASHINGTON INTERNATIONAL AIRPORT MD US,39.17329,-76.68408,42
3/6/2011 21:00,0.01, , ,COOP:180465,BALTIMORE WASHINGTON INTERNATIONAL AIRPORT MD US,39.17329,-76.68408,42
3/6/2011 22:00,0.17, , ,COOP:180465,BALTIMORE WASHINGTON INTERNATIONAL AIRPORT MD US,39.17329,-76.68408,42
3/6/2011 23:00,0.01, , ,COOP:180465,BALTIMORE WASHINGTON INTERNATIONAL AIRPORT MD US,39.17329,-76.68408,42
3/7/2011 0:00,0,T, ,COOP:180465,BALTIMORE WASHINGTON INTERNATIONAL AIRPORT MD US,39.17329,-76.68408,42
3/7/2011 1:00,0,T, ,COOP:180465,BALTIMORE WASHINGTON INTERNATIONAL AIRPORT MD US,39.17329,-76.68408,42
3/7/2011 2:00,0.01, , ,COOP:180465,BALTIMORE WASHINGTON INTERNATIONAL AIRPORT MD US,39.17329,-76.68408,42
3/7/2011 3:00,0,T, ,COOP:180465,BALTIMORE WASHINGTON INTERNATIONAL AIRPORT MD US,39.17329,-76.68408,42
3/9/2011 21:00,0,T, ,COOP:180465,BALTIMORE WASHINGTON INTERNATIONAL AIRPORT MD US,39.17329,-76.68408,42
3/9/2011 22:00,0,T, ,COOP:180465,BALTIMORE WASHINGTON INTERNATIONAL AIRPORT MD US,39.17329,-76.68408,42
3/9/2011 23:00,0,T, ,COOP:180465,BALTIMORE WASHINGTON INTERNATIONAL AIRPORT MD US,39.17329,-76.68408,42
3/10/2011 0:00,0.02, , ,COOP:180465,BALTIMORE WASHINGTON INTERNATIONAL AIRPORT MD US,39.17329,-76.68408,42
3/10/2011 1:00,0.08, , ,COOP:180465,BALTIMORE WASHINGTON INTERNATIONAL AIRPORT MD US,39.17329,-76.68408,42
3/10/2011 2:00,0.09, , ,COOP:180465,BALTIMORE WASHINGTON INTERNATIONAL AIRPORT MD US,39.17329,-76.68408,42
3/10/2011 3:00,0.04, , ,COOP:180465,BALTIMORE WASHINGTON INTERNATIONAL AIRPORT MD US,39.17329,-76.68408,42
3/10/2011 4:00,0.09, , ,COOP:180465,BALTIMORE WASHINGTON INTERNATIONAL AIRPORT MD US,39.17329,-76.68408,42
3/10/2011 5:00,0.09, , ,COOP:180465,BALTIMORE WASHINGTON INTERNATIONAL AIRPORT MD US,39.17329,-76.68408,42
3/10/2011 6:00,0.1, , ,COOP:180465,BALTIMORE WASHINGTON INTERNATIONAL AIRPORT MD US,39.17329,-76.68408,42
3/10/2011 7:00,0.11, , ,COOP:180465,BALTIMORE WASHINGTON INTERNATIONAL AIRPORT MD US,39.17329,-76.68408,42
3/10/2011 8:00,0.06, , ,COOP:180465,BALTIMORE WASHINGTON INTERNATIONAL AIRPORT MD US,39.17329,-76.68408,42
3/10/2011 9:00,0.09, , ,COOP:180465,BALTIMORE WASHINGTON INTERNATIONAL AIRPORT MD US,39.17329,-76.68408,42
3/10/2011 10:00,0.16, , ,COOP:180465,BALTIMORE WASHINGTON INTERNATIONAL AIRPORT MD US,39.17329,-76.68408,42
3/10/2011 11:00,0.26, , ,COOP:180465,BALTIMORE WASHINGTON INTERNATIONAL AIRPORT MD US,39.17329,-76.68408,42
3/10/2011 12:00,0.21, , ,COOP:180465,BALTIMORE WASHINGTON INTERNATIONAL AIRPORT MD US,39.17329,-76.68408,42
3/10/2011 13:00,0.21, , ,COOP:180465,BALTIMORE WASHINGTON INTERNATIONAL AIRPORT MD US,39.17329,-76.68408,42
3/10/2011 14:00,0.19, , ,COOP:180465,BALTIMORE WASHINGTON INTERNATIONAL AIRPORT MD US,39.17329,-76.68408,42
3/10/2011 15:00,0.35, , ,COOP:180465,BALTIMORE WASHINGTON INTERNATIONAL AIRPORT MD US,39.17329,-76.68408,42
3/10/2011 16:00,0.17, , ,COOP:180465,BALTIMORE WASHINGTON INTERNATIONAL AIRPORT MD US,39.17329,-76.68408,42
3/10/2011 17:00,0.2, , ,COOP:180465,BALTIMORE WASHINGTON INTERNATIONAL AIRPORT MD US,39.17329,-76.68408,42
3/10/2011 18:00,0,T, ,COOP:180465,BALTIMORE WASHINGTON INTERNATIONAL AIRPORT MD US,39.17329,-76.68408,42
3/10/2011 19:00,0.07, , ,COOP:180465,BALTIMORE WASHINGTON INTERNATIONAL AIRPORT MD US,39.17329,-76.68408,42
3/10/2011 20:00,0,T, ,COOP:180465,BALTIMORE WASHINGTON INTERNATIONAL AIRPORT MD US,39.17329,-76.68408,42
3/10/2011 21:00,0,T, ,COOP:180465,BALTIMORE WASHINGTON INTERNATIONAL AIRPORT MD US,39.17329,-76.68408,42
3/10/2011 22:00,0.01, , ,COOP:180465,BALTIMORE WASHINGTON INTERNATIONAL AIRPORT MD US,39.17329,-76.68408,42
3/10/2011 23:00,0.03, , ,COOP:180465,BALTIMORE WASHINGTON INTERNATIONAL AIRPORT MD US,39.17329,-76.68408,42
3/11/2011 0:00,0,T, ,COOP:180465,BALTIMORE WASHINGTON INTERNATIONAL AIRPORT MD US,39.17329,-76.68408,42
3/11/2011 2:00,0,T, ,COOP:180465,BALTIMORE WASHINGTON INTERNATIONAL AIRPORT MD US,39.17329,-76.68408,42
3/11/2011 3:00,0,T, ,COOP:180465,BALTIMORE WASHINGTON INTERNATIONAL AIRPORT MD US,39.17329,-76.68408,42
3/11/2011 4:00,0,T, ,COOP:180465,BALTIMORE WASHINGTON INTERNATIONAL AIRPORT MD US,39.17329,-76.68408,42
3/15/2011 17:00,0,T, ,COOP:180465,BALTIMORE WASHINGTON INTERNATIONAL AIRPORT MD US,39.17329,-76.68408,42
3/15/2011 18:00,0,T, ,COOP:180465,BALTIMORE WASHINGTON INTERNATIONAL AIRPORT MD US,39.17329,-76.68408,42
3/15/2011 21:00,0.03, , ,COOP:180465,BALTIMORE WASHINGTON INTERNATIONAL AIRPORT MD US,39.17329,-76.68408,42
3/15/2011 22:00,0.04, , ,COOP:180465,BALTIMORE WASHINGTON INTERNATIONAL AIRPORT MD US,39.17329,-76.68408,42
3/15/2011 23:00,0.05, , ,COOP:180465,BALTIMORE WASHINGTON INTERNATIONAL AIRPORT MD US,39.17329,-76.68408,42
3/16/2011 0:00,0.01, , ,COOP:180465,BALTIMORE WASHINGTON INTERNATIONAL AIRPORT MD US,39.17329,-76.68408,42
3/16/2011 1:00,0.3, , ,COOP:180465,BALTIMORE WASHINGTON INTERNATIONAL AIRPORT MD US,39.17329,-76.68408,42
3/16/2011 2:00,0.12, , ,COOP:180465,BALTIMORE WASHINGTON INTERNATIONAL AIRPORT MD US,39.17329,-76.68408,42
3/16/2011 3:00,0.05, , ,COOP:180465,BALTIMORE WASHINGTON INTERNATIONAL AIRPORT MD US,39.17329,-76.68408,42
3/16/2011 4:00,0,T, ,COOP:180465,BALTIMORE WASHINGTON INTERNATIONAL AIRPORT MD US,39.17329,-76.68408,42
3/16/2011 6:00,0,T, ,COOP:180465,BALTIMORE WASHINGTON INTERNATIONAL AIRPORT MD US,39.17329,-76.68408,42
3/16/2011 7:00,0,T, ,COOP:180465,BALTIMORE WASHINGTON INTERNATIONAL AIRPORT MD US,39.17329,-76.68408,42
3/21/2011 0:00,0,T, ,COOP:180465,BALTIMORE WASHINGTON INTERNATIONAL AIRPORT MD US,39.17329,-76.68408,42
3/21/2011 1:00,0,T, ,COOP:180465,BALTIMORE WASHINGTON INTERNATIONAL AIRPORT MD US,39.17329,-76.68408,42
3/21/2011 2:00,0,T, ,COOP:180465,BALTIMORE WASHINGTON INTERNATIONAL AIRPORT MD US,39.17329,-76.68408,42
3/21/2011 6:00,0,T, ,COOP:180465,BALTIMORE WASHINGTON INTERNATIONAL AIRPORT MD US,39.17329,-76.68408,42
3/21/2011 7:00,0.19, , ,COOP:180465,BALTIMORE WASHINGTON INTERNATIONAL AIRPORT MD US,39.17329,-76.68408,42
3/21/2011 8:00,0.02, , ,COOP:180465,BALTIMORE WASHINGTON INTERNATIONAL AIRPORT MD US,39.17329,-76.68408,42
3/22/2011 21:00,0,T, ,COOP:180465,BALTIMORE WASHINGTON INTERNATIONAL AIRPORT MD US,39.17329,-76.68408,42
3/22/2011 22:00,0,T, ,COOP:180465,BALTIMORE WASHINGTON INTERNATIONAL AIRPORT MD US,39.17329,-76.68408,42
3/22/2011 23:00,0.02, , ,COOP:180465,BALTIMORE WASHINGTON INTERNATIONAL AIRPORT MD US,39.17329,-76.68408,42
3/23/2011 0:00,0.01, , ,COOP:180465,BALTIMORE WASHINGTON INTERNATIONAL AIRPORT MD US,39.17329,-76.68408,42
3/23/2011 1:00,0.01, , ,COOP:180465,BALTIMORE WASHINGTON INTERNATIONAL AIRPORT MD US,39.17329,-76.68408,42
3/23/2011 2:00,0,T, ,COOP:180465,BALTIMORE WASHINGTON INTERNATIONAL AIRPORT MD US,39.17329,-76.68408,42
3/23/2011 3:00,0,T, ,COOP:180465,BALTIMORE WASHINGTON INTERNATIONAL AIRPORT MD US,39.17329,-76.68408,42
3/23/2011 4:00,0.02, , ,COOP:180465,BALTIMORE WASHINGTON INTERNATIONAL AIRPORT MD US,39.17329,-76.68408,42
3/23/2011 5:00,0.01, , ,COOP:180465,BALTIMORE WASHINGTON INTERNATIONAL AIRPORT MD US,39.17329,-76.68408,42
3/23/2011 6:00,0,T, ,COOP:180465,BALTIMORE WASHINGTON INTERNATIONAL AIRPORT MD US,39.17329,-76.68408,42
3/23/2011 7:00,0,T, ,COOP:180465,BALTIMORE WASHINGTON INTERNATIONAL AIRPORT MD US,39.17329,-76.68408,42
3/23/2011 8:00,0,T, ,COOP:180465,BALTIMORE WASHINGTON INTERNATIONAL AIRPORT MD US,39.17329,-76.68408,42
3/23/2011 13:00,0,T, ,COOP:180465,BALTIMORE WASHINGTON INTERNATIONAL AIRPORT MD US,39.17329,-76.68408,42
3/23/2011 14:00,0,T, ,COOP:180465,BALTIMORE WASHINGTON INTERNATIONAL AIRPORT MD US,39.17329,-76.68408,42
3/23/2011 15:00,0,T, ,COOP:180465,BALTIMORE WASHINGTON INTERNATIONAL AIRPORT MD US,39.17329,-76.68408,42
3/23/2011 16:00,0,T, ,COOP:180465,BALTIMORE WASHINGTON INTERNATIONAL AIRPORT MD US,39.17329,-76.68408,42
3/23/2011 17:00,0,T, ,COOP:180465,BALTIMORE WASHINGTON INTERNATIONAL AIRPORT MD US,39.17329,-76.68408,42
3/23/2011 18:00,0,T, ,COOP:180465,BALTIMORE WASHINGTON INTERNATIONAL AIRPORT MD US,39.17329,-76.68408,42
3/23/2011 19:00,0,T, ,COOP:180465,BALTIMORE WASHINGTON INTERNATIONAL AIRPORT MD US,39.17329,-76.68408,42
3/23/2011 20:00,0.05, , ,COOP:180465,BALTIMORE WASHINGTON INTERNATIONAL AIRPORT MD US,39.17329,-76.68408,42
3/23/2011 21:00,0.15, , ,COOP:180465,BALTIMORE WASHINGTON INTERNATIONAL AIRPORT MD US,39.17329,-76.68408,42
3/23/2011 22:00,0.04, , ,COOP:180465,BALTIMORE WASHINGTON INTERNATIONAL AIRPORT MD US,39.17329,-76.68408,42
3/24/2011 3:00,0,T, ,COOP:180465,BALTIMORE WASHINGTON INTERNATIONAL AIRPORT MD US,39.17329,-76.68408,42
3/24/2011 4:00,0,T, ,COOP:180465,BALTIMORE WASHINGTON INTERNATIONAL AIRPORT MD US,39.17329,-76.68408,42
3/24/2011 5:00,0,T, ,COOP:180465,BALTIMORE WASHINGTON INTERNATIONAL AIRPORT MD US,39.17329,-76.68408,42
3/24/2011 6:00,0,T, ,COOP:180465,BALTIMORE WASHINGTON INTERNATIONAL AIRPORT MD US,39.17329,-76.68408,42
3/24/2011 8:00,0.02, , ,COOP:180465,BALTIMORE WASHINGTON INTERNATIONAL AIRPORT MD US,39.17329,-76.68408,42
3/24/2011 9:00,0,T, ,COOP:180465,BALTIMORE WASHINGTON INTERNATIONAL AIRPORT MD US,39.17329,-76.68408,42
3/24/2011 10:00,0,T, ,COOP:180465,BALTIMORE WASHINGTON INTERNATIONAL AIRPORT MD US,39.17329,-76.68408,42
3/27/2011 2:00,0,T, ,COOP:180465,BALTIMORE WASHINGTON INTERNATIONAL AIRPORT MD US,39.17329,-76.68408,42
3/27/2011 3:00,0,T, ,COOP:180465,BALTIMORE WASHINGTON INTERNATIONAL AIRPORT MD US,39.17329,-76.68408,42
3/27/2011 4:00,0,T, ,COOP:180465,BALTIMORE WASHINGTON INTERNATIONAL AIRPORT MD US,39.17329,-76.68408,42
3/27/2011 5:00,0,T, ,COOP:180465,BALTIMORE WASHINGTON INTERNATIONAL AIRPORT MD US,39.17329,-76.68408,42
3/27/2011 6:00,0,T, ,COOP:180465,BALTIMORE WASHINGTON INTERNATIONAL AIRPORT MD US,39.17329,-76.68408,42
3/27/2011 7:00,0,T, ,COOP:180465,BALTIMORE WASHINGTON INTERNATIONAL AIRPORT MD US,39.17329,-76.68408,42
3/27/2011 8:00,0,T, ,COOP:180465,BALTIMORE WASHINGTON INTERNATIONAL AIRPORT MD US,39.17329,-76.68408,42
3/30/2011 16:00,0,T, ,COOP:180465,BALTIMORE WASHINGTON INTERNATIONAL AIRPORT MD US,39.17329,-76.68408,42
3/30/2011 17:00,0.01, , ,COOP:180465,BALTIMORE WASHINGTON INTERNATIONAL AIRPORT MD US,39.17329,-76.68408,42
3/30/2011 18:00,0.04, , ,COOP:180465,BALTIMORE WASHINGTON INTERNATIONAL AIRPORT MD US,39.17329,-76.68408,42
3/30/2011 19:00,0.02, , ,COOP:180465,BALTIMORE WASHINGTON INTERNATIONAL AIRPORT MD US,39.17329,-76.68408,42
3/30/2011 20:00,0.02, , ,COOP:180465,BALTIMORE WASHINGTON INTERNATIONAL AIRPORT MD US,39.17329,-76.68408,42
3/30/2011 21:00,0.02, , ,COOP:180465,BALTIMORE WASHINGTON INTERNATIONAL AIRPORT MD US,39.17329,-76.68408,42
3/30/2011 22:00,0.01, , ,COOP:180465,BALTIMORE WASHINGTON INTERNATIONAL AIRPORT MD US,39.17329,-76.68408,42
3/30/2011 23:00,0,T, ,COOP:180465,BALTIMORE WASHINGTON INTERNATIONAL AIRPORT MD US,39.17329,-76.68408,42
3/31/2011 0:00,0.01, , ,COOP:180465,BALTIMORE WASHINGTON INTERNATIONAL AIRPORT MD US,39.17329,-76.68408,42
3/31/2011 1:00,0,T, ,COOP:180465,BALTIMORE WASHINGTON INTERNATIONAL AIRPORT MD US,39.17329,-76.68408,42
3/31/2011 2:00,0,T, ,COOP:180465,BALTIMORE WASHINGTON INTERNATIONAL AIRPORT MD US,39.17329,-76.68408,42
3/31/2011 4:00,0,T, ,COOP:180465,BALTIMORE WASHINGTON INTERNATIONAL AIRPORT MD US,39.17329,-76.68408,42
3/31/2011 5:00,0,T, ,COOP:180465,BALTIMORE WASHINGTON INTERNATIONAL AIRPORT MD US,39.17329,-76.68408,42
3/31/2011 6:00,0,T, ,COOP:180465,BALTIMORE WASHINGTON INTERNATIONAL AIRPORT MD US,39.17329,-76.68408,42
3/31/2011 7:00,0,T, ,COOP:180465,BALTIMORE WASHINGTON INTERNATIONAL AIRPORT MD US,39.17329,-76.68408,42
3/31/2011 8:00,0,T, ,COOP:180465,BALTIMORE WASHINGTON INTERNATIONAL AIRPORT MD US,39.17329,-76.68408,42
3/31/2011 9:00,0,T, ,COOP:180465,BALTIMORE WASHINGTON INTERNATIONAL AIRPORT MD US,39.17329,-76.68408,42
3/31/2011 10:00,0,T, ,COOP:180465,BALTIMORE WASHINGTON INTERNATIONAL AIRPORT MD US,39.17329,-76.68408,42
3/31/2011 11:00,0.01, , ,COOP:180465,BALTIMORE WASHINGTON INTERNATIONAL AIRPORT MD US,39.17329,-76.68408,42
3/31/2011 12:00,0,T, ,COOP:180465,BALTIMORE WASHINGTON INTERNATIONAL AIRPORT MD US,39.17329,-76.68408,42
3/31/2011 13:00,0,T, ,COOP:180465,BALTIMORE WASHINGTON INTERNATIONAL AIRPORT MD US,39.17329,-76.68408,42
3/31/2011 14:00,0,T, ,COOP:180465,BALTIMORE WASHINGTON INTERNATIONAL AIRPORT MD US,39.17329,-76.68408,42
3/31/2011 15:00,0.01, , ,COOP:180465,BALTIMORE WASHINGTON INTERNATIONAL AIRPORT MD US,39.17329,-76.68408,42
3/31/2011 16:00,0.01, , ,COOP:180465,BALTIMORE WASHINGTON INTERNATIONAL AIRPORT MD US,39.17329,-76.68408,42
3/31/2011 18:00,0,T, ,COOP:180465,BALTIMORE WASHINGTON INTERNATIONAL AIRPORT MD US,39.17329,-76.68408,42
3/31/2011 19:00,0,T, ,COOP:180465,BALTIMORE WASHINGTON INTERNATIONAL AIRPORT MD US,39.17329,-76.68408,42
3/31/2011 20:00,0,T, ,COOP:180465,BALTIMORE WASHINGTON INTERNATIONAL AIRPORT MD US,39.17329,-76.68408,42
3/31/2011 21:00,0,T, ,COOP:180465,BALTIMORE WASHINGTON INTERNATIONAL AIRPORT MD US,39.17329,-76.68408,42
3/31/2011 22:00,0,T, ,COOP:180465,BALTIMORE WASHINGTON INTERNATIONAL AIRPORT MD US,39.17329,-76.68408,42
3/31/2011 23:00,0,T, ,COOP:180465,BALTIMORE WASHINGTON INTERNATIONAL AIRPORT MD US,39.17329,-76.68408,42
4/1/2011 0:00,0,T, ,COOP:180465,BALTIMORE WASHINGTON INTERNATIONAL AIRPORT MD US,39.17329,-76.68408,42
4/1/2011 1:00,0.03, , ,COOP:180465,BALTIMORE WASHINGTON INTERNATIONAL AIRPORT MD US,39.17329,-76.68408,42
4/1/2011 2:00,0.04, , ,COOP:180465,BALTIMORE WASHINGTON INTERNATIONAL AIRPORT MD US,39.17329,-76.68408,42
4/1/2011 3:00,0.02, , ,COOP:180465,BALTIMORE WASHINGTON INTERNATIONAL AIRPORT MD US,39.17329,-76.68408,42
4/1/2011 4:00,0.03, , ,COOP:180465,BALTIMORE WASHINGTON INTERNATIONAL AIRPORT MD US,39.17329,-76.68408,42
4/1/2011 5:00,0.02, , ,COOP:180465,BALTIMORE WASHINGTON INTERNATIONAL AIRPORT MD US,39.17329,-76.68408,42
4/1/2011 6:00,0,T, ,COOP:180465,BALTIMORE WASHINGTON INTERNATIONAL AIRPORT MD US,39.17329,-76.68408,42
4/1/2011 7:00,0,T, ,COOP:180465,BALTIMORE WASHINGTON INTERNATIONAL AIRPORT MD US,39.17329,-76.68408,42
4/1/2011 8:00,0,T, ,COOP:180465,BALTIMORE WASHINGTON INTERNATIONAL AIRPORT MD US,39.17329,-76.68408,42
4/1/2011 9:00,0,T, ,COOP:180465,BALTIMORE WASHINGTON INTERNATIONAL AIRPORT MD US,39.17329,-76.68408,42
4/1/2011 16:00,0,T, ,COOP:180465,BALTIMORE WASHINGTON INTERNATIONAL AIRPORT MD US,39.17329,-76.68408,42
4/2/2011 8:00,0.01, , ,COOP:180465,BALTIMORE WASHINGTON INTERNATIONAL AIRPORT MD US,39.17329,-76.68408,42
4/2/2011 11:00,0,T, ,COOP:180465,BALTIMORE WASHINGTON INTERNATIONAL AIRPORT MD US,39.17329,-76.68408,42
4/2/2011 12:00,0,T, ,COOP:180465,BALTIMORE WASHINGTON INTERNATIONAL AIRPORT MD US,39.17329,-76.68408,42
4/2/2011 13:00,0,T, ,COOP:180465,BALTIMORE WASHINGTON INTERNATIONAL AIRPORT MD US,39.17329,-76.68408,42
4/2/2011 14:00,0.03, , ,COOP:180465,BALTIMORE WASHINGTON INTERNATIONAL AIRPORT MD US,39.17329,-76.68408,42
4/2/2011 15:00,0,T, ,COOP:180465,BALTIMORE WASHINGTON INTERNATIONAL AIRPORT MD US,39.17329,-76.68408,42
4/3/2011 18:00,0,T, ,COOP:180465,BALTIMORE WASHINGTON INTERNATIONAL AIRPORT MD US,39.17329,-76.68408,42
4/3/2011 19:00,0,T, ,COOP:180465,BALTIMORE WASHINGTON INTERNATIONAL AIRPORT MD US,39.17329,-76.68408,42
4/3/2011 21:00,0.01, , ,COOP:180465,BALTIMORE WASHINGTON INTERNATIONAL AIRPORT MD US,39.17329,-76.68408,42
4/3/2011 22:00,0,T, ,COOP:180465,BALTIMORE WASHINGTON INTERNATIONAL AIRPORT MD US,39.17329,-76.68408,42
4/3/2011 23:00,0,T, ,COOP:180465,BALTIMORE WASHINGTON INTERNATIONAL AIRPORT MD US,39.17329,-76.68408,42
4/4/2011 0:00,0,T, ,COOP:180465,BALTIMORE WASHINGTON INTERNATIONAL AIRPORT MD US,39.17329,-76.68408,42
4/4/2011 1:00,0,T, ,COOP:180465,BALTIMORE WASHINGTON INTERNATIONAL AIRPORT MD US,39.17329,-76.68408,42
4/4/2011 2:00,0,T, ,COOP:180465,BALTIMORE WASHINGTON INTERNATIONAL AIRPORT MD US,39.17329,-76.68408,42
4/5/2011 2:00,0,T, ,COOP:180465,BALTIMORE WASHINGTON INTERNATIONAL AIRPORT MD US,39.17329,-76.68408,42
4/5/2011 4:00,0,T, ,COOP:180465,BALTIMORE WASHINGTON INTERNATIONAL AIRPORT MD US,39.17329,-76.68408,42
4/5/2011 5:00,0.18, , ,COOP:180465,BALTIMORE WASHINGTON INTERNATIONAL AIRPORT MD US,39.17329,-76.68408,42
4/5/2011 6:00,0,T, ,COOP:180465,BALTIMORE WASHINGTON INTERNATIONAL AIRPORT MD US,39.17329,-76.68408,42
4/5/2011 8:00,0.03, , ,COOP:180465,BALTIMORE WASHINGTON INTERNATIONAL AIRPORT MD US,39.17329,-76.68408,42
4/5/2011 9:00,0,T, ,COOP:180465,BALTIMORE WASHINGTON INTERNATIONAL AIRPORT MD US,39.17329,-76.68408,42
4/5/2011 10:00,0,T, ,COOP:180465,BALTIMORE WASHINGTON INTERNATIONAL AIRPORT MD US,39.17329,-76.68408,42
4/5/2011 11:00,0.02, , ,COOP:180465,BALTIMORE WASHINGTON INTERNATIONAL AIRPORT MD US,39.17329,-76.68408,42
4/5/2011 12:00,0.02, , ,COOP:180465,BALTIMORE WASHINGTON INTERNATIONAL AIRPORT MD US,39.17329,-76.68408,42
4/8/2011 4:00,0.01, , ,COOP:180465,BALTIMORE WASHINGTON INTERNATIONAL AIRPORT MD US,39.17329,-76.68408,42
4/8/2011 5:00,0.04, , ,COOP:180465,BALTIMORE WASHINGTON INTERNATIONAL AIRPORT MD US,39.17329,-76.68408,42
4/8/2011 6:00,0.01, , ,COOP:180465,BALTIMORE WASHINGTON INTERNATIONAL AIRPORT MD US,39.17329,-76.68408,42
4/8/2011 7:00,0.01, , ,COOP:180465,BALTIMORE WASHINGTON INTERNATIONAL AIRPORT MD US,39.17329,-76.68408,42
4/8/2011 8:00,0.01, , ,COOP:180465,BALTIMORE WASHINGTON INTERNATIONAL AIRPORT MD US,39.17329,-76.68408,42
4/8/2011 9:00,0,T, ,COOP:180465,BALTIMORE WASHINGTON INTERNATIONAL AIRPORT MD US,39.17329,-76.68408,42
4/8/2011 13:00,0.03, , ,COOP:180465,BALTIMORE WASHINGTON INTERNATIONAL AIRPORT MD US,39.17329,-76.68408,42
4/8/2011 14:00,0.06, , ,COOP:180465,BALTIMORE WASHINGTON INTERNATIONAL AIRPORT MD US,39.17329,-76.68408,42
4/8/2011 15:00,0.04, , ,COOP:180465,BALTIMORE WASHINGTON INTERNATIONAL AIRPORT MD US,39.17329,-76.68408,42
4/8/2011 16:00,0.02, , ,COOP:180465,BALTIMORE WASHINGTON INTERNATIONAL AIRPORT MD US,39.17329,-76.68408,42
4/8/2011 17:00,0,T, ,COOP:180465,BALTIMORE WASHINGTON INTERNATIONAL AIRPORT MD US,39.17329,-76.68408,42
4/8/2011 18:00,0.06, , ,COOP:180465,BALTIMORE WASHINGTON INTERNATIONAL AIRPORT MD US,39.17329,-76.68408,42
4/8/2011 19:00,0.05, , ,COOP:180465,BALTIMORE WASHINGTON INTERNATIONAL AIRPORT MD US,39.17329,-76.68408,42
4/8/2011 20:00,0.01, , ,COOP:180465,BALTIMORE WASHINGTON INTERNATIONAL AIRPORT MD US,39.17329,-76.68408,42
4/8/2011 21:00,0,T, ,COOP:180465,BALTIMORE WASHINGTON INTERNATIONAL AIRPORT MD US,39.17329,-76.68408,42
4/12/2011 8:00,0.01, , ,COOP:180465,BALTIMORE WASHINGTON INTERNATIONAL AIRPORT MD US,39.17329,-76.68408,42
4/12/2011 9:00,0.16, , ,COOP:180465,BALTIMORE WASHINGTON INTERNATIONAL AIRPORT MD US,39.17329,-76.68408,42
4/12/2011 10:00,0.13, , ,COOP:180465,BALTIMORE WASHINGTON INTERNATIONAL AIRPORT MD US,39.17329,-76.68408,42
4/12/2011 11:00,0.02, , ,COOP:180465,BALTIMORE WASHINGTON INTERNATIONAL AIRPORT MD US,39.17329,-76.68408,42
4/12/2011 14:00,0,T, ,COOP:180465,BALTIMORE WASHINGTON INTERNATIONAL AIRPORT MD US,39.17329,-76.68408,42
4/12/2011 15:00,0.01, , ,COOP:180465,BALTIMORE WASHINGTON INTERNATIONAL AIRPORT MD US,39.17329,-76.68408,42
4/12/2011 16:00,0,T, ,COOP:180465,BALTIMORE WASHINGTON INTERNATIONAL AIRPORT MD US,39.17329,-76.68408,42
4/12/2011 17:00,0,T, ,COOP:180465,BALTIMORE WASHINGTON INTERNATIONAL AIRPORT MD US,39.17329,-76.68408,42
4/12/2011 18:00,0,T, ,COOP:180465,BALTIMORE WASHINGTON INTERNATIONAL AIRPORT MD US,39.17329,-76.68408,42
4/12/2011 19:00,0,T, ,COOP:180465,BALTIMORE WASHINGTON INTERNATIONAL AIRPORT MD US,39.17329,-76.68408,42
4/12/2011 20:00,0.01, , ,COOP:180465,BALTIMORE WASHINGTON INTERNATIONAL AIRPORT MD US,39.17329,-76.68408,42
4/12/2011 21:00,0,T, ,COOP:180465,BALTIMORE WASHINGTON INTERNATIONAL AIRPORT MD US,39.17329,-76.68408,42
4/13/2011 3:00,0.02, , ,COOP:180465,BALTIMORE WASHINGTON INTERNATIONAL AIRPORT MD US,39.17329,-76.68408,42
4/13/2011 4:00,0.03, , ,COOP:180465,BALTIMORE WASHINGTON INTERNATIONAL AIRPORT MD US,39.17329,-76.68408,42
4/13/2011 5:00,0,T, ,COOP:180465,BALTIMORE WASHINGTON INTERNATIONAL AIRPORT MD US,39.17329,-76.68408,42
4/13/2011 6:00,0,T, ,COOP:180465,BALTIMORE WASHINGTON INTERNATIONAL AIRPORT MD US,39.17329,-76.68408,42
4/13/2011 7:00,0,T, ,COOP:180465,BALTIMORE WASHINGTON INTERNATIONAL AIRPORT MD US,39.17329,-76.68408,42
4/13/2011 8:00,0.02, , ,COOP:180465,BALTIMORE WASHINGTON INTERNATIONAL AIRPORT MD US,39.17329,-76.68408,42
4/13/2011 9:00,0.01, , ,COOP:180465,BALTIMORE WASHINGTON INTERNATIONAL AIRPORT MD US,39.17329,-76.68408,42
4/13/2011 10:00,0,T, ,COOP:180465,BALTIMORE WASHINGTON INTERNATIONAL AIRPORT MD US,39.17329,-76.68408,42
4/13/2011 11:00,0.01, , ,COOP:180465,BALTIMORE WASHINGTON INTERNATIONAL AIRPORT MD US,39.17329,-76.68408,42
4/13/2011 12:00,0.02, , ,COOP:180465,BALTIMORE WASHINGTON INTERNATIONAL AIRPORT MD US,39.17329,-76.68408,42
4/13/2011 13:00,0.03, , ,COOP:180465,BALTIMORE WASHINGTON INTERNATIONAL AIRPORT MD US,39.17329,-76.68408,42
4/13/2011 14:00,0.02, , ,COOP:180465,BALTIMORE WASHINGTON INTERNATIONAL AIRPORT MD US,39.17329,-76.68408,42
4/13/2011 15:00,0,T, ,COOP:180465,BALTIMORE WASHINGTON INTERNATIONAL AIRPORT MD US,39.17329,-76.68408,42
4/13/2011 16:00,0,T, ,COOP:180465,BALTIMORE WASHINGTON INTERNATIONAL AIRPORT MD US,39.17329,-76.68408,42
4/16/2011 6:00,0,T, ,COOP:180465,BALTIMORE WASHINGTON INTERNATIONAL AIRPORT MD US,39.17329,-76.68408,42
4/16/2011 7:00,0,T, ,COOP:180465,BALTIMORE WASHINGTON INTERNATIONAL AIRPORT MD US,39.17329,-76.68408,42
4/16/2011 8:00,0,T, ,COOP:180465,BALTIMORE WASHINGTON INTERNATIONAL AIRPORT MD US,39.17329,-76.68408,42
4/16/2011 9:00,0.04, , ,COOP:180465,BALTIMORE WASHINGTON INTERNATIONAL AIRPORT MD US,39.17329,-76.68408,42
4/16/2011 10:00,0.08, , ,COOP:180465,BALTIMORE WASHINGTON INTERNATIONAL AIRPORT MD US,39.17329,-76.68408,42
4/16/2011 11:00,0.17, , ,COOP:180465,BALTIMORE WASHINGTON INTERNATIONAL AIRPORT MD US,39.17329,-76.68408,42
4/16/2011 12:00,0.1, , ,COOP:180465,BALTIMORE WASHINGTON INTERNATIONAL AIRPORT MD US,39.17329,-76.68408,42
4/16/2011 13:00,0.05, , ,COOP:180465,BALTIMORE WASHINGTON INTERNATIONAL AIRPORT MD US,39.17329,-76.68408,42
4/16/2011 14:00,0.02, , ,COOP:180465,BALTIMORE WASHINGTON INTERNATIONAL AIRPORT MD US,39.17329,-76.68408,42
4/16/2011 16:00,0.08, , ,COOP:180465,BALTIMORE WASHINGTON INTERNATIONAL AIRPORT MD US,39.17329,-76.68408,42
4/16/2011 17:00,0.2, , ,COOP:180465,BALTIMORE WASHINGTON INTERNATIONAL AIRPORT MD US,39.17329,-76.68408,42
4/16/2011 18:00,0.03, , ,COOP:180465,BALTIMORE WASHINGTON INTERNATIONAL AIRPORT MD US,39.17329,-76.68408,42
4/16/2011 20:00,0.07, , ,COOP:180465,BALTIMORE WASHINGTON INTERNATIONAL AIRPORT MD US,39.17329,-76.68408,42
4/16/2011 21:00,0.4, , ,COOP:180465,BALTIMORE WASHINGTON INTERNATIONAL AIRPORT MD US,39.17329,-76.68408,42
4/16/2011 22:00,0.04, , ,COOP:180465,BALTIMORE WASHINGTON INTERNATIONAL AIRPORT MD US,39.17329,-76.68408,42
4/16/2011 23:00,0.01, , ,COOP:180465,BALTIMORE WASHINGTON INTERNATIONAL AIRPORT MD US,39.17329,-76.68408,42
4/19/2011 10:00,0.01, , ,COOP:180465,BALTIMORE WASHINGTON INTERNATIONAL AIRPORT MD US,39.17329,-76.68408,42
4/19/2011 11:00,0.02, , ,COOP:180465,BALTIMORE WASHINGTON INTERNATIONAL AIRPORT MD US,39.17329,-76.68408,42
4/19/2011 14:00,0.02, , ,COOP:180465,BALTIMORE WASHINGTON INTERNATIONAL AIRPORT MD US,39.17329,-76.68408,42
4/19/2011 15:00,0.01, , ,COOP:180465,BALTIMORE WASHINGTON INTERNATIONAL AIRPORT MD US,39.17329,-76.68408,42
4/19/2011 16:00,0.01, , ,COOP:180465,BALTIMORE WASHINGTON INTERNATIONAL AIRPORT MD US,39.17329,-76.68408,42
4/22/2011 12:00,0,T, ,COOP:180465,BALTIMORE WASHINGTON INTERNATIONAL AIRPORT MD US,39.17329,-76.68408,42
4/22/2011 13:00,0.02, , ,COOP:180465,BALTIMORE WASHINGTON INTERNATIONAL AIRPORT MD US,39.17329,-76.68408,42
4/22/2011 14:00,0.04, , ,COOP:180465,BALTIMORE WASHINGTON INTERNATIONAL AIRPORT MD US,39.17329,-76.68408,42
4/22/2011 15:00,0.03, , ,COOP:180465,BALTIMORE WASHINGTON INTERNATIONAL AIRPORT MD US,39.17329,-76.68408,42
4/22/2011 16:00,0.01, , ,COOP:180465,BALTIMORE WASHINGTON INTERNATIONAL AIRPORT MD US,39.17329,-76.68408,42
4/22/2011 17:00,0,T, ,COOP:180465,BALTIMORE WASHINGTON INTERNATIONAL AIRPORT MD US,39.17329,-76.68408,42
4/22/2011 18:00,0.03, , ,COOP:180465,BALTIMORE WASHINGTON INTERNATIONAL AIRPORT MD US,39.17329,-76.68408,42
4/22/2011 19:00,0.02, , ,COOP:180465,BALTIMORE WASHINGTON INTERNATIONAL AIRPORT MD US,39.17329,-76.68408,42
4/22/2011 20:00,0.02, , ,COOP:180465,BALTIMORE WASHINGTON INTERNATIONAL AIRPORT MD US,39.17329,-76.68408,42
4/22/2011 21:00,0.02, , ,COOP:180465,BALTIMORE WASHINGTON INTERNATIONAL AIRPORT MD US,39.17329,-76.68408,42
4/22/2011 22:00,0.01, , ,COOP:180465,BALTIMORE WASHINGTON INTERNATIONAL AIRPORT MD US,39.17329,-76.68408,42
4/22/2011 23:00,0,T, ,COOP:180465,BALTIMORE WASHINGTON INTERNATIONAL AIRPORT MD US,39.17329,-76.68408,42
4/23/2011 0:00,0.01, , ,COOP:180465,BALTIMORE WASHINGTON INTERNATIONAL AIRPORT MD US,39.17329,-76.68408,42
4/23/2011 1:00,0.01, , ,COOP:180465,BALTIMORE WASHINGTON INTERNATIONAL AIRPORT MD US,39.17329,-76.68408,42
4/23/2011 2:00,0.01, , ,COOP:180465,BALTIMORE WASHINGTON INTERNATIONAL AIRPORT MD US,39.17329,-76.68408,42
4/23/2011 3:00,0.02, , ,COOP:180465,BALTIMORE WASHINGTON INTERNATIONAL AIRPORT MD US,39.17329,-76.68408,42
4/23/2011 4:00,0.01, , ,COOP:180465,BALTIMORE WASHINGTON INTERNATIONAL AIRPORT MD US,39.17329,-76.68408,42
4/23/2011 5:00,0.01, , ,COOP:180465,BALTIMORE WASHINGTON INTERNATIONAL AIRPORT MD US,39.17329,-76.68408,42
4/23/2011 6:00,0,T, ,COOP:180465,BALTIMORE WASHINGTON INTERNATIONAL AIRPORT MD US,39.17329,-76.68408,42
4/23/2011 7:00,0,T, ,COOP:180465,BALTIMORE WASHINGTON INTERNATIONAL AIRPORT MD US,39.17329,-76.68408,42
4/23/2011 8:00,0.01, , ,COOP:180465,BALTIMORE WASHINGTON INTERNATIONAL AIRPORT MD US,39.17329,-76.68408,42
4/23/2011 9:00,0,T, ,COOP:180465,BALTIMORE WASHINGTON INTERNATIONAL AIRPORT MD US,39.17329,-76.68408,42
4/23/2011 12:00,0.01, , ,COOP:180465,BALTIMORE WASHINGTON INTERNATIONAL AIRPORT MD US,39.17329,-76.68408,42
4/23/2011 13:00,0,T, ,COOP:180465,BALTIMORE WASHINGTON INTERNATIONAL AIRPORT MD US,39.17329,-76.68408,42
4/23/2011 22:00,0,T, ,COOP:180465,BALTIMORE WASHINGTON INTERNATIONAL AIRPORT MD US,39.17329,-76.68408,42
4/23/2011 23:00,0,T, ,COOP:180465,BALTIMORE WASHINGTON INTERNATIONAL AIRPORT MD US,39.17329,-76.68408,42
4/24/2011 16:00,0,T, ,COOP:180465,BALTIMORE WASHINGTON INTERNATIONAL AIRPORT MD US,39.17329,-76.68408,42
4/24/2011 17:00,0.32, , ,COOP:180465,BALTIMORE WASHINGTON INTERNATIONAL AIRPORT MD US,39.17329,-76.68408,42
4/24/2011 18:00,0,T, ,COOP:180465,BALTIMORE WASHINGTON INTERNATIONAL AIRPORT MD US,39.17329,-76.68408,42
4/24/2011 19:00,0.02, , ,COOP:180465,BALTIMORE WASHINGTON INTERNATIONAL AIRPORT MD US,39.17329,-76.68408,42
4/24/2011 20:00,0.16, , ,COOP:180465,BALTIMORE WASHINGTON INTERNATIONAL AIRPORT MD US,39.17329,-76.68408,42
4/24/2011 21:00,0,T, ,COOP:180465,BALTIMORE WASHINGTON INTERNATIONAL AIRPORT MD US,39.17329,-76.68408,42
4/25/2011 0:00,0.02, , ,COOP:180465,BALTIMORE WASHINGTON INTERNATIONAL AIRPORT MD US,39.17329,-76.68408,42
4/25/2011 1:00,0,T, ,COOP:180465,BALTIMORE WASHINGTON INTERNATIONAL AIRPORT MD US,39.17329,-76.68408,42
4/25/2011 2:00,0,T, ,COOP:180465,BALTIMORE WASHINGTON INTERNATIONAL AIRPORT MD US,39.17329,-76.68408,42
4/25/2011 3:00,0.02, , ,COOP:180465,BALTIMORE WASHINGTON INTERNATIONAL AIRPORT MD US,39.17329,-76.68408,42
4/27/2011 14:00,0,T, ,COOP:180465,BALTIMORE WASHINGTON INTERNATIONAL AIRPORT MD US,39.17329,-76.68408,42
4/27/2011 18:00,0,T, ,COOP:180465,BALTIMORE WASHINGTON INTERNATIONAL AIRPORT MD US,39.17329,-76.68408,42
4/27/2011 19:00,0,T, ,COOP:180465,BALTIMORE WASHINGTON INTERNATIONAL AIRPORT MD US,39.17329,-76.68408,42
4/27/2011 21:00,0,T, ,COOP:180465,BALTIMORE WASHINGTON INTERNATIONAL AIRPORT MD US,39.17329,-76.68408,42
4/27/2011 23:00,0,T, ,COOP:180465,BALTIMORE WASHINGTON INTERNATIONAL AIRPORT MD US,39.17329,-76.68408,42
4/28/2011 5:00,0,T, ,COOP:180465,BALTIMORE WASHINGTON INTERNATIONAL AIRPORT MD US,39.17329,-76.68408,42
4/28/2011 6:00,0,T, ,COOP:180465,BALTIMORE WASHINGTON INTERNATIONAL AIRPORT MD US,39.17329,-76.68408,42
4/28/2011 9:00,0,T, ,COOP:180465,BALTIMORE WASHINGTON INTERNATIONAL AIRPORT MD US,39.17329,-76.68408,42
4/28/2011 10:00,0,T, ,COOP:180465,BALTIMORE WASHINGTON INTERNATIONAL AIRPORT MD US,39.17329,-76.68408,42
4/28/2011 11:00,0.03, , ,COOP:180465,BALTIMORE WASHINGTON INTERNATIONAL AIRPORT MD US,39.17329,-76.68408,42
4/28/2011 12:00,0.01, , ,COOP:180465,BALTIMORE WASHINGTON INTERNATIONAL AIRPORT MD US,39.17329,-76.68408,42
5/1/2011 1:00,0,g, ,COOP:180465,BALTIMORE WASHINGTON INTERNATIONAL AIRPORT MD US,39.17329,-76.68408,42
5/1/2011 12:00,0.01, , ,COOP:180465,BALTIMORE WASHINGTON INTERNATIONAL AIRPORT MD US,39.17329,-76.68408,42
5/1/2011 13:00,0,T, ,COOP:180465,BALTIMORE WASHINGTON INTERNATIONAL AIRPORT MD US,39.17329,-76.68408,42
5/1/2011 14:00,0,T, ,COOP:180465,BALTIMORE WASHINGTON INTERNATIONAL AIRPORT MD US,39.17329,-76.68408,42
5/1/2011 15:00,0,T, ,COOP:180465,BALTIMORE WASHINGTON INTERNATIONAL AIRPORT MD US,39.17329,-76.68408,42
5/1/2011 16:00,0.02, , ,COOP:180465,BALTIMORE WASHINGTON INTERNATIONAL AIRPORT MD US,39.17329,-76.68408,42
5/1/2011 17:00,0.02, , ,COOP:180465,BALTIMORE WASHINGTON INTERNATIONAL AIRPORT MD US,39.17329,-76.68408,42
5/1/2011 18:00,0,T, ,COOP:180465,BALTIMORE WASHINGTON INTERNATIONAL AIRPORT MD US,39.17329,-76.68408,42
5/1/2011 19:00,0.01, , ,COOP:180465,BALTIMORE WASHINGTON INTERNATIONAL AIRPORT MD US,39.17329,-76.68408,42
5/1/2011 20:00,0,T, ,COOP:180465,BALTIMORE WASHINGTON INTERNATIONAL AIRPORT MD US,39.17329,-76.68408,42
5/3/2011 22:00,0,T, ,COOP:180465,BALTIMORE WASHINGTON INTERNATIONAL AIRPORT MD US,39.17329,-76.68408,42
5/4/2011 0:00,0.02, , ,COOP:180465,BALTIMORE WASHINGTON INTERNATIONAL AIRPORT MD US,39.17329,-76.68408,42
5/4/2011 1:00,0.07, , ,COOP:180465,BALTIMORE WASHINGTON INTERNATIONAL AIRPORT MD US,39.17329,-76.68408,42
5/4/2011 2:00,0.07, , ,COOP:180465,BALTIMORE WASHINGTON INTERNATIONAL AIRPORT MD US,39.17329,-76.68408,42
5/4/2011 3:00,0.09, , ,COOP:180465,BALTIMORE WASHINGTON INTERNATIONAL AIRPORT MD US,39.17329,-76.68408,42
5/4/2011 4:00,0.05, , ,COOP:180465,BALTIMORE WASHINGTON INTERNATIONAL AIRPORT MD US,39.17329,-76.68408,42
5/4/2011 5:00,0.08, , ,COOP:180465,BALTIMORE WASHINGTON INTERNATIONAL AIRPORT MD US,39.17329,-76.68408,42
5/4/2011 6:00,0.07, , ,COOP:180465,BALTIMORE WASHINGTON INTERNATIONAL AIRPORT MD US,39.17329,-76.68408,42
5/4/2011 7:00,0.06, , ,COOP:180465,BALTIMORE WASHINGTON INTERNATIONAL AIRPORT MD US,39.17329,-76.68408,42
5/4/2011 8:00,0.03, , ,COOP:180465,BALTIMORE WASHINGTON INTERNATIONAL AIRPORT MD US,39.17329,-76.68408,42
5/4/2011 9:00,0.07, , ,COOP:180465,BALTIMORE WASHINGTON INTERNATIONAL AIRPORT MD US,39.17329,-76.68408,42
5/4/2011 10:00,0.01, , ,COOP:180465,BALTIMORE WASHINGTON INTERNATIONAL AIRPORT MD US,39.17329,-76.68408,42
5/4/2011 11:00,0.02, , ,COOP:180465,BALTIMORE WASHINGTON INTERNATIONAL AIRPORT MD US,39.17329,-76.68408,42
5/4/2011 18:00,0,T, ,COOP:180465,BALTIMORE WASHINGTON INTERNATIONAL AIRPORT MD US,39.17329,-76.68408,42
5/4/2011 19:00,0,T, ,COOP:180465,BALTIMORE WASHINGTON INTERNATIONAL AIRPORT MD US,39.17329,-76.68408,42
5/6/2011 20:00,0.13, , ,COOP:180465,BALTIMORE WASHINGTON INTERNATIONAL AIRPORT MD US,39.17329,-76.68408,42
5/7/2011 14:00,0,T, ,COOP:180465,BALTIMORE WASHINGTON INTERNATIONAL AIRPORT MD US,39.17329,-76.68408,42
5/7/2011 15:00,0,T, ,COOP:180465,BALTIMORE WASHINGTON INTERNATIONAL AIRPORT MD US,39.17329,-76.68408,42
5/13/2011 6:00,0,T, ,COOP:180465,BALTIMORE WASHINGTON INTERNATIONAL AIRPORT MD US,39.17329,-76.68408,42
5/14/2011 7:00,0,T, ,COOP:180465,BALTIMORE WASHINGTON INTERNATIONAL AIRPORT MD US,39.17329,-76.68408,42
5/14/2011 8:00,0,T, ,COOP:180465,BALTIMORE WASHINGTON INTERNATIONAL AIRPORT MD US,39.17329,-76.68408,42
5/14/2011 9:00,0,T, ,COOP:180465,BALTIMORE WASHINGTON INTERNATIONAL AIRPORT MD US,39.17329,-76.68408,42
5/14/2011 10:00,0,T, ,COOP:180465,BALTIMORE WASHINGTON INTERNATIONAL AIRPORT MD US,39.17329,-76.68408,42
5/14/2011 11:00,0,T, ,COOP:180465,BALTIMORE WASHINGTON INTERNATIONAL AIRPORT MD US,39.17329,-76.68408,42
5/14/2011 18:00,0,T, ,COOP:180465,BALTIMORE WASHINGTON INTERNATIONAL AIRPORT MD US,39.17329,-76.68408,42
5/14/2011 19:00,0,T, ,COOP:180465,BALTIMORE WASHINGTON INTERNATIONAL AIRPORT MD US,39.17329,-76.68408,42
5/14/2011 20:00,0.01, , ,COOP:180465,BALTIMORE WASHINGTON INTERNATIONAL AIRPORT MD US,39.17329,-76.68408,42
5/14/2011 21:00,0.01, , ,COOP:180465,BALTIMORE WASHINGTON INTERNATIONAL AIRPORT MD US,39.17329,-76.68408,42
5/14/2011 22:00,0.22, , ,COOP:180465,BALTIMORE WASHINGTON INTERNATIONAL AIRPORT MD US,39.17329,-76.68408,42
5/14/2011 23:00,0.14, , ,COOP:180465,BALTIMORE WASHINGTON INTERNATIONAL AIRPORT MD US,39.17329,-76.68408,42
5/15/2011 0:00,0,T, ,COOP:180465,BALTIMORE WASHINGTON INTERNATIONAL AIRPORT MD US,39.17329,-76.68408,42
5/15/2011 5:00,0,T, ,COOP:180465,BALTIMORE WASHINGTON INTERNATIONAL AIRPORT MD US,39.17329,-76.68408,42
5/15/2011 6:00,0,T, ,COOP:180465,BALTIMORE WASHINGTON INTERNATIONAL AIRPORT MD US,39.17329,-76.68408,42
5/15/2011 18:00,0.02, , ,COOP:180465,BALTIMORE WASHINGTON INTERNATIONAL AIRPORT MD US,39.17329,-76.68408,42
5/15/2011 19:00,0.37, , ,COOP:180465,BALTIMORE WASHINGTON INTERNATIONAL AIRPORT MD US,39.17329,-76.68408,42
5/17/2011 1:00,0,T, ,COOP:180465,BALTIMORE WASHINGTON INTERNATIONAL AIRPORT MD US,39.17329,-76.68408,42
5/17/2011 2:00,0.01, , ,COOP:180465,BALTIMORE WASHINGTON INTERNATIONAL AIRPORT MD US,39.17329,-76.68408,42
5/17/2011 4:00,0,T, ,COOP:180465,BALTIMORE WASHINGTON INTERNATIONAL AIRPORT MD US,39.17329,-76.68408,42
5/17/2011 5:00,0.04, , ,COOP:180465,BALTIMORE WASHINGTON INTERNATIONAL AIRPORT MD US,39.17329,-76.68408,42
5/17/2011 6:00,0,T, ,COOP:180465,BALTIMORE WASHINGTON INTERNATIONAL AIRPORT MD US,39.17329,-76.68408,42
5/17/2011 7:00,0.01, , ,COOP:180465,BALTIMORE WASHINGTON INTERNATIONAL AIRPORT MD US,39.17329,-76.68408,42
5/17/2011 8:00,0,T, ,COOP:180465,BALTIMORE WASHINGTON INTERNATIONAL AIRPORT MD US,39.17329,-76.68408,42
5/17/2011 10:00,0.07, , ,COOP:180465,BALTIMORE WASHINGTON INTERNATIONAL AIRPORT MD US,39.17329,-76.68408,42
5/17/2011 16:00,0.05, , ,COOP:180465,BALTIMORE WASHINGTON INTERNATIONAL AIRPORT MD US,39.17329,-76.68408,42
5/17/2011 17:00,0.19, , ,COOP:180465,BALTIMORE WASHINGTON INTERNATIONAL AIRPORT MD US,39.17329,-76.68408,42
5/17/2011 18:00,0,T, ,COOP:180465,BALTIMORE WASHINGTON INTERNATIONAL AIRPORT MD US,39.17329,-76.68408,42
5/18/2011 1:00,0,T, ,COOP:180465,BALTIMORE WASHINGTON INTERNATIONAL AIRPORT MD US,39.17329,-76.68408,42
5/18/2011 2:00,0,T, ,COOP:180465,BALTIMORE WASHINGTON INTERNATIONAL AIRPORT MD US,39.17329,-76.68408,42
5/18/2011 3:00,0.01, , ,COOP:180465,BALTIMORE WASHINGTON INTERNATIONAL AIRPORT MD US,39.17329,-76.68408,42
5/18/2011 5:00,0,T, ,COOP:180465,BALTIMORE WASHINGTON INTERNATIONAL AIRPORT MD US,39.17329,-76.68408,42
5/18/2011 6:00,0,T, ,COOP:180465,BALTIMORE WASHINGTON INTERNATIONAL AIRPORT MD US,39.17329,-76.68408,42
5/18/2011 8:00,0,T, ,COOP:180465,BALTIMORE WASHINGTON INTERNATIONAL AIRPORT MD US,39.17329,-76.68408,42
5/18/2011 10:00,0.03, , ,COOP:180465,BALTIMORE WASHINGTON INTERNATIONAL AIRPORT MD US,39.17329,-76.68408,42
5/18/2011 11:00,0.07, , ,COOP:180465,BALTIMORE WASHINGTON INTERNATIONAL AIRPORT MD US,39.17329,-76.68408,42
5/18/2011 12:00,0.09, , ,COOP:180465,BALTIMORE WASHINGTON INTERNATIONAL AIRPORT MD US,39.17329,-76.68408,42
5/18/2011 13:00,0.04, , ,COOP:180465,BALTIMORE WASHINGTON INTERNATIONAL AIRPORT MD US,39.17329,-76.68408,42
5/19/2011 0:00,0.01, , ,COOP:180465,BALTIMORE WASHINGTON INTERNATIONAL AIRPORT MD US,39.17329,-76.68408,42
5/19/2011 1:00,0,T, ,COOP:180465,BALTIMORE WASHINGTON INTERNATIONAL AIRPORT MD US,39.17329,-76.68408,42
5/19/2011 2:00,0,T, ,COOP:180465,BALTIMORE WASHINGTON INTERNATIONAL AIRPORT MD US,39.17329,-76.68408,42
5/19/2011 11:00,0,T, ,COOP:180465,BALTIMORE WASHINGTON INTERNATIONAL AIRPORT MD US,39.17329,-76.68408,42
5/19/2011 12:00,0.01, , ,COOP:180465,BALTIMORE WASHINGTON INTERNATIONAL AIRPORT MD US,39.17329,-76.68408,42
5/19/2011 14:00,0,T, ,COOP:180465,BALTIMORE WASHINGTON INTERNATIONAL AIRPORT MD US,39.17329,-76.68408,42
5/19/2011 16:00,0.02, , ,COOP:180465,BALTIMORE WASHINGTON INTERNATIONAL AIRPORT MD US,39.17329,-76.68408,42
5/19/2011 20:00,0,T, ,COOP:180465,BALTIMORE WASHINGTON INTERNATIONAL AIRPORT MD US,39.17329,-76.68408,42
5/19/2011 21:00,0.06, , ,COOP:180465,BALTIMORE WASHINGTON INTERNATIONAL AIRPORT MD US,39.17329,-76.68408,42
5/19/2011 23:00,0.02, , ,COOP:180465,BALTIMORE WASHINGTON INTERNATIONAL AIRPORT MD US,39.17329,-76.68408,42
5/20/2011 12:00,0,T, ,COOP:180465,BALTIMORE WASHINGTON INTERNATIONAL AIRPORT MD US,39.17329,-76.68408,42
5/20/2011 13:00,0,T, ,COOP:180465,BALTIMORE WASHINGTON INTERNATIONAL AIRPORT MD US,39.17329,-76.68408,42
5/20/2011 14:00,0,T, ,COOP:180465,BALTIMORE WASHINGTON INTERNATIONAL AIRPORT MD US,39.17329,-76.68408,42
5/20/2011 15:00,0,T, ,COOP:180465,BALTIMORE WASHINGTON INTERNATIONAL AIRPORT MD US,39.17329,-76.68408,42
5/23/2011 3:00,0,T, ,COOP:180465,BALTIMORE WASHINGTON INTERNATIONAL AIRPORT MD US,39.17329,-76.68408,42
5/23/2011 4:00,0.02, , ,COOP:180465,BALTIMORE WASHINGTON INTERNATIONAL AIRPORT MD US,39.17329,-76.68408,42
5/23/2011 18:00,0,T, ,COOP:180465,BALTIMORE WASHINGTON INTERNATIONAL AIRPORT MD US,39.17329,-76.68408,42
5/24/2011 6:00,0,T, ,COOP:180465,BALTIMORE WASHINGTON INTERNATIONAL AIRPORT MD US,39.17329,-76.68408,42
5/24/2011 8:00,0,T, ,COOP:180465,BALTIMORE WASHINGTON INTERNATIONAL AIRPORT MD US,39.17329,-76.68408,42
5/24/2011 9:00,0.02, , ,COOP:180465,BALTIMORE WASHINGTON INTERNATIONAL AIRPORT MD US,39.17329,-76.68408,42
5/24/2011 10:00,0,T, ,COOP:180465,BALTIMORE WASHINGTON INTERNATIONAL AIRPORT MD US,39.17329,-76.68408,42
5/24/2011 16:00,0,T, ,COOP:180465,BALTIMORE WASHINGTON INTERNATIONAL AIRPORT MD US,39.17329,-76.68408,42
5/24/2011 17:00,0,T, ,COOP:180465,BALTIMORE WASHINGTON INTERNATIONAL AIRPORT MD US,39.17329,-76.68408,42
5/24/2011 23:00,0,T, ,COOP:180465,BALTIMORE WASHINGTON INTERNATIONAL AIRPORT MD US,39.17329,-76.68408,42
5/25/2011 0:00,0,T, ,COOP:180465,BALTIMORE WASHINGTON INTERNATIONAL AIRPORT MD US,39.17329,-76.68408,42
5/27/2011 20:00,0.05, , ,COOP:180465,BALTIMORE WASHINGTON INTERNATIONAL AIRPORT MD US,39.17329,-76.68408,42
5/27/2011 21:00,0,T, ,COOP:180465,BALTIMORE WASHINGTON INTERNATIONAL AIRPORT MD US,39.17329,-76.68408,42
6/1/2011 1:00,0,g, ,COOP:180465,BALTIMORE WASHINGTON INTERNATIONAL AIRPORT MD US,39.17329,-76.68408,42
6/4/2011 16:00,0,T, ,COOP:180465,BALTIMORE WASHINGTON INTERNATIONAL AIRPORT MD US,39.17329,-76.68408,42
6/4/2011 23:00,0,T, ,COOP:180465,BALTIMORE WASHINGTON INTERNATIONAL AIRPORT MD US,39.17329,-76.68408,42
6/5/2011 0:00,0,T, ,COOP:180465,BALTIMORE WASHINGTON INTERNATIONAL AIRPORT MD US,39.17329,-76.68408,42
6/5/2011 6:00,0,T, ,COOP:180465,BALTIMORE WASHINGTON INTERNATIONAL AIRPORT MD US,39.17329,-76.68408,42
6/5/2011 7:00,0.01, , ,COOP:180465,BALTIMORE WASHINGTON INTERNATIONAL AIRPORT MD US,39.17329,-76.68408,42
6/5/2011 8:00,0,T, ,COOP:180465,BALTIMORE WASHINGTON INTERNATIONAL AIRPORT MD US,39.17329,-76.68408,42
6/5/2011 23:00,0,T, ,COOP:180465,BALTIMORE WASHINGTON INTERNATIONAL AIRPORT MD US,39.17329,-76.68408,42
6/6/2011 0:00,0.17, , ,COOP:180465,BALTIMORE WASHINGTON INTERNATIONAL AIRPORT MD US,39.17329,-76.68408,42
6/9/2011 20:00,0.28, , ,COOP:180465,BALTIMORE WASHINGTON INTERNATIONAL AIRPORT MD US,39.17329,-76.68408,42
6/9/2011 21:00,0.01, , ,COOP:180465,BALTIMORE WASHINGTON INTERNATIONAL AIRPORT MD US,39.17329,-76.68408,42
6/10/2011 19:00,0.16, , ,COOP:180465,BALTIMORE WASHINGTON INTERNATIONAL AIRPORT MD US,39.17329,-76.68408,42
6/11/2011 10:00,0,T, ,COOP:180465,BALTIMORE WASHINGTON INTERNATIONAL AIRPORT MD US,39.17329,-76.68408,42
6/11/2011 11:00,0,T, ,COOP:180465,BALTIMORE WASHINGTON INTERNATIONAL AIRPORT MD US,39.17329,-76.68408,42
6/12/2011 17:00,0.39, , ,COOP:180465,BALTIMORE WASHINGTON INTERNATIONAL AIRPORT MD US,39.17329,-76.68408,42
6/16/2011 8:00,0.01, , ,COOP:180465,BALTIMORE WASHINGTON INTERNATIONAL AIRPORT MD US,39.17329,-76.68408,42
6/16/2011 9:00,0,T, ,COOP:180465,BALTIMORE WASHINGTON INTERNATIONAL AIRPORT MD US,39.17329,-76.68408,42
6/16/2011 14:00,0,T, ,COOP:180465,BALTIMORE WASHINGTON INTERNATIONAL AIRPORT MD US,39.17329,-76.68408,42
6/16/2011 17:00,0,T, ,COOP:180465,BALTIMORE WASHINGTON INTERNATIONAL AIRPORT MD US,39.17329,-76.68408,42
6/16/2011 18:00,0.13, , ,COOP:180465,BALTIMORE WASHINGTON INTERNATIONAL AIRPORT MD US,39.17329,-76.68408,42
6/16/2011 19:00,0.17, , ,COOP:180465,BALTIMORE WASHINGTON INTERNATIONAL AIRPORT MD US,39.17329,-76.68408,42
6/16/2011 20:00,0.06, , ,COOP:180465,BALTIMORE WASHINGTON INTERNATIONAL AIRPORT MD US,39.17329,-76.68408,42
6/16/2011 21:00,0,T, ,COOP:180465,BALTIMORE WASHINGTON INTERNATIONAL AIRPORT MD US,39.17329,-76.68408,42
6/16/2011 23:00,0.49, , ,COOP:180465,BALTIMORE WASHINGTON INTERNATIONAL AIRPORT MD US,39.17329,-76.68408,42
6/17/2011 0:00,1.1, , ,COOP:180465,BALTIMORE WASHINGTON INTERNATIONAL AIRPORT MD US,39.17329,-76.68408,42
6/17/2011 1:00,0,T, ,COOP:180465,BALTIMORE WASHINGTON INTERNATIONAL AIRPORT MD US,39.17329,-76.68408,42
6/17/2011 9:00,0,T, ,COOP:180465,BALTIMORE WASHINGTON INTERNATIONAL AIRPORT MD US,39.17329,-76.68408,42
6/17/2011 15:00,0,T, ,COOP:180465,BALTIMORE WASHINGTON INTERNATIONAL AIRPORT MD US,39.17329,-76.68408,42
6/17/2011 17:00,0,T, ,COOP:180465,BALTIMORE WASHINGTON INTERNATIONAL AIRPORT MD US,39.17329,-76.68408,42
6/17/2011 18:00,0,T, ,COOP:180465,BALTIMORE WASHINGTON INTERNATIONAL AIRPORT MD US,39.17329,-76.68408,42
6/17/2011 20:00,0,T, ,COOP:180465,BALTIMORE WASHINGTON INTERNATIONAL AIRPORT MD US,39.17329,-76.68408,42
6/17/2011 21:00,0,T, ,COOP:180465,BALTIMORE WASHINGTON INTERNATIONAL AIRPORT MD US,39.17329,-76.68408,42
6/18/2011 4:00,0,T, ,COOP:180465,BALTIMORE WASHINGTON INTERNATIONAL AIRPORT MD US,39.17329,-76.68408,42
6/18/2011 5:00,0.07, , ,COOP:180465,BALTIMORE WASHINGTON INTERNATIONAL AIRPORT MD US,39.17329,-76.68408,42
6/19/2011 1:00,0,T, ,COOP:180465,BALTIMORE WASHINGTON INTERNATIONAL AIRPORT MD US,39.17329,-76.68408,42
6/19/2011 2:00,0,T, ,COOP:180465,BALTIMORE WASHINGTON INTERNATIONAL AIRPORT MD US,39.17329,-76.68408,42
6/19/2011 13:00,0,T, ,COOP:180465,BALTIMORE WASHINGTON INTERNATIONAL AIRPORT MD US,39.17329,-76.68408,42
6/20/2011 2:00,0,T, ,COOP:180465,BALTIMORE WASHINGTON INTERNATIONAL AIRPORT MD US,39.17329,-76.68408,42
6/20/2011 3:00,0,T, ,COOP:180465,BALTIMORE WASHINGTON INTERNATIONAL AIRPORT MD US,39.17329,-76.68408,42
6/20/2011 4:00,0.01, , ,COOP:180465,BALTIMORE WASHINGTON INTERNATIONAL AIRPORT MD US,39.17329,-76.68408,42
6/20/2011 5:00,0.02, , ,COOP:180465,BALTIMORE WASHINGTON INTERNATIONAL AIRPORT MD US,39.17329,-76.68408,42
6/20/2011 6:00,0.02, , ,COOP:180465,BALTIMORE WASHINGTON INTERNATIONAL AIRPORT MD US,39.17329,-76.68408,42
6/20/2011 7:00,0,T, ,COOP:180465,BALTIMORE WASHINGTON INTERNATIONAL AIRPORT MD US,39.17329,-76.68408,42
6/20/2011 8:00,0.02, , ,COOP:180465,BALTIMORE WASHINGTON INTERNATIONAL AIRPORT MD US,39.17329,-76.68408,42
6/20/2011 9:00,0.01, , ,COOP:180465,BALTIMORE WASHINGTON INTERNATIONAL AIRPORT MD US,39.17329,-76.68408,42
6/21/2011 3:00,0,T, ,COOP:180465,BALTIMORE WASHINGTON INTERNATIONAL AIRPORT MD US,39.17329,-76.68408,42
6/21/2011 4:00,0,T, ,COOP:180465,BALTIMORE WASHINGTON INTERNATIONAL AIRPORT MD US,39.17329,-76.68408,42
6/21/2011 8:00,0,T, ,COOP:180465,BALTIMORE WASHINGTON INTERNATIONAL AIRPORT MD US,39.17329,-76.68408,42
6/21/2011 9:00,0,T, ,COOP:180465,BALTIMORE WASHINGTON INTERNATIONAL AIRPORT MD US,39.17329,-76.68408,42
6/21/2011 10:00,0,T, ,COOP:180465,BALTIMORE WASHINGTON INTERNATIONAL AIRPORT MD US,39.17329,-76.68408,42
6/21/2011 21:00,0,T, ,COOP:180465,BALTIMORE WASHINGTON INTERNATIONAL AIRPORT MD US,39.17329,-76.68408,42
6/21/2011 22:00,0.02, , ,COOP:180465,BALTIMORE WASHINGTON INTERNATIONAL AIRPORT MD US,39.17329,-76.68408,42
6/21/2011 23:00,0,T, ,COOP:180465,BALTIMORE WASHINGTON INTERNATIONAL AIRPORT MD US,39.17329,-76.68408,42
6/22/2011 7:00,0,T, ,COOP:180465,BALTIMORE WASHINGTON INTERNATIONAL AIRPORT MD US,39.17329,-76.68408,42
6/23/2011 9:00,0,T, ,COOP:180465,BALTIMORE WASHINGTON INTERNATIONAL AIRPORT MD US,39.17329,-76.68408,42
6/23/2011 13:00,0,T, ,COOP:180465,BALTIMORE WASHINGTON INTERNATIONAL AIRPORT MD US,39.17329,-76.68408,42
6/23/2011 14:00,0,T, ,COOP:180465,BALTIMORE WASHINGTON INTERNATIONAL AIRPORT MD US,39.17329,-76.68408,42
6/24/2011 13:00,0,T, ,COOP:180465,BALTIMORE WASHINGTON INTERNATIONAL AIRPORT MD US,39.17329,-76.68408,42
6/24/2011 14:00,0,T, ,COOP:180465,BALTIMORE WASHINGTON INTERNATIONAL AIRPORT MD US,39.17329,-76.68408,42
6/26/2011 18:00,0,T, ,COOP:180465,BALTIMORE WASHINGTON INTERNATIONAL AIRPORT MD US,39.17329,-76.68408,42
6/26/2011 19:00,0,T, ,COOP:180465,BALTIMORE WASHINGTON INTERNATIONAL AIRPORT MD US,39.17329,-76.68408,42
6/26/2011 21:00,0,T, ,COOP:180465,BALTIMORE WASHINGTON INTERNATIONAL AIRPORT MD US,39.17329,-76.68408,42
6/26/2011 22:00,0,T, ,COOP:180465,BALTIMORE WASHINGTON INTERNATIONAL AIRPORT MD US,39.17329,-76.68408,42
6/27/2011 1:00,0,T, ,COOP:180465,BALTIMORE WASHINGTON INTERNATIONAL AIRPORT MD US,39.17329,-76.68408,42
6/27/2011 6:00,0.01, , ,COOP:180465,BALTIMORE WASHINGTON INTERNATIONAL AIRPORT MD US,39.17329,-76.68408,42
6/27/2011 7:00,0,T, ,COOP:180465,BALTIMORE WASHINGTON INTERNATIONAL AIRPORT MD US,39.17329,-76.68408,42
6/28/2011 20:00,0.35, , ,COOP:180465,BALTIMORE WASHINGTON INTERNATIONAL AIRPORT MD US,39.17329,-76.68408,42
7/1/2011 1:00,0,g, ,COOP:180465,BALTIMORE WASHINGTON INTERNATIONAL AIRPORT MD US,39.17329,-76.68408,42
7/3/2011 4:00,0.08, , ,COOP:180465,BALTIMORE WASHINGTON INTERNATIONAL AIRPORT MD US,39.17329,-76.68408,42
7/3/2011 5:00,0.22, , ,COOP:180465,BALTIMORE WASHINGTON INTERNATIONAL AIRPORT MD US,39.17329,-76.68408,42
7/3/2011 6:00,0.09, , ,COOP:180465,BALTIMORE WASHINGTON INTERNATIONAL AIRPORT MD US,39.17329,-76.68408,42
7/3/2011 18:00,0.16, , ,COOP:180465,BALTIMORE WASHINGTON INTERNATIONAL AIRPORT MD US,39.17329,-76.68408,42
7/4/2011 20:00,0,T, ,COOP:180465,BALTIMORE WASHINGTON INTERNATIONAL AIRPORT MD US,39.17329,-76.68408,42
7/4/2011 21:00,0,T, ,COOP:180465,BALTIMORE WASHINGTON INTERNATIONAL AIRPORT MD US,39.17329,-76.68408,42
7/6/2011 10:00,0,T, ,COOP:180465,BALTIMORE WASHINGTON INTERNATIONAL AIRPORT MD US,39.17329,-76.68408,42
7/6/2011 11:00,0,T, ,COOP:180465,BALTIMORE WASHINGTON INTERNATIONAL AIRPORT MD US,39.17329,-76.68408,42
7/7/2011 18:00,0,T, ,COOP:180465,BALTIMORE WASHINGTON INTERNATIONAL AIRPORT MD US,39.17329,-76.68408,42
7/7/2011 19:00,0,T, ,COOP:180465,BALTIMORE WASHINGTON INTERNATIONAL AIRPORT MD US,39.17329,-76.68408,42
7/7/2011 20:00,0.1, , ,COOP:180465,BALTIMORE WASHINGTON INTERNATIONAL AIRPORT MD US,39.17329,-76.68408,42
7/7/2011 21:00,0,T, ,COOP:180465,BALTIMORE WASHINGTON INTERNATIONAL AIRPORT MD US,39.17329,-76.68408,42
7/8/2011 12:00,0.03, , ,COOP:180465,BALTIMORE WASHINGTON INTERNATIONAL AIRPORT MD US,39.17329,-76.68408,42
7/8/2011 15:00,0.01, , ,COOP:180465,BALTIMORE WASHINGTON INTERNATIONAL AIRPORT MD US,39.17329,-76.68408,42
7/8/2011 16:00,0.68, , ,COOP:180465,BALTIMORE WASHINGTON INTERNATIONAL AIRPORT MD US,39.17329,-76.68408,42
7/8/2011 17:00,0.11, , ,COOP:180465,BALTIMORE WASHINGTON INTERNATIONAL AIRPORT MD US,39.17329,-76.68408,42
7/8/2011 18:00,0,T, ,COOP:180465,BALTIMORE WASHINGTON INTERNATIONAL AIRPORT MD US,39.17329,-76.68408,42
7/11/2011 20:00,0.03, , ,COOP:180465,BALTIMORE WASHINGTON INTERNATIONAL AIRPORT MD US,39.17329,-76.68408,42
7/11/2011 21:00,0.14, , ,COOP:180465,BALTIMORE WASHINGTON INTERNATIONAL AIRPORT MD US,39.17329,-76.68408,42
7/13/2011 14:00,0,T, ,COOP:180465,BALTIMORE WASHINGTON INTERNATIONAL AIRPORT MD US,39.17329,-76.68408,42
7/13/2011 15:00,0.26, , ,COOP:180465,BALTIMORE WASHINGTON INTERNATIONAL AIRPORT MD US,39.17329,-76.68408,42
7/13/2011 16:00,0,T, ,COOP:180465,BALTIMORE WASHINGTON INTERNATIONAL AIRPORT MD US,39.17329,-76.68408,42
7/13/2011 18:00,0,T, ,COOP:180465,BALTIMORE WASHINGTON INTERNATIONAL AIRPORT MD US,39.17329,-76.68408,42
7/19/2011 15:00,0,T, ,COOP:180465,BALTIMORE WASHINGTON INTERNATIONAL AIRPORT MD US,39.17329,-76.68408,42
7/19/2011 16:00,0.16, , ,COOP:180465,BALTIMORE WASHINGTON INTERNATIONAL AIRPORT MD US,39.17329,-76.68408,42
7/23/2011 8:00,0.06, , ,COOP:180465,BALTIMORE WASHINGTON INTERNATIONAL AIRPORT MD US,39.17329,-76.68408,42
7/25/2011 14:00,0.02, , ,COOP:180465,BALTIMORE WASHINGTON INTERNATIONAL AIRPORT MD US,39.17329,-76.68408,42
7/25/2011 15:00,0.51, , ,COOP:180465,BALTIMORE WASHINGTON INTERNATIONAL AIRPORT MD US,39.17329,-76.68408,42
7/25/2011 16:00,0.11, , ,COOP:180465,BALTIMORE WASHINGTON INTERNATIONAL AIRPORT MD US,39.17329,-76.68408,42
7/28/2011 21:00,0,T, ,COOP:180465,BALTIMORE WASHINGTON INTERNATIONAL AIRPORT MD US,39.17329,-76.68408,42
8/1/2011 1:00,999.99,[, ,COOP:180465,BALTIMORE WASHINGTON INTERNATIONAL AIRPORT MD US,39.17329,-76.68408,42
9/1/2011 0:00,999.99,], ,COOP:180465,BALTIMORE WASHINGTON INTERNATIONAL AIRPORT MD US,39.17329,-76.68408,42
9/1/2011 1:00,999.99,[, ,COOP:180465,BALTIMORE WASHINGTON INTERNATIONAL AIRPORT MD US,39.17329,-76.68408,42
10/1/2011 0:00,999.99,], ,COOP:180465,BALTIMORE WASHINGTON INTERNATIONAL AIRPORT MD US,39.17329,-76.68408,42
10/1/2011 1:00,999.99,[, ,COOP:180465,BALTIMORE WASHINGTON INTERNATIONAL AIRPORT MD US,39.17329,-76.68408,42
11/1/2011 0:00,999.99,], ,COOP:180465,BALTIMORE WASHINGTON INTERNATIONAL AIRPORT MD US,39.17329,-76.68408,42
11/1/2011 1:00,999.99,[, ,COOP:180465,BALTIMORE WASHINGTON INTERNATIONAL AIRPORT MD US,39.17329,-76.68408,42
12/1/2011 0:00,999.99,], ,COOP:180465,BALTIMORE WASHINGTON INTERNATIONAL AIRPORT MD US,39.17329,-76.68408,42
12/1/2011 1:00,999.99,[, ,COOP:180465,BALTIMORE WASHINGTON INTERNATIONAL AIRPORT MD US,39.17329,-76.68408,42
1/1/2012 0:00,999.99,], ,COOP:180465,BALTIMORE WASHINGTON INTERNATIONAL AIRPORT MD US,39.17329,-76.68408,42
1/1/2012 1:00,999.99,[, ,COOP:180465,BALTIMORE WASHINGTON INTERNATIONAL AIRPORT MD US,39.17329,-76.68408,42
2/1/2012 0:00,999.99,], ,COOP:180465,BALTIMORE WASHINGTON INTERNATIONAL AIRPORT MD US,39.17329,-76.68408,42
2/1/2012 1:00,999.99,[, ,COOP:180465,BALTIMORE WASHINGTON INTERNATIONAL AIRPORT MD US,39.17329,-76.68408,42
3/1/2012 0:00,999.99,], ,COOP:180465,BALTIMORE WASHINGTON INTERNATIONAL AIRPORT MD US,39.17329,-76.68408,42
3/1/2012 1:00,999.99,[, ,COOP:180465,BALTIMORE WASHINGTON INTERNATIONAL AIRPORT MD US,39.17329,-76.68408,42
4/1/2012 0:00,999.99,], ,COOP:180465,BALTIMORE WASHINGTON INTERNATIONAL AIRPORT MD US,39.17329,-76.68408,42
4/1/2012 1:00,0,g, ,COOP:180465,BALTIMORE WASHINGTON INTERNATIONAL AIRPORT MD US,39.17329,-76.68408,42
4/1/2012 18:00,0,T, ,COOP:180465,BALTIMORE WASHINGTON INTERNATIONAL AIRPORT MD US,39.17329,-76.68408,42
4/1/2012 19:00,0,T, ,COOP:180465,BALTIMORE WASHINGTON INTERNATIONAL AIRPORT MD US,39.17329,-76.68408,42
4/1/2012 20:00,0,T, ,COOP:180465,BALTIMORE WASHINGTON INTERNATIONAL AIRPORT MD US,39.17329,-76.68408,42
4/1/2012 21:00,0.02, , ,COOP:180465,BALTIMORE WASHINGTON INTERNATIONAL AIRPORT MD US,39.17329,-76.68408,42
4/1/2012 22:00,0,T, ,COOP:180465,BALTIMORE WASHINGTON INTERNATIONAL AIRPORT MD US,39.17329,-76.68408,42
4/1/2012 23:00,0,T, ,COOP:180465,BALTIMORE WASHINGTON INTERNATIONAL AIRPORT MD US,39.17329,-76.68408,42
4/2/2012 0:00,0.02, , ,COOP:180465,BALTIMORE WASHINGTON INTERNATIONAL AIRPORT MD US,39.17329,-76.68408,42
4/2/2012 1:00,0.02, , ,COOP:180465,BALTIMORE WASHINGTON INTERNATIONAL AIRPORT MD US,39.17329,-76.68408,42
4/2/2012 2:00,0,T, ,COOP:180465,BALTIMORE WASHINGTON INTERNATIONAL AIRPORT MD US,39.17329,-76.68408,42
4/11/2012 13:00,0,T, ,COOP:180465,BALTIMORE WASHINGTON INTERNATIONAL AIRPORT MD US,39.17329,-76.68408,42
4/11/2012 14:00,0,T, ,COOP:180465,BALTIMORE WASHINGTON INTERNATIONAL AIRPORT MD US,39.17329,-76.68408,42
4/11/2012 15:00,0,T, ,COOP:180465,BALTIMORE WASHINGTON INTERNATIONAL AIRPORT MD US,39.17329,-76.68408,42
4/11/2012 19:00,0,T, ,COOP:180465,BALTIMORE WASHINGTON INTERNATIONAL AIRPORT MD US,39.17329,-76.68408,42
4/11/2012 20:00,0,T, ,COOP:180465,BALTIMORE WASHINGTON INTERNATIONAL AIRPORT MD US,39.17329,-76.68408,42
4/14/2012 23:00,0,T, ,COOP:180465,BALTIMORE WASHINGTON INTERNATIONAL AIRPORT MD US,39.17329,-76.68408,42
4/15/2012 0:00,0,T, ,COOP:180465,BALTIMORE WASHINGTON INTERNATIONAL AIRPORT MD US,39.17329,-76.68408,42
4/15/2012 1:00,0,T, ,COOP:180465,BALTIMORE WASHINGTON INTERNATIONAL AIRPORT MD US,39.17329,-76.68408,42
4/15/2012 2:00,0,T, ,COOP:180465,BALTIMORE WASHINGTON INTERNATIONAL AIRPORT MD US,39.17329,-76.68408,42
4/15/2012 3:00,0,T, ,COOP:180465,BALTIMORE WASHINGTON INTERNATIONAL AIRPORT MD US,39.17329,-76.68408,42
4/18/2012 8:00,0,T, ,COOP:180465,BALTIMORE WASHINGTON INTERNATIONAL AIRPORT MD US,39.17329,-76.68408,42
4/18/2012 9:00,0,T, ,COOP:180465,BALTIMORE WASHINGTON INTERNATIONAL AIRPORT MD US,39.17329,-76.68408,42
4/18/2012 10:00,0,T, ,COOP:180465,BALTIMORE WASHINGTON INTERNATIONAL AIRPORT MD US,39.17329,-76.68408,42
4/18/2012 11:00,0,T, ,COOP:180465,BALTIMORE WASHINGTON INTERNATIONAL AIRPORT MD US,39.17329,-76.68408,42
4/18/2012 12:00,0,T, ,COOP:180465,BALTIMORE WASHINGTON INTERNATIONAL AIRPORT MD US,39.17329,-76.68408,42
4/18/2012 13:00,0.02, , ,COOP:180465,BALTIMORE WASHINGTON INTERNATIONAL AIRPORT MD US,39.17329,-76.68408,42
4/18/2012 14:00,0.05, , ,COOP:180465,BALTIMORE WASHINGTON INTERNATIONAL AIRPORT MD US,39.17329,-76.68408,42
4/18/2012 15:00,0.05, , ,COOP:180465,BALTIMORE WASHINGTON INTERNATIONAL AIRPORT MD US,39.17329,-76.68408,42
4/18/2012 16:00,0.01, , ,COOP:180465,BALTIMORE WASHINGTON INTERNATIONAL AIRPORT MD US,39.17329,-76.68408,42
4/18/2012 17:00,0,T, ,COOP:180465,BALTIMORE WASHINGTON INTERNATIONAL AIRPORT MD US,39.17329,-76.68408,42
4/18/2012 18:00,0,T, ,COOP:180465,BALTIMORE WASHINGTON INTERNATIONAL AIRPORT MD US,39.17329,-76.68408,42
4/18/2012 21:00,0.02, , ,COOP:180465,BALTIMORE WASHINGTON INTERNATIONAL AIRPORT MD US,39.17329,-76.68408,42
4/18/2012 22:00,0.01, , ,COOP:180465,BALTIMORE WASHINGTON INTERNATIONAL AIRPORT MD US,39.17329,-76.68408,42
4/18/2012 23:00,0,T, ,COOP:180465,BALTIMORE WASHINGTON INTERNATIONAL AIRPORT MD US,39.17329,-76.68408,42
4/19/2012 0:00,0,T, ,COOP:180465,BALTIMORE WASHINGTON INTERNATIONAL AIRPORT MD US,39.17329,-76.68408,42
4/19/2012 1:00,0,T, ,COOP:180465,BALTIMORE WASHINGTON INTERNATIONAL AIRPORT MD US,39.17329,-76.68408,42
4/21/2012 19:00,0,T, ,COOP:180465,BALTIMORE WASHINGTON INTERNATIONAL AIRPORT MD US,39.17329,-76.68408,42
4/21/2012 20:00,0.03, , ,COOP:180465,BALTIMORE WASHINGTON INTERNATIONAL AIRPORT MD US,39.17329,-76.68408,42
4/21/2012 21:00,0.02, , ,COOP:180465,BALTIMORE WASHINGTON INTERNATIONAL AIRPORT MD US,39.17329,-76.68408,42
4/21/2012 23:00,0,T, ,COOP:180465,BALTIMORE WASHINGTON INTERNATIONAL AIRPORT MD US,39.17329,-76.68408,42
4/22/2012 6:00,0,T, ,COOP:180465,BALTIMORE WASHINGTON INTERNATIONAL AIRPORT MD US,39.17329,-76.68408,42
4/22/2012 7:00,0.01, , ,COOP:180465,BALTIMORE WASHINGTON INTERNATIONAL AIRPORT MD US,39.17329,-76.68408,42
4/22/2012 8:00,0.01, , ,COOP:180465,BALTIMORE WASHINGTON INTERNATIONAL AIRPORT MD US,39.17329,-76.68408,42
4/22/2012 9:00,0.01, , ,COOP:180465,BALTIMORE WASHINGTON INTERNATIONAL AIRPORT MD US,39.17329,-76.68408,42
4/22/2012 10:00,0.03, , ,COOP:180465,BALTIMORE WASHINGTON INTERNATIONAL AIRPORT MD US,39.17329,-76.68408,42
4/22/2012 11:00,0.06, , ,COOP:180465,BALTIMORE WASHINGTON INTERNATIONAL AIRPORT MD US,39.17329,-76.68408,42
4/22/2012 12:00,0.12, , ,COOP:180465,BALTIMORE WASHINGTON INTERNATIONAL AIRPORT MD US,39.17329,-76.68408,42
4/22/2012 13:00,0.12, , ,COOP:180465,BALTIMORE WASHINGTON INTERNATIONAL AIRPORT MD US,39.17329,-76.68408,42
4/22/2012 14:00,0.11, , ,COOP:180465,BALTIMORE WASHINGTON INTERNATIONAL AIRPORT MD US,39.17329,-76.68408,42
4/22/2012 15:00,0.07, , ,COOP:180465,BALTIMORE WASHINGTON INTERNATIONAL AIRPORT MD US,39.17329,-76.68408,42
4/22/2012 16:00,0.09, , ,COOP:180465,BALTIMORE WASHINGTON INTERNATIONAL AIRPORT MD US,39.17329,-76.68408,42
4/22/2012 17:00,0.09, , ,COOP:180465,BALTIMORE WASHINGTON INTERNATIONAL AIRPORT MD US,39.17329,-76.68408,42
4/22/2012 18:00,0.09, , ,COOP:180465,BALTIMORE WASHINGTON INTERNATIONAL AIRPORT MD US,39.17329,-76.68408,42
4/22/2012 19:00,0.09, , ,COOP:180465,BALTIMORE WASHINGTON INTERNATIONAL AIRPORT MD US,39.17329,-76.68408,42
4/22/2012 20:00,0.16, , ,COOP:180465,BALTIMORE WASHINGTON INTERNATIONAL AIRPORT MD US,39.17329,-76.68408,42
4/22/2012 21:00,0.2, , ,COOP:180465,BALTIMORE WASHINGTON INTERNATIONAL AIRPORT MD US,39.17329,-76.68408,42
4/22/2012 22:00,0.06, , ,COOP:180465,BALTIMORE WASHINGTON INTERNATIONAL AIRPORT MD US,39.17329,-76.68408,42
4/22/2012 23:00,0.01, , ,COOP:180465,BALTIMORE WASHINGTON INTERNATIONAL AIRPORT MD US,39.17329,-76.68408,42
4/23/2012 2:00,0,T, ,COOP:180465,BALTIMORE WASHINGTON INTERNATIONAL AIRPORT MD US,39.17329,-76.68408,42
4/23/2012 3:00,0,T, ,COOP:180465,BALTIMORE WASHINGTON INTERNATIONAL AIRPORT MD US,39.17329,-76.68408,42
4/23/2012 4:00,0,T, ,COOP:180465,BALTIMORE WASHINGTON INTERNATIONAL AIRPORT MD US,39.17329,-76.68408,42
4/23/2012 5:00,0,T, ,COOP:180465,BALTIMORE WASHINGTON INTERNATIONAL AIRPORT MD US,39.17329,-76.68408,42
4/23/2012 6:00,0.01, , ,COOP:180465,BALTIMORE WASHINGTON INTERNATIONAL AIRPORT MD US,39.17329,-76.68408,42
4/23/2012 7:00,0,T, ,COOP:180465,BALTIMORE WASHINGTON INTERNATIONAL AIRPORT MD US,39.17329,-76.68408,42
4/23/2012 11:00,0,T, ,COOP:180465,BALTIMORE WASHINGTON INTERNATIONAL AIRPORT MD US,39.17329,-76.68408,42
4/23/2012 12:00,0,T, ,COOP:180465,BALTIMORE WASHINGTON INTERNATIONAL AIRPORT MD US,39.17329,-76.68408,42
4/23/2012 13:00,0,T, ,COOP:180465,BALTIMORE WASHINGTON INTERNATIONAL AIRPORT MD US,39.17329,-76.68408,42
4/23/2012 14:00,0,T, ,COOP:180465,BALTIMORE WASHINGTON INTERNATIONAL AIRPORT MD US,39.17329,-76.68408,42
4/23/2012 15:00,0,T, ,COOP:180465,BALTIMORE WASHINGTON INTERNATIONAL AIRPORT MD US,39.17329,-76.68408,42
4/23/2012 16:00,0.01, , ,COOP:180465,BALTIMORE WASHINGTON INTERNATIONAL AIRPORT MD US,39.17329,-76.68408,42
4/23/2012 17:00,0,T, ,COOP:180465,BALTIMORE WASHINGTON INTERNATIONAL AIRPORT MD US,39.17329,-76.68408,42
4/23/2012 18:00,0,T, ,COOP:180465,BALTIMORE WASHINGTON INTERNATIONAL AIRPORT MD US,39.17329,-76.68408,42
4/23/2012 19:00,0,T, ,COOP:180465,BALTIMORE WASHINGTON INTERNATIONAL AIRPORT MD US,39.17329,-76.68408,42
4/26/2012 4:00,0,T, ,COOP:180465,BALTIMORE WASHINGTON INTERNATIONAL AIRPORT MD US,39.17329,-76.68408,42
4/26/2012 7:00,0,T, ,COOP:180465,BALTIMORE WASHINGTON INTERNATIONAL AIRPORT MD US,39.17329,-76.68408,42
4/26/2012 8:00,0.21, , ,COOP:180465,BALTIMORE WASHINGTON INTERNATIONAL AIRPORT MD US,39.17329,-76.68408,42
4/26/2012 9:00,0.02, , ,COOP:180465,BALTIMORE WASHINGTON INTERNATIONAL AIRPORT MD US,39.17329,-76.68408,42
4/26/2012 12:00,0,T, ,COOP:180465,BALTIMORE WASHINGTON INTERNATIONAL AIRPORT MD US,39.17329,-76.68408,42
4/26/2012 13:00,0,T, ,COOP:180465,BALTIMORE WASHINGTON INTERNATIONAL AIRPORT MD US,39.17329,-76.68408,42
4/26/2012 22:00,0.06, , ,COOP:180465,BALTIMORE WASHINGTON INTERNATIONAL AIRPORT MD US,39.17329,-76.68408,42
4/28/2012 14:00,0,T, ,COOP:180465,BALTIMORE WASHINGTON INTERNATIONAL AIRPORT MD US,39.17329,-76.68408,42
4/28/2012 17:00,0.01, , ,COOP:180465,BALTIMORE WASHINGTON INTERNATIONAL AIRPORT MD US,39.17329,-76.68408,42
4/28/2012 18:00,0,T, ,COOP:180465,BALTIMORE WASHINGTON INTERNATIONAL AIRPORT MD US,39.17329,-76.68408,42
4/28/2012 19:00,0.01, , ,COOP:180465,BALTIMORE WASHINGTON INTERNATIONAL AIRPORT MD US,39.17329,-76.68408,42
4/28/2012 21:00,0,T, ,COOP:180465,BALTIMORE WASHINGTON INTERNATIONAL AIRPORT MD US,39.17329,-76.68408,42
4/28/2012 22:00,0.01, , ,COOP:180465,BALTIMORE WASHINGTON INTERNATIONAL AIRPORT MD US,39.17329,-76.68408,42
4/28/2012 23:00,0.03, , ,COOP:180465,BALTIMORE WASHINGTON INTERNATIONAL AIRPORT MD US,39.17329,-76.68408,42
4/29/2012 0:00,0,T, ,COOP:180465,BALTIMORE WASHINGTON INTERNATIONAL AIRPORT MD US,39.17329,-76.68408,42
4/29/2012 1:00,0.02, , ,COOP:180465,BALTIMORE WASHINGTON INTERNATIONAL AIRPORT MD US,39.17329,-76.68408,42
4/29/2012 2:00,0,T, ,COOP:180465,BALTIMORE WASHINGTON INTERNATIONAL AIRPORT MD US,39.17329,-76.68408,42
5/1/2012 1:00,0,g, ,COOP:180465,BALTIMORE WASHINGTON INTERNATIONAL AIRPORT MD US,39.17329,-76.68408,42
5/1/2012 5:00,0.02, , ,COOP:180465,BALTIMORE WASHINGTON INTERNATIONAL AIRPORT MD US,39.17329,-76.68408,42
5/1/2012 6:00,0.03, , ,COOP:180465,BALTIMORE WASHINGTON INTERNATIONAL AIRPORT MD US,39.17329,-76.68408,42
5/1/2012 7:00,0.02, , ,COOP:180465,BALTIMORE WASHINGTON INTERNATIONAL AIRPORT MD US,39.17329,-76.68408,42
5/2/2012 5:00,0,T, ,COOP:180465,BALTIMORE WASHINGTON INTERNATIONAL AIRPORT MD US,39.17329,-76.68408,42
5/2/2012 6:00,0,T, ,COOP:180465,BALTIMORE WASHINGTON INTERNATIONAL AIRPORT MD US,39.17329,-76.68408,42
5/3/2012 4:00,0,T, ,COOP:180465,BALTIMORE WASHINGTON INTERNATIONAL AIRPORT MD US,39.17329,-76.68408,42
5/3/2012 5:00,0,T, ,COOP:180465,BALTIMORE WASHINGTON INTERNATIONAL AIRPORT MD US,39.17329,-76.68408,42
5/3/2012 6:00,0.01, , ,COOP:180465,BALTIMORE WASHINGTON INTERNATIONAL AIRPORT MD US,39.17329,-76.68408,42
5/3/2012 23:00,0.03, , ,COOP:180465,BALTIMORE WASHINGTON INTERNATIONAL AIRPORT MD US,39.17329,-76.68408,42
5/4/2012 0:00,0,T, ,COOP:180465,BALTIMORE WASHINGTON INTERNATIONAL AIRPORT MD US,39.17329,-76.68408,42
5/4/2012 13:00,0,T, ,COOP:180465,BALTIMORE WASHINGTON INTERNATIONAL AIRPORT MD US,39.17329,-76.68408,42
5/5/2012 15:00,0.02, , ,COOP:180465,BALTIMORE WASHINGTON INTERNATIONAL AIRPORT MD US,39.17329,-76.68408,42
5/5/2012 16:00,0,T, ,COOP:180465,BALTIMORE WASHINGTON INTERNATIONAL AIRPORT MD US,39.17329,-76.68408,42
5/6/2012 0:00,0,T, ,COOP:180465,BALTIMORE WASHINGTON INTERNATIONAL AIRPORT MD US,39.17329,-76.68408,42
5/6/2012 1:00,0,T, ,COOP:180465,BALTIMORE WASHINGTON INTERNATIONAL AIRPORT MD US,39.17329,-76.68408,42
5/6/2012 2:00,0,T, ,COOP:180465,BALTIMORE WASHINGTON INTERNATIONAL AIRPORT MD US,39.17329,-76.68408,42
5/6/2012 3:00,0,T, ,COOP:180465,BALTIMORE WASHINGTON INTERNATIONAL AIRPORT MD US,39.17329,-76.68408,42
5/6/2012 4:00,0,T, ,COOP:180465,BALTIMORE WASHINGTON INTERNATIONAL AIRPORT MD US,39.17329,-76.68408,42
5/6/2012 5:00,0,T, ,COOP:180465,BALTIMORE WASHINGTON INTERNATIONAL AIRPORT MD US,39.17329,-76.68408,42
5/6/2012 6:00,0,T, ,COOP:180465,BALTIMORE WASHINGTON INTERNATIONAL AIRPORT MD US,39.17329,-76.68408,42
5/6/2012 7:00,0,T, ,COOP:180465,BALTIMORE WASHINGTON INTERNATIONAL AIRPORT MD US,39.17329,-76.68408,42
5/6/2012 8:00,0,T, ,COOP:180465,BALTIMORE WASHINGTON INTERNATIONAL AIRPORT MD US,39.17329,-76.68408,42
5/6/2012 9:00,0,T, ,COOP:180465,BALTIMORE WASHINGTON INTERNATIONAL AIRPORT MD US,39.17329,-76.68408,42
5/7/2012 11:00,0,T, ,COOP:180465,BALTIMORE WASHINGTON INTERNATIONAL AIRPORT MD US,39.17329,-76.68408,42
5/8/2012 13:00,0,T, ,COOP:180465,BALTIMORE WASHINGTON INTERNATIONAL AIRPORT MD US,39.17329,-76.68408,42
5/8/2012 14:00,0.02, , ,COOP:180465,BALTIMORE WASHINGTON INTERNATIONAL AIRPORT MD US,39.17329,-76.68408,42
5/8/2012 15:00,0.03, , ,COOP:180465,BALTIMORE WASHINGTON INTERNATIONAL AIRPORT MD US,39.17329,-76.68408,42
5/8/2012 16:00,0.01, , ,COOP:180465,BALTIMORE WASHINGTON INTERNATIONAL AIRPORT MD US,39.17329,-76.68408,42
5/8/2012 17:00,0,T, ,COOP:180465,BALTIMORE WASHINGTON INTERNATIONAL AIRPORT MD US,39.17329,-76.68408,42
5/8/2012 20:00,0,T, ,COOP:180465,BALTIMORE WASHINGTON INTERNATIONAL AIRPORT MD US,39.17329,-76.68408,42
5/8/2012 23:00,0.04, , ,COOP:180465,BALTIMORE WASHINGTON INTERNATIONAL AIRPORT MD US,39.17329,-76.68408,42
5/9/2012 0:00,0,T, ,COOP:180465,BALTIMORE WASHINGTON INTERNATIONAL AIRPORT MD US,39.17329,-76.68408,42
5/9/2012 1:00,0.01, , ,COOP:180465,BALTIMORE WASHINGTON INTERNATIONAL AIRPORT MD US,39.17329,-76.68408,42
5/9/2012 2:00,0.05, , ,COOP:180465,BALTIMORE WASHINGTON INTERNATIONAL AIRPORT MD US,39.17329,-76.68408,42
5/9/2012 3:00,0.05, , ,COOP:180465,BALTIMORE WASHINGTON INTERNATIONAL AIRPORT MD US,39.17329,-76.68408,42
5/9/2012 4:00,0.01, , ,COOP:180465,BALTIMORE WASHINGTON INTERNATIONAL AIRPORT MD US,39.17329,-76.68408,42
5/9/2012 5:00,0,T, ,COOP:180465,BALTIMORE WASHINGTON INTERNATIONAL AIRPORT MD US,39.17329,-76.68408,42
5/9/2012 18:00,0,T, ,COOP:180465,BALTIMORE WASHINGTON INTERNATIONAL AIRPORT MD US,39.17329,-76.68408,42
5/9/2012 19:00,0.01, , ,COOP:180465,BALTIMORE WASHINGTON INTERNATIONAL AIRPORT MD US,39.17329,-76.68408,42
5/9/2012 20:00,0.04, , ,COOP:180465,BALTIMORE WASHINGTON INTERNATIONAL AIRPORT MD US,39.17329,-76.68408,42
5/9/2012 21:00,0.05, , ,COOP:180465,BALTIMORE WASHINGTON INTERNATIONAL AIRPORT MD US,39.17329,-76.68408,42
5/9/2012 22:00,0.02, , ,COOP:180465,BALTIMORE WASHINGTON INTERNATIONAL AIRPORT MD US,39.17329,-76.68408,42
5/9/2012 23:00,0.01, , ,COOP:180465,BALTIMORE WASHINGTON INTERNATIONAL AIRPORT MD US,39.17329,-76.68408,42
5/10/2012 0:00,0.01, , ,COOP:180465,BALTIMORE WASHINGTON INTERNATIONAL AIRPORT MD US,39.17329,-76.68408,42
5/10/2012 1:00,0,T, ,COOP:180465,BALTIMORE WASHINGTON INTERNATIONAL AIRPORT MD US,39.17329,-76.68408,42
5/14/2012 6:00,0,T, ,COOP:180465,BALTIMORE WASHINGTON INTERNATIONAL AIRPORT MD US,39.17329,-76.68408,42
5/14/2012 7:00,0,T, ,COOP:180465,BALTIMORE WASHINGTON INTERNATIONAL AIRPORT MD US,39.17329,-76.68408,42
5/14/2012 8:00,0,T, ,COOP:180465,BALTIMORE WASHINGTON INTERNATIONAL AIRPORT MD US,39.17329,-76.68408,42
5/14/2012 9:00,0.03, , ,COOP:180465,BALTIMORE WASHINGTON INTERNATIONAL AIRPORT MD US,39.17329,-76.68408,42
5/14/2012 10:00,0.01, , ,COOP:180465,BALTIMORE WASHINGTON INTERNATIONAL AIRPORT MD US,39.17329,-76.68408,42
5/14/2012 11:00,0,T, ,COOP:180465,BALTIMORE WASHINGTON INTERNATIONAL AIRPORT MD US,39.17329,-76.68408,42
5/14/2012 12:00,0.01, , ,COOP:180465,BALTIMORE WASHINGTON INTERNATIONAL AIRPORT MD US,39.17329,-76.68408,42
5/14/2012 13:00,0,T, ,COOP:180465,BALTIMORE WASHINGTON INTERNATIONAL AIRPORT MD US,39.17329,-76.68408,42
5/14/2012 14:00,0,T, ,COOP:180465,BALTIMORE WASHINGTON INTERNATIONAL AIRPORT MD US,39.17329,-76.68408,42
5/14/2012 16:00,0,T, ,COOP:180465,BALTIMORE WASHINGTON INTERNATIONAL AIRPORT MD US,39.17329,-76.68408,42
5/14/2012 17:00,0.02, , ,COOP:180465,BALTIMORE WASHINGTON INTERNATIONAL AIRPORT MD US,39.17329,-76.68408,42
5/14/2012 18:00,0.03, , ,COOP:180465,BALTIMORE WASHINGTON INTERNATIONAL AIRPORT MD US,39.17329,-76.68408,42
5/14/2012 19:00,0.01, , ,COOP:180465,BALTIMORE WASHINGTON INTERNATIONAL AIRPORT MD US,39.17329,-76.68408,42
5/14/2012 20:00,0,T, ,COOP:180465,BALTIMORE WASHINGTON INTERNATIONAL AIRPORT MD US,39.17329,-76.68408,42
5/14/2012 21:00,0.02, , ,COOP:180465,BALTIMORE WASHINGTON INTERNATIONAL AIRPORT MD US,39.17329,-76.68408,42
5/14/2012 22:00,0.02, , ,COOP:180465,BALTIMORE WASHINGTON INTERNATIONAL AIRPORT MD US,39.17329,-76.68408,42
5/14/2012 23:00,0,T, ,COOP:180465,BALTIMORE WASHINGTON INTERNATIONAL AIRPORT MD US,39.17329,-76.68408,42
5/15/2012 1:00,0,T, ,COOP:180465,BALTIMORE WASHINGTON INTERNATIONAL AIRPORT MD US,39.17329,-76.68408,42
5/15/2012 3:00,0,T, ,COOP:180465,BALTIMORE WASHINGTON INTERNATIONAL AIRPORT MD US,39.17329,-76.68408,42
5/15/2012 4:00,0,T, ,COOP:180465,BALTIMORE WASHINGTON INTERNATIONAL AIRPORT MD US,39.17329,-76.68408,42
5/15/2012 5:00,0.01, , ,COOP:180465,BALTIMORE WASHINGTON INTERNATIONAL AIRPORT MD US,39.17329,-76.68408,42
5/15/2012 6:00,0.26, , ,COOP:180465,BALTIMORE WASHINGTON INTERNATIONAL AIRPORT MD US,39.17329,-76.68408,42
5/15/2012 7:00,0.1, , ,COOP:180465,BALTIMORE WASHINGTON INTERNATIONAL AIRPORT MD US,39.17329,-76.68408,42
5/15/2012 8:00,0,T, ,COOP:180465,BALTIMORE WASHINGTON INTERNATIONAL AIRPORT MD US,39.17329,-76.68408,42
5/15/2012 13:00,0,T, ,COOP:180465,BALTIMORE WASHINGTON INTERNATIONAL AIRPORT MD US,39.17329,-76.68408,42
5/15/2012 14:00,0,T, ,COOP:180465,BALTIMORE WASHINGTON INTERNATIONAL AIRPORT MD US,39.17329,-76.68408,42
5/15/2012 15:00,0,T, ,COOP:180465,BALTIMORE WASHINGTON INTERNATIONAL AIRPORT MD US,39.17329,-76.68408,42
5/15/2012 19:00,0,T, ,COOP:180465,BALTIMORE WASHINGTON INTERNATIONAL AIRPORT MD US,39.17329,-76.68408,42
5/15/2012 20:00,0.01, , ,COOP:180465,BALTIMORE WASHINGTON INTERNATIONAL AIRPORT MD US,39.17329,-76.68408,42
5/15/2012 21:00,0,T, ,COOP:180465,BALTIMORE WASHINGTON INTERNATIONAL AIRPORT MD US,39.17329,-76.68408,42
5/15/2012 22:00,0.01, , ,COOP:180465,BALTIMORE WASHINGTON INTERNATIONAL AIRPORT MD US,39.17329,-76.68408,42
5/15/2012 23:00,0,T, ,COOP:180465,BALTIMORE WASHINGTON INTERNATIONAL AIRPORT MD US,39.17329,-76.68408,42
5/20/2012 20:00,0,T, ,COOP:180465,BALTIMORE WASHINGTON INTERNATIONAL AIRPORT MD US,39.17329,-76.68408,42
5/20/2012 22:00,0,T, ,COOP:180465,BALTIMORE WASHINGTON INTERNATIONAL AIRPORT MD US,39.17329,-76.68408,42
5/20/2012 23:00,0.01, , ,COOP:180465,BALTIMORE WASHINGTON INTERNATIONAL AIRPORT MD US,39.17329,-76.68408,42
5/21/2012 0:00,0.03, , ,COOP:180465,BALTIMORE WASHINGTON INTERNATIONAL AIRPORT MD US,39.17329,-76.68408,42
5/21/2012 1:00,0,T, ,COOP:180465,BALTIMORE WASHINGTON INTERNATIONAL AIRPORT MD US,39.17329,-76.68408,42
5/21/2012 2:00,0,T, ,COOP:180465,BALTIMORE WASHINGTON INTERNATIONAL AIRPORT MD US,39.17329,-76.68408,42
5/21/2012 4:00,0,T, ,COOP:180465,BALTIMORE WASHINGTON INTERNATIONAL AIRPORT MD US,39.17329,-76.68408,42
5/21/2012 5:00,0,T, ,COOP:180465,BALTIMORE WASHINGTON INTERNATIONAL AIRPORT MD US,39.17329,-76.68408,42
5/21/2012 6:00,0.14, , ,COOP:180465,BALTIMORE WASHINGTON INTERNATIONAL AIRPORT MD US,39.17329,-76.68408,42
5/21/2012 7:00,0,T, ,COOP:180465,BALTIMORE WASHINGTON INTERNATIONAL AIRPORT MD US,39.17329,-76.68408,42
5/21/2012 8:00,0.03, , ,COOP:180465,BALTIMORE WASHINGTON INTERNATIONAL AIRPORT MD US,39.17329,-76.68408,42
5/21/2012 9:00,0.02, , ,COOP:180465,BALTIMORE WASHINGTON INTERNATIONAL AIRPORT MD US,39.17329,-76.68408,42
5/21/2012 10:00,0.02, , ,COOP:180465,BALTIMORE WASHINGTON INTERNATIONAL AIRPORT MD US,39.17329,-76.68408,42
5/21/2012 11:00,0.01, , ,COOP:180465,BALTIMORE WASHINGTON INTERNATIONAL AIRPORT MD US,39.17329,-76.68408,42
5/21/2012 12:00,0.02, , ,COOP:180465,BALTIMORE WASHINGTON INTERNATIONAL AIRPORT MD US,39.17329,-76.68408,42
5/21/2012 13:00,0.08, , ,COOP:180465,BALTIMORE WASHINGTON INTERNATIONAL AIRPORT MD US,39.17329,-76.68408,42
5/21/2012 14:00,0.02, , ,COOP:180465,BALTIMORE WASHINGTON INTERNATIONAL AIRPORT MD US,39.17329,-76.68408,42
5/21/2012 15:00,0,T, ,COOP:180465,BALTIMORE WASHINGTON INTERNATIONAL AIRPORT MD US,39.17329,-76.68408,42
5/21/2012 16:00,0,T, ,COOP:180465,BALTIMORE WASHINGTON INTERNATIONAL AIRPORT MD US,39.17329,-76.68408,42
5/21/2012 17:00,0,T, ,COOP:180465,BALTIMORE WASHINGTON INTERNATIONAL AIRPORT MD US,39.17329,-76.68408,42
5/21/2012 18:00,0,T, ,COOP:180465,BALTIMORE WASHINGTON INTERNATIONAL AIRPORT MD US,39.17329,-76.68408,42
5/21/2012 19:00,0.2, , ,COOP:180465,BALTIMORE WASHINGTON INTERNATIONAL AIRPORT MD US,39.17329,-76.68408,42
5/21/2012 20:00,0.01, , ,COOP:180465,BALTIMORE WASHINGTON INTERNATIONAL AIRPORT MD US,39.17329,-76.68408,42
5/21/2012 21:00,0.01, , ,COOP:180465,BALTIMORE WASHINGTON INTERNATIONAL AIRPORT MD US,39.17329,-76.68408,42
5/22/2012 4:00,0,T, ,COOP:180465,BALTIMORE WASHINGTON INTERNATIONAL AIRPORT MD US,39.17329,-76.68408,42
5/22/2012 6:00,0,T, ,COOP:180465,BALTIMORE WASHINGTON INTERNATIONAL AIRPORT MD US,39.17329,-76.68408,42
5/22/2012 7:00,0,T, ,COOP:180465,BALTIMORE WASHINGTON INTERNATIONAL AIRPORT MD US,39.17329,-76.68408,42
5/23/2012 13:00,0,T, ,COOP:180465,BALTIMORE WASHINGTON INTERNATIONAL AIRPORT MD US,39.17329,-76.68408,42
5/23/2012 14:00,0,T, ,COOP:180465,BALTIMORE WASHINGTON INTERNATIONAL AIRPORT MD US,39.17329,-76.68408,42
5/23/2012 19:00,0,T, ,COOP:180465,BALTIMORE WASHINGTON INTERNATIONAL AIRPORT MD US,39.17329,-76.68408,42
5/24/2012 21:00,0,T, ,COOP:180465,BALTIMORE WASHINGTON INTERNATIONAL AIRPORT MD US,39.17329,-76.68408,42
5/24/2012 22:00,0,T, ,COOP:180465,BALTIMORE WASHINGTON INTERNATIONAL AIRPORT MD US,39.17329,-76.68408,42
5/25/2012 5:00,0,T, ,COOP:180465,BALTIMORE WASHINGTON INTERNATIONAL AIRPORT MD US,39.17329,-76.68408,42
5/25/2012 6:00,0,T, ,COOP:180465,BALTIMORE WASHINGTON INTERNATIONAL AIRPORT MD US,39.17329,-76.68408,42
5/25/2012 7:00,0,T, ,COOP:180465,BALTIMORE WASHINGTON INTERNATIONAL AIRPORT MD US,39.17329,-76.68408,42
5/27/2012 21:00,0.23, , ,COOP:180465,BALTIMORE WASHINGTON INTERNATIONAL AIRPORT MD US,39.17329,-76.68408,42
5/27/2012 22:00,0.01, , ,COOP:180465,BALTIMORE WASHINGTON INTERNATIONAL AIRPORT MD US,39.17329,-76.68408,42
5/29/2012 20:00,0,T, ,COOP:180465,BALTIMORE WASHINGTON INTERNATIONAL AIRPORT MD US,39.17329,-76.68408,42
5/29/2012 21:00,0.07, , ,COOP:180465,BALTIMORE WASHINGTON INTERNATIONAL AIRPORT MD US,39.17329,-76.68408,42
5/29/2012 22:00,0.04, , ,COOP:180465,BALTIMORE WASHINGTON INTERNATIONAL AIRPORT MD US,39.17329,-76.68408,42
5/29/2012 23:00,0.01, , ,COOP:180465,BALTIMORE WASHINGTON INTERNATIONAL AIRPORT MD US,39.17329,-76.68408,42
5/30/2012 0:00,0,T, ,COOP:180465,BALTIMORE WASHINGTON INTERNATIONAL AIRPORT MD US,39.17329,-76.68408,42
5/30/2012 1:00,0,T, ,COOP:180465,BALTIMORE WASHINGTON INTERNATIONAL AIRPORT MD US,39.17329,-76.68408,42
5/30/2012 2:00,0,T, ,COOP:180465,BALTIMORE WASHINGTON INTERNATIONAL AIRPORT MD US,39.17329,-76.68408,42
5/30/2012 3:00,0,T, ,COOP:180465,BALTIMORE WASHINGTON INTERNATIONAL AIRPORT MD US,39.17329,-76.68408,42
5/30/2012 5:00,0,T, ,COOP:180465,BALTIMORE WASHINGTON INTERNATIONAL AIRPORT MD US,39.17329,-76.68408,42
5/30/2012 6:00,0,T, ,COOP:180465,BALTIMORE WASHINGTON INTERNATIONAL AIRPORT MD US,39.17329,-76.68408,42
5/30/2012 7:00,0,T, ,COOP:180465,BALTIMORE WASHINGTON INTERNATIONAL AIRPORT MD US,39.17329,-76.68408,42
6/1/2012 1:00,0,g, ,COOP:180465,BALTIMORE WASHINGTON INTERNATIONAL AIRPORT MD US,39.17329,-76.68408,42
6/1/2012 17:00,0.63, , ,COOP:180465,BALTIMORE WASHINGTON INTERNATIONAL AIRPORT MD US,39.17329,-76.68408,42
6/1/2012 18:00,0.09, , ,COOP:180465,BALTIMORE WASHINGTON INTERNATIONAL AIRPORT MD US,39.17329,-76.68408,42
6/1/2012 19:00,0.26, , ,COOP:180465,BALTIMORE WASHINGTON INTERNATIONAL AIRPORT MD US,39.17329,-76.68408,42
6/1/2012 20:00,0.19, , ,COOP:180465,BALTIMORE WASHINGTON INTERNATIONAL AIRPORT MD US,39.17329,-76.68408,42
6/1/2012 21:00,0.01, , ,COOP:180465,BALTIMORE WASHINGTON INTERNATIONAL AIRPORT MD US,39.17329,-76.68408,42
6/1/2012 22:00,0.28, , ,COOP:180465,BALTIMORE WASHINGTON INTERNATIONAL AIRPORT MD US,39.17329,-76.68408,42
6/1/2012 23:00,0.09, , ,COOP:180465,BALTIMORE WASHINGTON INTERNATIONAL AIRPORT MD US,39.17329,-76.68408,42
6/2/2012 0:00,0,T, ,COOP:180465,BALTIMORE WASHINGTON INTERNATIONAL AIRPORT MD US,39.17329,-76.68408,42
6/3/2012 21:00,0,T, ,COOP:180465,BALTIMORE WASHINGTON INTERNATIONAL AIRPORT MD US,39.17329,-76.68408,42
6/3/2012 23:00,0,T, ,COOP:180465,BALTIMORE WASHINGTON INTERNATIONAL AIRPORT MD US,39.17329,-76.68408,42
6/4/2012 0:00,0,T, ,COOP:180465,BALTIMORE WASHINGTON INTERNATIONAL AIRPORT MD US,39.17329,-76.68408,42
6/4/2012 2:00,0.01, , ,COOP:180465,BALTIMORE WASHINGTON INTERNATIONAL AIRPORT MD US,39.17329,-76.68408,42
6/4/2012 22:00,0.05, , ,COOP:180465,BALTIMORE WASHINGTON INTERNATIONAL AIRPORT MD US,39.17329,-76.68408,42
6/5/2012 1:00,0,T, ,COOP:180465,BALTIMORE WASHINGTON INTERNATIONAL AIRPORT MD US,39.17329,-76.68408,42
6/7/2012 13:00,0,T, ,COOP:180465,BALTIMORE WASHINGTON INTERNATIONAL AIRPORT MD US,39.17329,-76.68408,42
6/7/2012 14:00,0.03, , ,COOP:180465,BALTIMORE WASHINGTON INTERNATIONAL AIRPORT MD US,39.17329,-76.68408,42
6/7/2012 15:00,0.01, , ,COOP:180465,BALTIMORE WASHINGTON INTERNATIONAL AIRPORT MD US,39.17329,-76.68408,42
6/7/2012 20:00,0,T, ,COOP:180465,BALTIMORE WASHINGTON INTERNATIONAL AIRPORT MD US,39.17329,-76.68408,42
6/12/2012 5:00,0.08, , ,COOP:180465,BALTIMORE WASHINGTON INTERNATIONAL AIRPORT MD US,39.17329,-76.68408,42
6/12/2012 6:00,0,T, ,COOP:180465,BALTIMORE WASHINGTON INTERNATIONAL AIRPORT MD US,39.17329,-76.68408,42
6/12/2012 7:00,0,T, ,COOP:180465,BALTIMORE WASHINGTON INTERNATIONAL AIRPORT MD US,39.17329,-76.68408,42
6/12/2012 8:00,0.05, , ,COOP:180465,BALTIMORE WASHINGTON INTERNATIONAL AIRPORT MD US,39.17329,-76.68408,42
6/12/2012 10:00,0,T, ,COOP:180465,BALTIMORE WASHINGTON INTERNATIONAL AIRPORT MD US,39.17329,-76.68408,42
6/12/2012 11:00,0.02, , ,COOP:180465,BALTIMORE WASHINGTON INTERNATIONAL AIRPORT MD US,39.17329,-76.68408,42
6/12/2012 12:00,0.02, , ,COOP:180465,BALTIMORE WASHINGTON INTERNATIONAL AIRPORT MD US,39.17329,-76.68408,42
6/12/2012 13:00,0.05, , ,COOP:180465,BALTIMORE WASHINGTON INTERNATIONAL AIRPORT MD US,39.17329,-76.68408,42
6/12/2012 14:00,0.05, , ,COOP:180465,BALTIMORE WASHINGTON INTERNATIONAL AIRPORT MD US,39.17329,-76.68408,42
6/12/2012 15:00,0.02, , ,COOP:180465,BALTIMORE WASHINGTON INTERNATIONAL AIRPORT MD US,39.17329,-76.68408,42
6/12/2012 16:00,0.03, , ,COOP:180465,BALTIMORE WASHINGTON INTERNATIONAL AIRPORT MD US,39.17329,-76.68408,42
6/12/2012 17:00,0.01, , ,COOP:180465,BALTIMORE WASHINGTON INTERNATIONAL AIRPORT MD US,39.17329,-76.68408,42
6/12/2012 18:00,0,T, ,COOP:180465,BALTIMORE WASHINGTON INTERNATIONAL AIRPORT MD US,39.17329,-76.68408,42
6/18/2012 9:00,0.01, , ,COOP:180465,BALTIMORE WASHINGTON INTERNATIONAL AIRPORT MD US,39.17329,-76.68408,42
6/18/2012 10:00,0.02, , ,COOP:180465,BALTIMORE WASHINGTON INTERNATIONAL AIRPORT MD US,39.17329,-76.68408,42
6/18/2012 11:00,0,T, ,COOP:180465,BALTIMORE WASHINGTON INTERNATIONAL AIRPORT MD US,39.17329,-76.68408,42
6/18/2012 12:00,0,T, ,COOP:180465,BALTIMORE WASHINGTON INTERNATIONAL AIRPORT MD US,39.17329,-76.68408,42
6/18/2012 13:00,0,T, ,COOP:180465,BALTIMORE WASHINGTON INTERNATIONAL AIRPORT MD US,39.17329,-76.68408,42
6/22/2012 19:00,0,T, ,COOP:180465,BALTIMORE WASHINGTON INTERNATIONAL AIRPORT MD US,39.17329,-76.68408,42
6/22/2012 20:00,0.01, , ,COOP:180465,BALTIMORE WASHINGTON INTERNATIONAL AIRPORT MD US,39.17329,-76.68408,42
6/22/2012 21:00,0.03, , ,COOP:180465,BALTIMORE WASHINGTON INTERNATIONAL AIRPORT MD US,39.17329,-76.68408,42
6/23/2012 1:00,0,T, ,COOP:180465,BALTIMORE WASHINGTON INTERNATIONAL AIRPORT MD US,39.17329,-76.68408,42
6/23/2012 2:00,0.11, , ,COOP:180465,BALTIMORE WASHINGTON INTERNATIONAL AIRPORT MD US,39.17329,-76.68408,42
6/24/2012 22:00,0,T, ,COOP:180465,BALTIMORE WASHINGTON INTERNATIONAL AIRPORT MD US,39.17329,-76.68408,42
6/24/2012 23:00,0,T, ,COOP:180465,BALTIMORE WASHINGTON INTERNATIONAL AIRPORT MD US,39.17329,-76.68408,42
6/25/2012 2:00,0,T, ,COOP:180465,BALTIMORE WASHINGTON INTERNATIONAL AIRPORT MD US,39.17329,-76.68408,42
6/25/2012 11:00,0,T, ,COOP:180465,BALTIMORE WASHINGTON INTERNATIONAL AIRPORT MD US,39.17329,-76.68408,42
6/29/2012 23:00,0.47, , ,COOP:180465,BALTIMORE WASHINGTON INTERNATIONAL AIRPORT MD US,39.17329,-76.68408,42
6/30/2012 0:00,0.04, , ,COOP:180465,BALTIMORE WASHINGTON INTERNATIONAL AIRPORT MD US,39.17329,-76.68408,42
6/30/2012 1:00,0.01, , ,COOP:180465,BALTIMORE WASHINGTON INTERNATIONAL AIRPORT MD US,39.17329,-76.68408,42
6/30/2012 2:00,0,T, ,COOP:180465,BALTIMORE WASHINGTON INTERNATIONAL AIRPORT MD US,39.17329,-76.68408,42
6/30/2012 16:00,0,T, ,COOP:180465,BALTIMORE WASHINGTON INTERNATIONAL AIRPORT MD US,39.17329,-76.68408,42
7/1/2012 1:00,0,g, ,COOP:180465,BALTIMORE WASHINGTON INTERNATIONAL AIRPORT MD US,39.17329,-76.68408,42
7/2/2012 1:00,0.04, , ,COOP:180465,BALTIMORE WASHINGTON INTERNATIONAL AIRPORT MD US,39.17329,-76.68408,42
7/2/2012 3:00,0,T, ,COOP:180465,BALTIMORE WASHINGTON INTERNATIONAL AIRPORT MD US,39.17329,-76.68408,42
7/2/2012 4:00,0,T, ,COOP:180465,BALTIMORE WASHINGTON INTERNATIONAL AIRPORT MD US,39.17329,-76.68408,42
7/2/2012 5:00,0,T, ,COOP:180465,BALTIMORE WASHINGTON INTERNATIONAL AIRPORT MD US,39.17329,-76.68408,42
7/3/2012 20:00,0,T, ,COOP:180465,BALTIMORE WASHINGTON INTERNATIONAL AIRPORT MD US,39.17329,-76.68408,42
7/9/2012 1:00,0,T, ,COOP:180465,BALTIMORE WASHINGTON INTERNATIONAL AIRPORT MD US,39.17329,-76.68408,42
7/9/2012 2:00,0.03, , ,COOP:180465,BALTIMORE WASHINGTON INTERNATIONAL AIRPORT MD US,39.17329,-76.68408,42
7/9/2012 3:00,0.07, , ,COOP:180465,BALTIMORE WASHINGTON INTERNATIONAL AIRPORT MD US,39.17329,-76.68408,42
7/9/2012 4:00,0.03, , ,COOP:180465,BALTIMORE WASHINGTON INTERNATIONAL AIRPORT MD US,39.17329,-76.68408,42
7/9/2012 5:00,0.07, , ,COOP:180465,BALTIMORE WASHINGTON INTERNATIONAL AIRPORT MD US,39.17329,-76.68408,42
7/9/2012 6:00,0.05, , ,COOP:180465,BALTIMORE WASHINGTON INTERNATIONAL AIRPORT MD US,39.17329,-76.68408,42
7/9/2012 7:00,0.01, , ,COOP:180465,BALTIMORE WASHINGTON INTERNATIONAL AIRPORT MD US,39.17329,-76.68408,42
7/9/2012 8:00,0.06, , ,COOP:180465,BALTIMORE WASHINGTON INTERNATIONAL AIRPORT MD US,39.17329,-76.68408,42
7/9/2012 9:00,0.01, , ,COOP:180465,BALTIMORE WASHINGTON INTERNATIONAL AIRPORT MD US,39.17329,-76.68408,42
7/9/2012 10:00,0,T, ,COOP:180465,BALTIMORE WASHINGTON INTERNATIONAL AIRPORT MD US,39.17329,-76.68408,42
7/13/2012 7:00,0,T, ,COOP:180465,BALTIMORE WASHINGTON INTERNATIONAL AIRPORT MD US,39.17329,-76.68408,42
7/14/2012 5:00,0,T, ,COOP:180465,BALTIMORE WASHINGTON INTERNATIONAL AIRPORT MD US,39.17329,-76.68408,42
7/14/2012 6:00,0,T, ,COOP:180465,BALTIMORE WASHINGTON INTERNATIONAL AIRPORT MD US,39.17329,-76.68408,42
7/14/2012 7:00,0.09, , ,COOP:180465,BALTIMORE WASHINGTON INTERNATIONAL AIRPORT MD US,39.17329,-76.68408,42
7/14/2012 8:00,0.17, , ,COOP:180465,BALTIMORE WASHINGTON INTERNATIONAL AIRPORT MD US,39.17329,-76.68408,42
7/15/2012 4:00,0,T, ,COOP:180465,BALTIMORE WASHINGTON INTERNATIONAL AIRPORT MD US,39.17329,-76.68408,42
7/15/2012 5:00,0,T, ,COOP:180465,BALTIMORE WASHINGTON INTERNATIONAL AIRPORT MD US,39.17329,-76.68408,42
7/15/2012 18:00,0.01, , ,COOP:180465,BALTIMORE WASHINGTON INTERNATIONAL AIRPORT MD US,39.17329,-76.68408,42
7/15/2012 19:00,0.05, , ,COOP:180465,BALTIMORE WASHINGTON INTERNATIONAL AIRPORT MD US,39.17329,-76.68408,42
7/16/2012 1:00,0,T, ,COOP:180465,BALTIMORE WASHINGTON INTERNATIONAL AIRPORT MD US,39.17329,-76.68408,42
7/16/2012 2:00,0,T, ,COOP:180465,BALTIMORE WASHINGTON INTERNATIONAL AIRPORT MD US,39.17329,-76.68408,42
7/18/2012 17:00,0.02, , ,COOP:180465,BALTIMORE WASHINGTON INTERNATIONAL AIRPORT MD US,39.17329,-76.68408,42
7/18/2012 18:00,0,T, ,COOP:180465,BALTIMORE WASHINGTON INTERNATIONAL AIRPORT MD US,39.17329,-76.68408,42
7/19/2012 17:00,0,T, ,COOP:180465,BALTIMORE WASHINGTON INTERNATIONAL AIRPORT MD US,39.17329,-76.68408,42
7/19/2012 19:00,0,T, ,COOP:180465,BALTIMORE WASHINGTON INTERNATIONAL AIRPORT MD US,39.17329,-76.68408,42
7/19/2012 22:00,0.54, , ,COOP:180465,BALTIMORE WASHINGTON INTERNATIONAL AIRPORT MD US,39.17329,-76.68408,42
7/19/2012 23:00,0.31, , ,COOP:180465,BALTIMORE WASHINGTON INTERNATIONAL AIRPORT MD US,39.17329,-76.68408,42
7/20/2012 0:00,0.01, , ,COOP:180465,BALTIMORE WASHINGTON INTERNATIONAL AIRPORT MD US,39.17329,-76.68408,42
7/20/2012 1:00,0.18, , ,COOP:180465,BALTIMORE WASHINGTON INTERNATIONAL AIRPORT MD US,39.17329,-76.68408,42
7/20/2012 2:00,0,T, ,COOP:180465,BALTIMORE WASHINGTON INTERNATIONAL AIRPORT MD US,39.17329,-76.68408,42
7/20/2012 12:00,0,T, ,COOP:180465,BALTIMORE WASHINGTON INTERNATIONAL AIRPORT MD US,39.17329,-76.68408,42
7/20/2012 13:00,0,T, ,COOP:180465,BALTIMORE WASHINGTON INTERNATIONAL AIRPORT MD US,39.17329,-76.68408,42
7/20/2012 14:00,0.02, , ,COOP:180465,BALTIMORE WASHINGTON INTERNATIONAL AIRPORT MD US,39.17329,-76.68408,42
7/20/2012 15:00,0,T, ,COOP:180465,BALTIMORE WASHINGTON INTERNATIONAL AIRPORT MD US,39.17329,-76.68408,42
7/20/2012 16:00,0,T, ,COOP:180465,BALTIMORE WASHINGTON INTERNATIONAL AIRPORT MD US,39.17329,-76.68408,42
7/20/2012 18:00,0,T, ,COOP:180465,BALTIMORE WASHINGTON INTERNATIONAL AIRPORT MD US,39.17329,-76.68408,42
7/20/2012 19:00,0,T, ,COOP:180465,BALTIMORE WASHINGTON INTERNATIONAL AIRPORT MD US,39.17329,-76.68408,42
7/20/2012 20:00,0,T, ,COOP:180465,BALTIMORE WASHINGTON INTERNATIONAL AIRPORT MD US,39.17329,-76.68408,42
7/20/2012 21:00,0,T, ,COOP:180465,BALTIMORE WASHINGTON INTERNATIONAL AIRPORT MD US,39.17329,-76.68408,42
7/20/2012 22:00,0,T, ,COOP:180465,BALTIMORE WASHINGTON INTERNATIONAL AIRPORT MD US,39.17329,-76.68408,42
7/20/2012 23:00,0,T, ,COOP:180465,BALTIMORE WASHINGTON INTERNATIONAL AIRPORT MD US,39.17329,-76.68408,42
7/21/2012 0:00,0,T, ,COOP:180465,BALTIMORE WASHINGTON INTERNATIONAL AIRPORT MD US,39.17329,-76.68408,42
7/21/2012 1:00,0.03, , ,COOP:180465,BALTIMORE WASHINGTON INTERNATIONAL AIRPORT MD US,39.17329,-76.68408,42
7/21/2012 2:00,0.2, , ,COOP:180465,BALTIMORE WASHINGTON INTERNATIONAL AIRPORT MD US,39.17329,-76.68408,42
7/21/2012 3:00,0.14, , ,COOP:180465,BALTIMORE WASHINGTON INTERNATIONAL AIRPORT MD US,39.17329,-76.68408,42
7/21/2012 4:00,0.02, , ,COOP:180465,BALTIMORE WASHINGTON INTERNATIONAL AIRPORT MD US,39.17329,-76.68408,42
7/21/2012 5:00,0,T, ,COOP:180465,BALTIMORE WASHINGTON INTERNATIONAL AIRPORT MD US,39.17329,-76.68408,42
7/21/2012 6:00,0.02, , ,COOP:180465,BALTIMORE WASHINGTON INTERNATIONAL AIRPORT MD US,39.17329,-76.68408,42
7/21/2012 7:00,0.05, , ,COOP:180465,BALTIMORE WASHINGTON INTERNATIONAL AIRPORT MD US,39.17329,-76.68408,42
7/21/2012 8:00,0.06, , ,COOP:180465,BALTIMORE WASHINGTON INTERNATIONAL AIRPORT MD US,39.17329,-76.68408,42
7/21/2012 9:00,0.08, , ,COOP:180465,BALTIMORE WASHINGTON INTERNATIONAL AIRPORT MD US,39.17329,-76.68408,42
7/21/2012 10:00,0.03, , ,COOP:180465,BALTIMORE WASHINGTON INTERNATIONAL AIRPORT MD US,39.17329,-76.68408,42
7/21/2012 11:00,0.12, , ,COOP:180465,BALTIMORE WASHINGTON INTERNATIONAL AIRPORT MD US,39.17329,-76.68408,42
7/21/2012 12:00,0.22, , ,COOP:180465,BALTIMORE WASHINGTON INTERNATIONAL AIRPORT MD US,39.17329,-76.68408,42
7/21/2012 13:00,0.17, , ,COOP:180465,BALTIMORE WASHINGTON INTERNATIONAL AIRPORT MD US,39.17329,-76.68408,42
7/21/2012 14:00,0.01, , ,COOP:180465,BALTIMORE WASHINGTON INTERNATIONAL AIRPORT MD US,39.17329,-76.68408,42
7/21/2012 15:00,0.01, , ,COOP:180465,BALTIMORE WASHINGTON INTERNATIONAL AIRPORT MD US,39.17329,-76.68408,42
7/21/2012 16:00,0.04, , ,COOP:180465,BALTIMORE WASHINGTON INTERNATIONAL AIRPORT MD US,39.17329,-76.68408,42
7/21/2012 17:00,0.02, , ,COOP:180465,BALTIMORE WASHINGTON INTERNATIONAL AIRPORT MD US,39.17329,-76.68408,42
7/21/2012 18:00,0,T, ,COOP:180465,BALTIMORE WASHINGTON INTERNATIONAL AIRPORT MD US,39.17329,-76.68408,42
7/21/2012 20:00,0,T, ,COOP:180465,BALTIMORE WASHINGTON INTERNATIONAL AIRPORT MD US,39.17329,-76.68408,42
7/21/2012 21:00,0.02, , ,COOP:180465,BALTIMORE WASHINGTON INTERNATIONAL AIRPORT MD US,39.17329,-76.68408,42
7/21/2012 22:00,0,T, ,COOP:180465,BALTIMORE WASHINGTON INTERNATIONAL AIRPORT MD US,39.17329,-76.68408,42
7/23/2012 4:00,0,T, ,COOP:180465,BALTIMORE WASHINGTON INTERNATIONAL AIRPORT MD US,39.17329,-76.68408,42
7/23/2012 5:00,0,T, ,COOP:180465,BALTIMORE WASHINGTON INTERNATIONAL AIRPORT MD US,39.17329,-76.68408,42
7/24/2012 10:00,0,T, ,COOP:180465,BALTIMORE WASHINGTON INTERNATIONAL AIRPORT MD US,39.17329,-76.68408,42
7/26/2012 22:00,0.23, , ,COOP:180465,BALTIMORE WASHINGTON INTERNATIONAL AIRPORT MD US,39.17329,-76.68408,42
7/26/2012 23:00,0,T, ,COOP:180465,BALTIMORE WASHINGTON INTERNATIONAL AIRPORT MD US,39.17329,-76.68408,42
7/30/2012 6:00,0,T, ,COOP:180465,BALTIMORE WASHINGTON INTERNATIONAL AIRPORT MD US,39.17329,-76.68408,42
7/30/2012 7:00,0,T, ,COOP:180465,BALTIMORE WASHINGTON INTERNATIONAL AIRPORT MD US,39.17329,-76.68408,42
7/30/2012 19:00,0.03, , ,COOP:180465,BALTIMORE WASHINGTON INTERNATIONAL AIRPORT MD US,39.17329,-76.68408,42
7/30/2012 20:00,0,T, ,COOP:180465,BALTIMORE WASHINGTON INTERNATIONAL AIRPORT MD US,39.17329,-76.68408,42
8/1/2012 1:00,0,g, ,COOP:180465,BALTIMORE WASHINGTON INTERNATIONAL AIRPORT MD US,39.17329,-76.68408,42
8/1/2012 5:00,0,T, ,COOP:180465,BALTIMORE WASHINGTON INTERNATIONAL AIRPORT MD US,39.17329,-76.68408,42
8/1/2012 6:00,0,T, ,COOP:180465,BALTIMORE WASHINGTON INTERNATIONAL AIRPORT MD US,39.17329,-76.68408,42
8/2/2012 14:00,0,T, ,COOP:180465,BALTIMORE WASHINGTON INTERNATIONAL AIRPORT MD US,39.17329,-76.68408,42
8/2/2012 16:00,0.06, , ,COOP:180465,BALTIMORE WASHINGTON INTERNATIONAL AIRPORT MD US,39.17329,-76.68408,42
8/5/2012 16:00,0,T, ,COOP:180465,BALTIMORE WASHINGTON INTERNATIONAL AIRPORT MD US,39.17329,-76.68408,42
8/5/2012 17:00,0,T, ,COOP:180465,BALTIMORE WASHINGTON INTERNATIONAL AIRPORT MD US,39.17329,-76.68408,42
8/5/2012 18:00,0,T, ,COOP:180465,BALTIMORE WASHINGTON INTERNATIONAL AIRPORT MD US,39.17329,-76.68408,42
8/5/2012 23:00,0,T, ,COOP:180465,BALTIMORE WASHINGTON INTERNATIONAL AIRPORT MD US,39.17329,-76.68408,42
8/6/2012 0:00,0,T, ,COOP:180465,BALTIMORE WASHINGTON INTERNATIONAL AIRPORT MD US,39.17329,-76.68408,42
8/6/2012 4:00,0,T, ,COOP:180465,BALTIMORE WASHINGTON INTERNATIONAL AIRPORT MD US,39.17329,-76.68408,42
8/6/2012 8:00,0,T, ,COOP:180465,BALTIMORE WASHINGTON INTERNATIONAL AIRPORT MD US,39.17329,-76.68408,42
8/6/2012 9:00,0.01, , ,COOP:180465,BALTIMORE WASHINGTON INTERNATIONAL AIRPORT MD US,39.17329,-76.68408,42
8/9/2012 12:00,0.02, , ,COOP:180465,BALTIMORE WASHINGTON INTERNATIONAL AIRPORT MD US,39.17329,-76.68408,42
8/9/2012 13:00,0,T, ,COOP:180465,BALTIMORE WASHINGTON INTERNATIONAL AIRPORT MD US,39.17329,-76.68408,42
8/9/2012 16:00,0.17, , ,COOP:180465,BALTIMORE WASHINGTON INTERNATIONAL AIRPORT MD US,39.17329,-76.68408,42
8/9/2012 17:00,0,T, ,COOP:180465,BALTIMORE WASHINGTON INTERNATIONAL AIRPORT MD US,39.17329,-76.68408,42
8/9/2012 20:00,0,T, ,COOP:180465,BALTIMORE WASHINGTON INTERNATIONAL AIRPORT MD US,39.17329,-76.68408,42
8/10/2012 5:00,0,T, ,COOP:180465,BALTIMORE WASHINGTON INTERNATIONAL AIRPORT MD US,39.17329,-76.68408,42
8/10/2012 6:00,0.03, , ,COOP:180465,BALTIMORE WASHINGTON INTERNATIONAL AIRPORT MD US,39.17329,-76.68408,42
8/10/2012 7:00,0.02, , ,COOP:180465,BALTIMORE WASHINGTON INTERNATIONAL AIRPORT MD US,39.17329,-76.68408,42
8/10/2012 8:00,0.06, , ,COOP:180465,BALTIMORE WASHINGTON INTERNATIONAL AIRPORT MD US,39.17329,-76.68408,42
8/10/2012 9:00,0.18, , ,COOP:180465,BALTIMORE WASHINGTON INTERNATIONAL AIRPORT MD US,39.17329,-76.68408,42
8/10/2012 10:00,0,T, ,COOP:180465,BALTIMORE WASHINGTON INTERNATIONAL AIRPORT MD US,39.17329,-76.68408,42
8/11/2012 4:00,0.09, , ,COOP:180465,BALTIMORE WASHINGTON INTERNATIONAL AIRPORT MD US,39.17329,-76.68408,42
8/11/2012 5:00,0,T, ,COOP:180465,BALTIMORE WASHINGTON INTERNATIONAL AIRPORT MD US,39.17329,-76.68408,42
8/11/2012 7:00,0,T, ,COOP:180465,BALTIMORE WASHINGTON INTERNATIONAL AIRPORT MD US,39.17329,-76.68408,42
8/11/2012 8:00,0,T, ,COOP:180465,BALTIMORE WASHINGTON INTERNATIONAL AIRPORT MD US,39.17329,-76.68408,42
8/11/2012 18:00,0.21, , ,COOP:180465,BALTIMORE WASHINGTON INTERNATIONAL AIRPORT MD US,39.17329,-76.68408,42
8/11/2012 19:00,0.09, , ,COOP:180465,BALTIMORE WASHINGTON INTERNATIONAL AIRPORT MD US,39.17329,-76.68408,42
8/11/2012 20:00,0.3, , ,COOP:180465,BALTIMORE WASHINGTON INTERNATIONAL AIRPORT MD US,39.17329,-76.68408,42
8/11/2012 21:00,0.02, , ,COOP:180465,BALTIMORE WASHINGTON INTERNATIONAL AIRPORT MD US,39.17329,-76.68408,42
8/14/2012 3:00,0,T, ,COOP:180465,BALTIMORE WASHINGTON INTERNATIONAL AIRPORT MD US,39.17329,-76.68408,42
8/14/2012 4:00,0,T, ,COOP:180465,BALTIMORE WASHINGTON INTERNATIONAL AIRPORT MD US,39.17329,-76.68408,42
8/14/2012 7:00,0.01, , ,COOP:180465,BALTIMORE WASHINGTON INTERNATIONAL AIRPORT MD US,39.17329,-76.68408,42
8/14/2012 8:00,0,T, ,COOP:180465,BALTIMORE WASHINGTON INTERNATIONAL AIRPORT MD US,39.17329,-76.68408,42
8/14/2012 23:00,0.15, , ,COOP:180465,BALTIMORE WASHINGTON INTERNATIONAL AIRPORT MD US,39.17329,-76.68408,42
8/17/2012 19:00,0,T, ,COOP:180465,BALTIMORE WASHINGTON INTERNATIONAL AIRPORT MD US,39.17329,-76.68408,42
8/17/2012 21:00,0.01, , ,COOP:180465,BALTIMORE WASHINGTON INTERNATIONAL AIRPORT MD US,39.17329,-76.68408,42
8/17/2012 22:00,0.08, , ,COOP:180465,BALTIMORE WASHINGTON INTERNATIONAL AIRPORT MD US,39.17329,-76.68408,42
8/17/2012 23:00,0.07, , ,COOP:180465,BALTIMORE WASHINGTON INTERNATIONAL AIRPORT MD US,39.17329,-76.68408,42
8/18/2012 0:00,0.02, , ,COOP:180465,BALTIMORE WASHINGTON INTERNATIONAL AIRPORT MD US,39.17329,-76.68408,42
8/18/2012 1:00,0.02, , ,COOP:180465,BALTIMORE WASHINGTON INTERNATIONAL AIRPORT MD US,39.17329,-76.68408,42
8/18/2012 2:00,0,T, ,COOP:180465,BALTIMORE WASHINGTON INTERNATIONAL AIRPORT MD US,39.17329,-76.68408,42
8/18/2012 3:00,0.06, , ,COOP:180465,BALTIMORE WASHINGTON INTERNATIONAL AIRPORT MD US,39.17329,-76.68408,42
8/18/2012 4:00,0,T, ,COOP:180465,BALTIMORE WASHINGTON INTERNATIONAL AIRPORT MD US,39.17329,-76.68408,42
8/19/2012 13:00,0,T, ,COOP:180465,BALTIMORE WASHINGTON INTERNATIONAL AIRPORT MD US,39.17329,-76.68408,42
8/19/2012 14:00,0.01, , ,COOP:180465,BALTIMORE WASHINGTON INTERNATIONAL AIRPORT MD US,39.17329,-76.68408,42
8/19/2012 15:00,0,T, ,COOP:180465,BALTIMORE WASHINGTON INTERNATIONAL AIRPORT MD US,39.17329,-76.68408,42
8/19/2012 19:00,0.02, , ,COOP:180465,BALTIMORE WASHINGTON INTERNATIONAL AIRPORT MD US,39.17329,-76.68408,42
8/19/2012 20:00,0,T, ,COOP:180465,BALTIMORE WASHINGTON INTERNATIONAL AIRPORT MD US,39.17329,-76.68408,42
8/19/2012 21:00,0,T, ,COOP:180465,BALTIMORE WASHINGTON INTERNATIONAL AIRPORT MD US,39.17329,-76.68408,42
8/19/2012 22:00,0,T, ,COOP:180465,BALTIMORE WASHINGTON INTERNATIONAL AIRPORT MD US,39.17329,-76.68408,42
8/20/2012 5:00,0,T, ,COOP:180465,BALTIMORE WASHINGTON INTERNATIONAL AIRPORT MD US,39.17329,-76.68408,42
8/20/2012 6:00,0,T, ,COOP:180465,BALTIMORE WASHINGTON INTERNATIONAL AIRPORT MD US,39.17329,-76.68408,42
8/20/2012 7:00,0,T, ,COOP:180465,BALTIMORE WASHINGTON INTERNATIONAL AIRPORT MD US,39.17329,-76.68408,42
8/20/2012 8:00,0,T, ,COOP:180465,BALTIMORE WASHINGTON INTERNATIONAL AIRPORT MD US,39.17329,-76.68408,42
8/20/2012 19:00,0.66, , ,COOP:180465,BALTIMORE WASHINGTON INTERNATIONAL AIRPORT MD US,39.17329,-76.68408,42
8/20/2012 20:00,0.05, , ,COOP:180465,BALTIMORE WASHINGTON INTERNATIONAL AIRPORT MD US,39.17329,-76.68408,42
8/25/2012 11:00,0,T, ,COOP:180465,BALTIMORE WASHINGTON INTERNATIONAL AIRPORT MD US,39.17329,-76.68408,42
8/25/2012 13:00,0.01, , ,COOP:180465,BALTIMORE WASHINGTON INTERNATIONAL AIRPORT MD US,39.17329,-76.68408,42
8/25/2012 15:00,0,T, ,COOP:180465,BALTIMORE WASHINGTON INTERNATIONAL AIRPORT MD US,39.17329,-76.68408,42
8/25/2012 16:00,0,T, ,COOP:180465,BALTIMORE WASHINGTON INTERNATIONAL AIRPORT MD US,39.17329,-76.68408,42
8/25/2012 17:00,0,T, ,COOP:180465,BALTIMORE WASHINGTON INTERNATIONAL AIRPORT MD US,39.17329,-76.68408,42
8/25/2012 18:00,0,T, ,COOP:180465,BALTIMORE WASHINGTON INTERNATIONAL AIRPORT MD US,39.17329,-76.68408,42
8/25/2012 23:00,0,T, ,COOP:180465,BALTIMORE WASHINGTON INTERNATIONAL AIRPORT MD US,39.17329,-76.68408,42
8/26/2012 2:00,0.02, , ,COOP:180465,BALTIMORE WASHINGTON INTERNATIONAL AIRPORT MD US,39.17329,-76.68408,42
8/26/2012 3:00,0.02, , ,COOP:180465,BALTIMORE WASHINGTON INTERNATIONAL AIRPORT MD US,39.17329,-76.68408,42
8/26/2012 4:00,0.12, , ,COOP:180465,BALTIMORE WASHINGTON INTERNATIONAL AIRPORT MD US,39.17329,-76.68408,42
8/26/2012 5:00,0.01, , ,COOP:180465,BALTIMORE WASHINGTON INTERNATIONAL AIRPORT MD US,39.17329,-76.68408,42
8/26/2012 6:00,1.12, , ,COOP:180465,BALTIMORE WASHINGTON INTERNATIONAL AIRPORT MD US,39.17329,-76.68408,42
8/26/2012 7:00,0.04, , ,COOP:180465,BALTIMORE WASHINGTON INTERNATIONAL AIRPORT MD US,39.17329,-76.68408,42
8/26/2012 9:00,0.07, , ,COOP:180465,BALTIMORE WASHINGTON INTERNATIONAL AIRPORT MD US,39.17329,-76.68408,42
8/26/2012 11:00,0,T, ,COOP:180465,BALTIMORE WASHINGTON INTERNATIONAL AIRPORT MD US,39.17329,-76.68408,42
8/26/2012 12:00,0,T, ,COOP:180465,BALTIMORE WASHINGTON INTERNATIONAL AIRPORT MD US,39.17329,-76.68408,42
8/26/2012 13:00,0.52, , ,COOP:180465,BALTIMORE WASHINGTON INTERNATIONAL AIRPORT MD US,39.17329,-76.68408,42
8/26/2012 14:00,1.12, , ,COOP:180465,BALTIMORE WASHINGTON INTERNATIONAL AIRPORT MD US,39.17329,-76.68408,42
8/26/2012 15:00,0.08, , ,COOP:180465,BALTIMORE WASHINGTON INTERNATIONAL AIRPORT MD US,39.17329,-76.68408,42
8/26/2012 16:00,0.03, , ,COOP:180465,BALTIMORE WASHINGTON INTERNATIONAL AIRPORT MD US,39.17329,-76.68408,42
8/26/2012 17:00,0.2, , ,COOP:180465,BALTIMORE WASHINGTON INTERNATIONAL AIRPORT MD US,39.17329,-76.68408,42
8/26/2012 18:00,0.01, , ,COOP:180465,BALTIMORE WASHINGTON INTERNATIONAL AIRPORT MD US,39.17329,-76.68408,42
8/26/2012 19:00,0,T, ,COOP:180465,BALTIMORE WASHINGTON INTERNATIONAL AIRPORT MD US,39.17329,-76.68408,42
8/28/2012 6:00,0.03, , ,COOP:180465,BALTIMORE WASHINGTON INTERNATIONAL AIRPORT MD US,39.17329,-76.68408,42
8/28/2012 7:00,0,T, ,COOP:180465,BALTIMORE WASHINGTON INTERNATIONAL AIRPORT MD US,39.17329,-76.68408,42
9/1/2012 1:00,0,g, ,COOP:180465,BALTIMORE WASHINGTON INTERNATIONAL AIRPORT MD US,39.17329,-76.68408,42
9/1/2012 8:00,0,T, ,COOP:180465,BALTIMORE WASHINGTON INTERNATIONAL AIRPORT MD US,39.17329,-76.68408,42
9/1/2012 9:00,0,T, ,COOP:180465,BALTIMORE WASHINGTON INTERNATIONAL AIRPORT MD US,39.17329,-76.68408,42
9/1/2012 18:00,0.08, , ,COOP:180465,BALTIMORE WASHINGTON INTERNATIONAL AIRPORT MD US,39.17329,-76.68408,42
9/1/2012 19:00,0.18, , ,COOP:180465,BALTIMORE WASHINGTON INTERNATIONAL AIRPORT MD US,39.17329,-76.68408,42
9/1/2012 21:00,0.06, , ,COOP:180465,BALTIMORE WASHINGTON INTERNATIONAL AIRPORT MD US,39.17329,-76.68408,42
9/3/2012 8:00,0,T, ,COOP:180465,BALTIMORE WASHINGTON INTERNATIONAL AIRPORT MD US,39.17329,-76.68408,42
9/3/2012 10:00,0,T, ,COOP:180465,BALTIMORE WASHINGTON INTERNATIONAL AIRPORT MD US,39.17329,-76.68408,42
9/3/2012 11:00,0,T, ,COOP:180465,BALTIMORE WASHINGTON INTERNATIONAL AIRPORT MD US,39.17329,-76.68408,42
9/3/2012 15:00,0,T, ,COOP:180465,BALTIMORE WASHINGTON INTERNATIONAL AIRPORT MD US,39.17329,-76.68408,42
9/4/2012 14:00,0,T, ,COOP:180465,BALTIMORE WASHINGTON INTERNATIONAL AIRPORT MD US,39.17329,-76.68408,42
9/4/2012 16:00,0,T, ,COOP:180465,BALTIMORE WASHINGTON INTERNATIONAL AIRPORT MD US,39.17329,-76.68408,42
9/4/2012 17:00,0.01, , ,COOP:180465,BALTIMORE WASHINGTON INTERNATIONAL AIRPORT MD US,39.17329,-76.68408,42
9/5/2012 19:00,0.02, , ,COOP:180465,BALTIMORE WASHINGTON INTERNATIONAL AIRPORT MD US,39.17329,-76.68408,42
9/5/2012 20:00,0.44, , ,COOP:180465,BALTIMORE WASHINGTON INTERNATIONAL AIRPORT MD US,39.17329,-76.68408,42
9/5/2012 21:00,0,T, ,COOP:180465,BALTIMORE WASHINGTON INTERNATIONAL AIRPORT MD US,39.17329,-76.68408,42
9/6/2012 9:00,0,T, ,COOP:180465,BALTIMORE WASHINGTON INTERNATIONAL AIRPORT MD US,39.17329,-76.68408,42
9/6/2012 10:00,0.02, , ,COOP:180465,BALTIMORE WASHINGTON INTERNATIONAL AIRPORT MD US,39.17329,-76.68408,42
9/6/2012 11:00,0,T, ,COOP:180465,BALTIMORE WASHINGTON INTERNATIONAL AIRPORT MD US,39.17329,-76.68408,42
9/6/2012 12:00,0,T, ,COOP:180465,BALTIMORE WASHINGTON INTERNATIONAL AIRPORT MD US,39.17329,-76.68408,42
9/8/2012 16:00,0.36, , ,COOP:180465,BALTIMORE WASHINGTON INTERNATIONAL AIRPORT MD US,39.17329,-76.68408,42
9/8/2012 17:00,0.07, , ,COOP:180465,BALTIMORE WASHINGTON INTERNATIONAL AIRPORT MD US,39.17329,-76.68408,42
9/8/2012 18:00,0,T, ,COOP:180465,BALTIMORE WASHINGTON INTERNATIONAL AIRPORT MD US,39.17329,-76.68408,42
9/8/2012 19:00,0.01, , ,COOP:180465,BALTIMORE WASHINGTON INTERNATIONAL AIRPORT MD US,39.17329,-76.68408,42
9/8/2012 20:00,0,T, ,COOP:180465,BALTIMORE WASHINGTON INTERNATIONAL AIRPORT MD US,39.17329,-76.68408,42
9/17/2012 23:00,0,T, ,COOP:180465,BALTIMORE WASHINGTON INTERNATIONAL AIRPORT MD US,39.17329,-76.68408,42
9/18/2012 0:00,0.02, , ,COOP:180465,BALTIMORE WASHINGTON INTERNATIONAL AIRPORT MD US,39.17329,-76.68408,42
9/18/2012 1:00,0.11, , ,COOP:180465,BALTIMORE WASHINGTON INTERNATIONAL AIRPORT MD US,39.17329,-76.68408,42
9/18/2012 2:00,0.01, , ,COOP:180465,BALTIMORE WASHINGTON INTERNATIONAL AIRPORT MD US,39.17329,-76.68408,42
9/18/2012 3:00,0,T, ,COOP:180465,BALTIMORE WASHINGTON INTERNATIONAL AIRPORT MD US,39.17329,-76.68408,42
9/18/2012 6:00,0,T, ,COOP:180465,BALTIMORE WASHINGTON INTERNATIONAL AIRPORT MD US,39.17329,-76.68408,42
9/18/2012 7:00,0,T, ,COOP:180465,BALTIMORE WASHINGTON INTERNATIONAL AIRPORT MD US,39.17329,-76.68408,42
9/18/2012 8:00,0,T, ,COOP:180465,BALTIMORE WASHINGTON INTERNATIONAL AIRPORT MD US,39.17329,-76.68408,42
9/18/2012 9:00,0,T, ,COOP:180465,BALTIMORE WASHINGTON INTERNATIONAL AIRPORT MD US,39.17329,-76.68408,42
9/18/2012 10:00,0,T, ,COOP:180465,BALTIMORE WASHINGTON INTERNATIONAL AIRPORT MD US,39.17329,-76.68408,42
9/18/2012 11:00,0.01, , ,COOP:180465,BALTIMORE WASHINGTON INTERNATIONAL AIRPORT MD US,39.17329,-76.68408,42
9/18/2012 12:00,0.01, , ,COOP:180465,BALTIMORE WASHINGTON INTERNATIONAL AIRPORT MD US,39.17329,-76.68408,42
9/18/2012 13:00,0.01, , ,COOP:180465,BALTIMORE WASHINGTON INTERNATIONAL AIRPORT MD US,39.17329,-76.68408,42
9/18/2012 14:00,0,T, ,COOP:180465,BALTIMORE WASHINGTON INTERNATIONAL AIRPORT MD US,39.17329,-76.68408,42
9/18/2012 15:00,0.26, , ,COOP:180465,BALTIMORE WASHINGTON INTERNATIONAL AIRPORT MD US,39.17329,-76.68408,42
9/18/2012 16:00,0.16, , ,COOP:180465,BALTIMORE WASHINGTON INTERNATIONAL AIRPORT MD US,39.17329,-76.68408,42
9/18/2012 17:00,0,T, ,COOP:180465,BALTIMORE WASHINGTON INTERNATIONAL AIRPORT MD US,39.17329,-76.68408,42
9/18/2012 18:00,0.02, , ,COOP:180465,BALTIMORE WASHINGTON INTERNATIONAL AIRPORT MD US,39.17329,-76.68408,42
9/18/2012 19:00,0,T, ,COOP:180465,BALTIMORE WASHINGTON INTERNATIONAL AIRPORT MD US,39.17329,-76.68408,42
9/18/2012 23:00,0.01, , ,COOP:180465,BALTIMORE WASHINGTON INTERNATIONAL AIRPORT MD US,39.17329,-76.68408,42
9/19/2012 0:00,0,T, ,COOP:180465,BALTIMORE WASHINGTON INTERNATIONAL AIRPORT MD US,39.17329,-76.68408,42
9/22/2012 18:00,0,T, ,COOP:180465,BALTIMORE WASHINGTON INTERNATIONAL AIRPORT MD US,39.17329,-76.68408,42
9/22/2012 19:00,0.01, , ,COOP:180465,BALTIMORE WASHINGTON INTERNATIONAL AIRPORT MD US,39.17329,-76.68408,42
9/22/2012 20:00,0.03, , ,COOP:180465,BALTIMORE WASHINGTON INTERNATIONAL AIRPORT MD US,39.17329,-76.68408,42
9/26/2012 2:00,0,T, ,COOP:180465,BALTIMORE WASHINGTON INTERNATIONAL AIRPORT MD US,39.17329,-76.68408,42
9/26/2012 3:00,0,T, ,COOP:180465,BALTIMORE WASHINGTON INTERNATIONAL AIRPORT MD US,39.17329,-76.68408,42
9/26/2012 4:00,0.08, , ,COOP:180465,BALTIMORE WASHINGTON INTERNATIONAL AIRPORT MD US,39.17329,-76.68408,42
9/26/2012 5:00,0,T, ,COOP:180465,BALTIMORE WASHINGTON INTERNATIONAL AIRPORT MD US,39.17329,-76.68408,42
9/27/2012 0:00,0.01, , ,COOP:180465,BALTIMORE WASHINGTON INTERNATIONAL AIRPORT MD US,39.17329,-76.68408,42
9/27/2012 21:00,0,T, ,COOP:180465,BALTIMORE WASHINGTON INTERNATIONAL AIRPORT MD US,39.17329,-76.68408,42
9/27/2012 22:00,0.07, , ,COOP:180465,BALTIMORE WASHINGTON INTERNATIONAL AIRPORT MD US,39.17329,-76.68408,42
9/27/2012 23:00,0.01, , ,COOP:180465,BALTIMORE WASHINGTON INTERNATIONAL AIRPORT MD US,39.17329,-76.68408,42
9/28/2012 0:00,0.03, , ,COOP:180465,BALTIMORE WASHINGTON INTERNATIONAL AIRPORT MD US,39.17329,-76.68408,42
9/28/2012 1:00,0.01, , ,COOP:180465,BALTIMORE WASHINGTON INTERNATIONAL AIRPORT MD US,39.17329,-76.68408,42
9/28/2012 2:00,0.01, , ,COOP:180465,BALTIMORE WASHINGTON INTERNATIONAL AIRPORT MD US,39.17329,-76.68408,42
9/28/2012 5:00,0.04, , ,COOP:180465,BALTIMORE WASHINGTON INTERNATIONAL AIRPORT MD US,39.17329,-76.68408,42
9/28/2012 6:00,0,T, ,COOP:180465,BALTIMORE WASHINGTON INTERNATIONAL AIRPORT MD US,39.17329,-76.68408,42
9/28/2012 21:00,0,T, ,COOP:180465,BALTIMORE WASHINGTON INTERNATIONAL AIRPORT MD US,39.17329,-76.68408,42
9/28/2012 22:00,0,T, ,COOP:180465,BALTIMORE WASHINGTON INTERNATIONAL AIRPORT MD US,39.17329,-76.68408,42
9/29/2012 0:00,0,T, ,COOP:180465,BALTIMORE WASHINGTON INTERNATIONAL AIRPORT MD US,39.17329,-76.68408,42
9/30/2012 17:00,0,T, ,COOP:180465,BALTIMORE WASHINGTON INTERNATIONAL AIRPORT MD US,39.17329,-76.68408,42
9/30/2012 18:00,0,T, ,COOP:180465,BALTIMORE WASHINGTON INTERNATIONAL AIRPORT MD US,39.17329,-76.68408,42
9/30/2012 19:00,0.02, , ,COOP:180465,BALTIMORE WASHINGTON INTERNATIONAL AIRPORT MD US,39.17329,-76.68408,42
9/30/2012 20:00,0.01, , ,COOP:180465,BALTIMORE WASHINGTON INTERNATIONAL AIRPORT MD US,39.17329,-76.68408,42
9/30/2012 21:00,0.01, , ,COOP:180465,BALTIMORE WASHINGTON INTERNATIONAL AIRPORT MD US,39.17329,-76.68408,42
10/1/2012 1:00,0,g, ,COOP:180465,BALTIMORE WASHINGTON INTERNATIONAL AIRPORT MD US,39.17329,-76.68408,42
10/1/2012 18:00,0,T, ,COOP:180465,BALTIMORE WASHINGTON INTERNATIONAL AIRPORT MD US,39.17329,-76.68408,42
10/1/2012 19:00,0,T, ,COOP:180465,BALTIMORE WASHINGTON INTERNATIONAL AIRPORT MD US,39.17329,-76.68408,42
10/1/2012 20:00,0,T, ,COOP:180465,BALTIMORE WASHINGTON INTERNATIONAL AIRPORT MD US,39.17329,-76.68408,42
10/1/2012 21:00,0,T, ,COOP:180465,BALTIMORE WASHINGTON INTERNATIONAL AIRPORT MD US,39.17329,-76.68408,42
10/1/2012 22:00,0,T, ,COOP:180465,BALTIMORE WASHINGTON INTERNATIONAL AIRPORT MD US,39.17329,-76.68408,42
10/2/2012 0:00,0,T, ,COOP:180465,BALTIMORE WASHINGTON INTERNATIONAL AIRPORT MD US,39.17329,-76.68408,42
10/2/2012 2:00,0,T, ,COOP:180465,BALTIMORE WASHINGTON INTERNATIONAL AIRPORT MD US,39.17329,-76.68408,42
10/2/2012 3:00,0.01, , ,COOP:180465,BALTIMORE WASHINGTON INTERNATIONAL AIRPORT MD US,39.17329,-76.68408,42
10/2/2012 4:00,0,T, ,COOP:180465,BALTIMORE WASHINGTON INTERNATIONAL AIRPORT MD US,39.17329,-76.68408,42
10/2/2012 6:00,0,T, ,COOP:180465,BALTIMORE WASHINGTON INTERNATIONAL AIRPORT MD US,39.17329,-76.68408,42
10/2/2012 7:00,0,T, ,COOP:180465,BALTIMORE WASHINGTON INTERNATIONAL AIRPORT MD US,39.17329,-76.68408,42
10/2/2012 8:00,0.18, , ,COOP:180465,BALTIMORE WASHINGTON INTERNATIONAL AIRPORT MD US,39.17329,-76.68408,42
10/2/2012 9:00,0.04, , ,COOP:180465,BALTIMORE WASHINGTON INTERNATIONAL AIRPORT MD US,39.17329,-76.68408,42
10/2/2012 10:00,0.13, , ,COOP:180465,BALTIMORE WASHINGTON INTERNATIONAL AIRPORT MD US,39.17329,-76.68408,42
10/2/2012 11:00,0.05, , ,COOP:180465,BALTIMORE WASHINGTON INTERNATIONAL AIRPORT MD US,39.17329,-76.68408,42
10/2/2012 12:00,0.13, , ,COOP:180465,BALTIMORE WASHINGTON INTERNATIONAL AIRPORT MD US,39.17329,-76.68408,42
10/2/2012 13:00,0,T, ,COOP:180465,BALTIMORE WASHINGTON INTERNATIONAL AIRPORT MD US,39.17329,-76.68408,42
10/2/2012 14:00,0,T, ,COOP:180465,BALTIMORE WASHINGTON INTERNATIONAL AIRPORT MD US,39.17329,-76.68408,42
10/3/2012 2:00,0,T, ,COOP:180465,BALTIMORE WASHINGTON INTERNATIONAL AIRPORT MD US,39.17329,-76.68408,42
10/3/2012 3:00,0.01, , ,COOP:180465,BALTIMORE WASHINGTON INTERNATIONAL AIRPORT MD US,39.17329,-76.68408,42
10/3/2012 6:00,0,T, ,COOP:180465,BALTIMORE WASHINGTON INTERNATIONAL AIRPORT MD US,39.17329,-76.68408,42
10/3/2012 7:00,0,T, ,COOP:180465,BALTIMORE WASHINGTON INTERNATIONAL AIRPORT MD US,39.17329,-76.68408,42
10/3/2012 8:00,0,T, ,COOP:180465,BALTIMORE WASHINGTON INTERNATIONAL AIRPORT MD US,39.17329,-76.68408,42
10/4/2012 1:00,0,T, ,COOP:180465,BALTIMORE WASHINGTON INTERNATIONAL AIRPORT MD US,39.17329,-76.68408,42
10/4/2012 2:00,0,T, ,COOP:180465,BALTIMORE WASHINGTON INTERNATIONAL AIRPORT MD US,39.17329,-76.68408,42
10/4/2012 5:00,0,T, ,COOP:180465,BALTIMORE WASHINGTON INTERNATIONAL AIRPORT MD US,39.17329,-76.68408,42
10/4/2012 6:00,0,T, ,COOP:180465,BALTIMORE WASHINGTON INTERNATIONAL AIRPORT MD US,39.17329,-76.68408,42
10/4/2012 7:00,0.01, , ,COOP:180465,BALTIMORE WASHINGTON INTERNATIONAL AIRPORT MD US,39.17329,-76.68408,42
10/4/2012 8:00,0,T, ,COOP:180465,BALTIMORE WASHINGTON INTERNATIONAL AIRPORT MD US,39.17329,-76.68408,42
10/4/2012 9:00,0,T, ,COOP:180465,BALTIMORE WASHINGTON INTERNATIONAL AIRPORT MD US,39.17329,-76.68408,42
10/7/2012 7:00,0,T, ,COOP:180465,BALTIMORE WASHINGTON INTERNATIONAL AIRPORT MD US,39.17329,-76.68408,42
10/7/2012 8:00,0.01, , ,COOP:180465,BALTIMORE WASHINGTON INTERNATIONAL AIRPORT MD US,39.17329,-76.68408,42
10/7/2012 9:00,0.03, , ,COOP:180465,BALTIMORE WASHINGTON INTERNATIONAL AIRPORT MD US,39.17329,-76.68408,42
10/7/2012 10:00,0.01, , ,COOP:180465,BALTIMORE WASHINGTON INTERNATIONAL AIRPORT MD US,39.17329,-76.68408,42
10/7/2012 12:00,0.01, , ,COOP:180465,BALTIMORE WASHINGTON INTERNATIONAL AIRPORT MD US,39.17329,-76.68408,42
10/7/2012 13:00,0,T, ,COOP:180465,BALTIMORE WASHINGTON INTERNATIONAL AIRPORT MD US,39.17329,-76.68408,42
10/7/2012 16:00,0,T, ,COOP:180465,BALTIMORE WASHINGTON INTERNATIONAL AIRPORT MD US,39.17329,-76.68408,42
10/7/2012 17:00,0.02, , ,COOP:180465,BALTIMORE WASHINGTON INTERNATIONAL AIRPORT MD US,39.17329,-76.68408,42
10/7/2012 18:00,0.05, , ,COOP:180465,BALTIMORE WASHINGTON INTERNATIONAL AIRPORT MD US,39.17329,-76.68408,42
10/7/2012 19:00,0.02, , ,COOP:180465,BALTIMORE WASHINGTON INTERNATIONAL AIRPORT MD US,39.17329,-76.68408,42
10/7/2012 20:00,0,T, ,COOP:180465,BALTIMORE WASHINGTON INTERNATIONAL AIRPORT MD US,39.17329,-76.68408,42
10/8/2012 12:00,0,T, ,COOP:180465,BALTIMORE WASHINGTON INTERNATIONAL AIRPORT MD US,39.17329,-76.68408,42
10/8/2012 15:00,0,T, ,COOP:180465,BALTIMORE WASHINGTON INTERNATIONAL AIRPORT MD US,39.17329,-76.68408,42
10/9/2012 0:00,0,T, ,COOP:180465,BALTIMORE WASHINGTON INTERNATIONAL AIRPORT MD US,39.17329,-76.68408,42
10/9/2012 1:00,0,T, ,COOP:180465,BALTIMORE WASHINGTON INTERNATIONAL AIRPORT MD US,39.17329,-76.68408,42
10/9/2012 2:00,0.01, , ,COOP:180465,BALTIMORE WASHINGTON INTERNATIONAL AIRPORT MD US,39.17329,-76.68408,42
10/9/2012 3:00,0.03, , ,COOP:180465,BALTIMORE WASHINGTON INTERNATIONAL AIRPORT MD US,39.17329,-76.68408,42
10/9/2012 4:00,0.03, , ,COOP:180465,BALTIMORE WASHINGTON INTERNATIONAL AIRPORT MD US,39.17329,-76.68408,42
10/9/2012 5:00,0.01, , ,COOP:180465,BALTIMORE WASHINGTON INTERNATIONAL AIRPORT MD US,39.17329,-76.68408,42
10/9/2012 6:00,0,T, ,COOP:180465,BALTIMORE WASHINGTON INTERNATIONAL AIRPORT MD US,39.17329,-76.68408,42
10/9/2012 19:00,0,T, ,COOP:180465,BALTIMORE WASHINGTON INTERNATIONAL AIRPORT MD US,39.17329,-76.68408,42
10/9/2012 21:00,0,T, ,COOP:180465,BALTIMORE WASHINGTON INTERNATIONAL AIRPORT MD US,39.17329,-76.68408,42
10/9/2012 22:00,0,T, ,COOP:180465,BALTIMORE WASHINGTON INTERNATIONAL AIRPORT MD US,39.17329,-76.68408,42
10/9/2012 23:00,0,T, ,COOP:180465,BALTIMORE WASHINGTON INTERNATIONAL AIRPORT MD US,39.17329,-76.68408,42
10/10/2012 1:00,0,T, ,COOP:180465,BALTIMORE WASHINGTON INTERNATIONAL AIRPORT MD US,39.17329,-76.68408,42
10/10/2012 2:00,0,T, ,COOP:180465,BALTIMORE WASHINGTON INTERNATIONAL AIRPORT MD US,39.17329,-76.68408,42
10/10/2012 3:00,0,T, ,COOP:180465,BALTIMORE WASHINGTON INTERNATIONAL AIRPORT MD US,39.17329,-76.68408,42
10/10/2012 4:00,0,T, ,COOP:180465,BALTIMORE WASHINGTON INTERNATIONAL AIRPORT MD US,39.17329,-76.68408,42
10/15/2012 10:00,0,T, ,COOP:180465,BALTIMORE WASHINGTON INTERNATIONAL AIRPORT MD US,39.17329,-76.68408,42
10/15/2012 11:00,0,T, ,COOP:180465,BALTIMORE WASHINGTON INTERNATIONAL AIRPORT MD US,39.17329,-76.68408,42
10/15/2012 13:00,0.02, , ,COOP:180465,BALTIMORE WASHINGTON INTERNATIONAL AIRPORT MD US,39.17329,-76.68408,42
10/15/2012 14:00,0.16, , ,COOP:180465,BALTIMORE WASHINGTON INTERNATIONAL AIRPORT MD US,39.17329,-76.68408,42
10/15/2012 15:00,0.12, , ,COOP:180465,BALTIMORE WASHINGTON INTERNATIONAL AIRPORT MD US,39.17329,-76.68408,42
10/15/2012 17:00,0.21, , ,COOP:180465,BALTIMORE WASHINGTON INTERNATIONAL AIRPORT MD US,39.17329,-76.68408,42
10/15/2012 18:00,0,T, ,COOP:180465,BALTIMORE WASHINGTON INTERNATIONAL AIRPORT MD US,39.17329,-76.68408,42
10/15/2012 19:00,0.01, , ,COOP:180465,BALTIMORE WASHINGTON INTERNATIONAL AIRPORT MD US,39.17329,-76.68408,42
10/15/2012 20:00,0.01, , ,COOP:180465,BALTIMORE WASHINGTON INTERNATIONAL AIRPORT MD US,39.17329,-76.68408,42
10/18/2012 18:00,0,T, ,COOP:180465,BALTIMORE WASHINGTON INTERNATIONAL AIRPORT MD US,39.17329,-76.68408,42
10/18/2012 19:00,0,T, ,COOP:180465,BALTIMORE WASHINGTON INTERNATIONAL AIRPORT MD US,39.17329,-76.68408,42
10/19/2012 0:00,0.01, , ,COOP:180465,BALTIMORE WASHINGTON INTERNATIONAL AIRPORT MD US,39.17329,-76.68408,42
10/19/2012 1:00,0,T, ,COOP:180465,BALTIMORE WASHINGTON INTERNATIONAL AIRPORT MD US,39.17329,-76.68408,42
10/19/2012 2:00,0,T, ,COOP:180465,BALTIMORE WASHINGTON INTERNATIONAL AIRPORT MD US,39.17329,-76.68408,42
10/19/2012 5:00,0,T, ,COOP:180465,BALTIMORE WASHINGTON INTERNATIONAL AIRPORT MD US,39.17329,-76.68408,42
10/19/2012 7:00,0.03, , ,COOP:180465,BALTIMORE WASHINGTON INTERNATIONAL AIRPORT MD US,39.17329,-76.68408,42
10/19/2012 8:00,0.04, , ,COOP:180465,BALTIMORE WASHINGTON INTERNATIONAL AIRPORT MD US,39.17329,-76.68408,42
10/19/2012 9:00,0,T, ,COOP:180465,BALTIMORE WASHINGTON INTERNATIONAL AIRPORT MD US,39.17329,-76.68408,42
10/19/2012 18:00,0.37, , ,COOP:180465,BALTIMORE WASHINGTON INTERNATIONAL AIRPORT MD US,39.17329,-76.68408,42
10/19/2012 19:00,0.48, , ,COOP:180465,BALTIMORE WASHINGTON INTERNATIONAL AIRPORT MD US,39.17329,-76.68408,42
10/28/2012 1:00,0,T, ,COOP:180465,BALTIMORE WASHINGTON INTERNATIONAL AIRPORT MD US,39.17329,-76.68408,42
10/28/2012 2:00,0,T, ,COOP:180465,BALTIMORE WASHINGTON INTERNATIONAL AIRPORT MD US,39.17329,-76.68408,42
10/28/2012 7:00,0,T, ,COOP:180465,BALTIMORE WASHINGTON INTERNATIONAL AIRPORT MD US,39.17329,-76.68408,42
10/28/2012 15:00,0,T, ,COOP:180465,BALTIMORE WASHINGTON INTERNATIONAL AIRPORT MD US,39.17329,-76.68408,42
10/28/2012 16:00,0,T, ,COOP:180465,BALTIMORE WASHINGTON INTERNATIONAL AIRPORT MD US,39.17329,-76.68408,42
10/28/2012 17:00,0,T, ,COOP:180465,BALTIMORE WASHINGTON INTERNATIONAL AIRPORT MD US,39.17329,-76.68408,42
10/28/2012 18:00,0,T, ,COOP:180465,BALTIMORE WASHINGTON INTERNATIONAL AIRPORT MD US,39.17329,-76.68408,42
10/28/2012 19:00,0,T, ,COOP:180465,BALTIMORE WASHINGTON INTERNATIONAL AIRPORT MD US,39.17329,-76.68408,42
10/28/2012 20:00,0.01, , ,COOP:180465,BALTIMORE WASHINGTON INTERNATIONAL AIRPORT MD US,39.17329,-76.68408,42
10/28/2012 21:00,0.07, , ,COOP:180465,BALTIMORE WASHINGTON INTERNATIONAL AIRPORT MD US,39.17329,-76.68408,42
10/28/2012 22:00,0.07, , ,COOP:180465,BALTIMORE WASHINGTON INTERNATIONAL AIRPORT MD US,39.17329,-76.68408,42
10/28/2012 23:00,0.05, , ,COOP:180465,BALTIMORE WASHINGTON INTERNATIONAL AIRPORT MD US,39.17329,-76.68408,42
10/29/2012 0:00,0.04, , ,COOP:180465,BALTIMORE WASHINGTON INTERNATIONAL AIRPORT MD US,39.17329,-76.68408,42
10/29/2012 1:00,0.09, , ,COOP:180465,BALTIMORE WASHINGTON INTERNATIONAL AIRPORT MD US,39.17329,-76.68408,42
10/29/2012 2:00,0.05, , ,COOP:180465,BALTIMORE WASHINGTON INTERNATIONAL AIRPORT MD US,39.17329,-76.68408,42
10/29/2012 3:00,0.08, , ,COOP:180465,BALTIMORE WASHINGTON INTERNATIONAL AIRPORT MD US,39.17329,-76.68408,42
10/29/2012 4:00,0.14, , ,COOP:180465,BALTIMORE WASHINGTON INTERNATIONAL AIRPORT MD US,39.17329,-76.68408,42
10/29/2012 5:00,0.16, , ,COOP:180465,BALTIMORE WASHINGTON INTERNATIONAL AIRPORT MD US,39.17329,-76.68408,42
10/29/2012 6:00,0.24, , ,COOP:180465,BALTIMORE WASHINGTON INTERNATIONAL AIRPORT MD US,39.17329,-76.68408,42
10/29/2012 7:00,0.29, , ,COOP:180465,BALTIMORE WASHINGTON INTERNATIONAL AIRPORT MD US,39.17329,-76.68408,42
10/29/2012 8:00,0.43, , ,COOP:180465,BALTIMORE WASHINGTON INTERNATIONAL AIRPORT MD US,39.17329,-76.68408,42
10/29/2012 9:00,0.16, , ,COOP:180465,BALTIMORE WASHINGTON INTERNATIONAL AIRPORT MD US,39.17329,-76.68408,42
10/29/2012 10:00,0.21, , ,COOP:180465,BALTIMORE WASHINGTON INTERNATIONAL AIRPORT MD US,39.17329,-76.68408,42
10/29/2012 11:00,0.24, , ,COOP:180465,BALTIMORE WASHINGTON INTERNATIONAL AIRPORT MD US,39.17329,-76.68408,42
10/29/2012 12:00,0.26, , ,COOP:180465,BALTIMORE WASHINGTON INTERNATIONAL AIRPORT MD US,39.17329,-76.68408,42
10/29/2012 13:00,0.32, , ,COOP:180465,BALTIMORE WASHINGTON INTERNATIONAL AIRPORT MD US,39.17329,-76.68408,42
10/29/2012 14:00,0.31, , ,COOP:180465,BALTIMORE WASHINGTON INTERNATIONAL AIRPORT MD US,39.17329,-76.68408,42
10/29/2012 15:00,0.32, , ,COOP:180465,BALTIMORE WASHINGTON INTERNATIONAL AIRPORT MD US,39.17329,-76.68408,42
10/29/2012 16:00,0.3, , ,COOP:180465,BALTIMORE WASHINGTON INTERNATIONAL AIRPORT MD US,39.17329,-76.68408,42
10/29/2012 17:00,0.3, , ,COOP:180465,BALTIMORE WASHINGTON INTERNATIONAL AIRPORT MD US,39.17329,-76.68408,42
10/29/2012 18:00,0.32, , ,COOP:180465,BALTIMORE WASHINGTON INTERNATIONAL AIRPORT MD US,39.17329,-76.68408,42
10/29/2012 19:00,0.35, , ,COOP:180465,BALTIMORE WASHINGTON INTERNATIONAL AIRPORT MD US,39.17329,-76.68408,42
10/29/2012 20:00,0.24, , ,COOP:180465,BALTIMORE WASHINGTON INTERNATIONAL AIRPORT MD US,39.17329,-76.68408,42
10/29/2012 21:00,0.22, , ,COOP:180465,BALTIMORE WASHINGTON INTERNATIONAL AIRPORT MD US,39.17329,-76.68408,42
10/29/2012 22:00,0.17, , ,COOP:180465,BALTIMORE WASHINGTON INTERNATIONAL AIRPORT MD US,39.17329,-76.68408,42
10/29/2012 23:00,0.15, , ,COOP:180465,BALTIMORE WASHINGTON INTERNATIONAL AIRPORT MD US,39.17329,-76.68408,42
10/30/2012 0:00,0.17, , ,COOP:180465,BALTIMORE WASHINGTON INTERNATIONAL AIRPORT MD US,39.17329,-76.68408,42
10/30/2012 1:00,0.2, , ,COOP:180465,BALTIMORE WASHINGTON INTERNATIONAL AIRPORT MD US,39.17329,-76.68408,42
10/30/2012 2:00,0.11, , ,COOP:180465,BALTIMORE WASHINGTON INTERNATIONAL AIRPORT MD US,39.17329,-76.68408,42
10/30/2012 3:00,0.09, , ,COOP:180465,BALTIMORE WASHINGTON INTERNATIONAL AIRPORT MD US,39.17329,-76.68408,42
10/30/2012 4:00,0.14, , ,COOP:180465,BALTIMORE WASHINGTON INTERNATIONAL AIRPORT MD US,39.17329,-76.68408,42
10/30/2012 5:00,0.11, , ,COOP:180465,BALTIMORE WASHINGTON INTERNATIONAL AIRPORT MD US,39.17329,-76.68408,42
10/30/2012 6:00,0.08, , ,COOP:180465,BALTIMORE WASHINGTON INTERNATIONAL AIRPORT MD US,39.17329,-76.68408,42
10/30/2012 7:00,0.03, , ,COOP:180465,BALTIMORE WASHINGTON INTERNATIONAL AIRPORT MD US,39.17329,-76.68408,42
10/30/2012 8:00,0.01, , ,COOP:180465,BALTIMORE WASHINGTON INTERNATIONAL AIRPORT MD US,39.17329,-76.68408,42
10/30/2012 9:00,0.04, , ,COOP:180465,BALTIMORE WASHINGTON INTERNATIONAL AIRPORT MD US,39.17329,-76.68408,42
10/30/2012 10:00,0.01, , ,COOP:180465,BALTIMORE WASHINGTON INTERNATIONAL AIRPORT MD US,39.17329,-76.68408,42
10/30/2012 11:00,0,T, ,COOP:180465,BALTIMORE WASHINGTON INTERNATIONAL AIRPORT MD US,39.17329,-76.68408,42
10/30/2012 12:00,0.02, , ,COOP:180465,BALTIMORE WASHINGTON INTERNATIONAL AIRPORT MD US,39.17329,-76.68408,42
10/30/2012 13:00,0.02, , ,COOP:180465,BALTIMORE WASHINGTON INTERNATIONAL AIRPORT MD US,39.17329,-76.68408,42
10/30/2012 14:00,0.01, , ,COOP:180465,BALTIMORE WASHINGTON INTERNATIONAL AIRPORT MD US,39.17329,-76.68408,42
10/30/2012 15:00,0.01, , ,COOP:180465,BALTIMORE WASHINGTON INTERNATIONAL AIRPORT MD US,39.17329,-76.68408,42
10/30/2012 16:00,0,T, ,COOP:180465,BALTIMORE WASHINGTON INTERNATIONAL AIRPORT MD US,39.17329,-76.68408,42
10/30/2012 17:00,0,T, ,COOP:180465,BALTIMORE WASHINGTON INTERNATIONAL AIRPORT MD US,39.17329,-76.68408,42
10/30/2012 18:00,0.01, , ,COOP:180465,BALTIMORE WASHINGTON INTERNATIONAL AIRPORT MD US,39.17329,-76.68408,42
10/30/2012 19:00,0.01, , ,COOP:180465,BALTIMORE WASHINGTON INTERNATIONAL AIRPORT MD US,39.17329,-76.68408,42
10/30/2012 20:00,0.02, , ,COOP:180465,BALTIMORE WASHINGTON INTERNATIONAL AIRPORT MD US,39.17329,-76.68408,42
10/30/2012 21:00,0,T, ,COOP:180465,BALTIMORE WASHINGTON INTERNATIONAL AIRPORT MD US,39.17329,-76.68408,42
11/1/2012 1:00,0,g, ,COOP:180465,BALTIMORE WASHINGTON INTERNATIONAL AIRPORT MD US,39.17329,-76.68408,42
11/1/2012 10:00,0,T, ,COOP:180465,BALTIMORE WASHINGTON INTERNATIONAL AIRPORT MD US,39.17329,-76.68408,42
11/1/2012 11:00,0,T, ,COOP:180465,BALTIMORE WASHINGTON INTERNATIONAL AIRPORT MD US,39.17329,-76.68408,42
11/1/2012 12:00,0,T, ,COOP:180465,BALTIMORE WASHINGTON INTERNATIONAL AIRPORT MD US,39.17329,-76.68408,42
11/1/2012 13:00,0,T, ,COOP:180465,BALTIMORE WASHINGTON INTERNATIONAL AIRPORT MD US,39.17329,-76.68408,42
11/1/2012 14:00,0,T, ,COOP:180465,BALTIMORE WASHINGTON INTERNATIONAL AIRPORT MD US,39.17329,-76.68408,42
11/1/2012 16:00,0,T, ,COOP:180465,BALTIMORE WASHINGTON INTERNATIONAL AIRPORT MD US,39.17329,-76.68408,42
11/1/2012 17:00,0,T, ,COOP:180465,BALTIMORE WASHINGTON INTERNATIONAL AIRPORT MD US,39.17329,-76.68408,42
11/1/2012 18:00,0,T, ,COOP:180465,BALTIMORE WASHINGTON INTERNATIONAL AIRPORT MD US,39.17329,-76.68408,42
11/2/2012 8:00,0,T, ,COOP:180465,BALTIMORE WASHINGTON INTERNATIONAL AIRPORT MD US,39.17329,-76.68408,42
11/2/2012 9:00,0,T, ,COOP:180465,BALTIMORE WASHINGTON INTERNATIONAL AIRPORT MD US,39.17329,-76.68408,42
11/7/2012 8:00,0,T, ,COOP:180465,BALTIMORE WASHINGTON INTERNATIONAL AIRPORT MD US,39.17329,-76.68408,42
11/7/2012 9:00,0,T, ,COOP:180465,BALTIMORE WASHINGTON INTERNATIONAL AIRPORT MD US,39.17329,-76.68408,42
11/7/2012 15:00,0,T, ,COOP:180465,BALTIMORE WASHINGTON INTERNATIONAL AIRPORT MD US,39.17329,-76.68408,42
11/7/2012 16:00,0,T, ,COOP:180465,BALTIMORE WASHINGTON INTERNATIONAL AIRPORT MD US,39.17329,-76.68408,42
11/7/2012 17:00,0,T, ,COOP:180465,BALTIMORE WASHINGTON INTERNATIONAL AIRPORT MD US,39.17329,-76.68408,42
11/7/2012 18:00,0,T, ,COOP:180465,BALTIMORE WASHINGTON INTERNATIONAL AIRPORT MD US,39.17329,-76.68408,42
11/7/2012 19:00,0,T, ,COOP:180465,BALTIMORE WASHINGTON INTERNATIONAL AIRPORT MD US,39.17329,-76.68408,42
11/7/2012 20:00,0,T, ,COOP:180465,BALTIMORE WASHINGTON INTERNATIONAL AIRPORT MD US,39.17329,-76.68408,42
11/7/2012 21:00,0.02, , ,COOP:180465,BALTIMORE WASHINGTON INTERNATIONAL AIRPORT MD US,39.17329,-76.68408,42
11/7/2012 22:00,0.02, , ,COOP:180465,BALTIMORE WASHINGTON INTERNATIONAL AIRPORT MD US,39.17329,-76.68408,42
11/7/2012 23:00,0.01, , ,COOP:180465,BALTIMORE WASHINGTON INTERNATIONAL AIRPORT MD US,39.17329,-76.68408,42
11/8/2012 0:00,0.01, , ,COOP:180465,BALTIMORE WASHINGTON INTERNATIONAL AIRPORT MD US,39.17329,-76.68408,42
11/8/2012 1:00,0,T, ,COOP:180465,BALTIMORE WASHINGTON INTERNATIONAL AIRPORT MD US,39.17329,-76.68408,42
11/12/2012 22:00,0,T, ,COOP:180465,BALTIMORE WASHINGTON INTERNATIONAL AIRPORT MD US,39.17329,-76.68408,42
11/12/2012 23:00,0,T, ,COOP:180465,BALTIMORE WASHINGTON INTERNATIONAL AIRPORT MD US,39.17329,-76.68408,42
11/13/2012 0:00,0,T, ,COOP:180465,BALTIMORE WASHINGTON INTERNATIONAL AIRPORT MD US,39.17329,-76.68408,42
11/13/2012 1:00,0.07, , ,COOP:180465,BALTIMORE WASHINGTON INTERNATIONAL AIRPORT MD US,39.17329,-76.68408,42
11/13/2012 2:00,0.1, , ,COOP:180465,BALTIMORE WASHINGTON INTERNATIONAL AIRPORT MD US,39.17329,-76.68408,42
11/13/2012 3:00,0.01, , ,COOP:180465,BALTIMORE WASHINGTON INTERNATIONAL AIRPORT MD US,39.17329,-76.68408,42
11/13/2012 4:00,0,T, ,COOP:180465,BALTIMORE WASHINGTON INTERNATIONAL AIRPORT MD US,39.17329,-76.68408,42
11/13/2012 5:00,0.01, , ,COOP:180465,BALTIMORE WASHINGTON INTERNATIONAL AIRPORT MD US,39.17329,-76.68408,42
11/13/2012 6:00,0.03, , ,COOP:180465,BALTIMORE WASHINGTON INTERNATIONAL AIRPORT MD US,39.17329,-76.68408,42
11/13/2012 7:00,0.05, , ,COOP:180465,BALTIMORE WASHINGTON INTERNATIONAL AIRPORT MD US,39.17329,-76.68408,42
11/13/2012 8:00,0.08, , ,COOP:180465,BALTIMORE WASHINGTON INTERNATIONAL AIRPORT MD US,39.17329,-76.68408,42
11/13/2012 9:00,0.04, , ,COOP:180465,BALTIMORE WASHINGTON INTERNATIONAL AIRPORT MD US,39.17329,-76.68408,42
11/13/2012 10:00,0.03, , ,COOP:180465,BALTIMORE WASHINGTON INTERNATIONAL AIRPORT MD US,39.17329,-76.68408,42
11/13/2012 11:00,0.02, , ,COOP:180465,BALTIMORE WASHINGTON INTERNATIONAL AIRPORT MD US,39.17329,-76.68408,42
11/27/2012 4:00,0,T, ,COOP:180465,BALTIMORE WASHINGTON INTERNATIONAL AIRPORT MD US,39.17329,-76.68408,42
11/27/2012 5:00,0.01, , ,COOP:180465,BALTIMORE WASHINGTON INTERNATIONAL AIRPORT MD US,39.17329,-76.68408,42
11/27/2012 6:00,0.04, , ,COOP:180465,BALTIMORE WASHINGTON INTERNATIONAL AIRPORT MD US,39.17329,-76.68408,42
11/27/2012 7:00,0,T, ,COOP:180465,BALTIMORE WASHINGTON INTERNATIONAL AIRPORT MD US,39.17329,-76.68408,42
11/27/2012 8:00,0,T, ,COOP:180465,BALTIMORE WASHINGTON INTERNATIONAL AIRPORT MD US,39.17329,-76.68408,42
11/27/2012 9:00,0.01, , ,COOP:180465,BALTIMORE WASHINGTON INTERNATIONAL AIRPORT MD US,39.17329,-76.68408,42
11/27/2012 10:00,0.01, , ,COOP:180465,BALTIMORE WASHINGTON INTERNATIONAL AIRPORT MD US,39.17329,-76.68408,42
11/27/2012 11:00,0.05, , ,COOP:180465,BALTIMORE WASHINGTON INTERNATIONAL AIRPORT MD US,39.17329,-76.68408,42
11/27/2012 12:00,0.03, , ,COOP:180465,BALTIMORE WASHINGTON INTERNATIONAL AIRPORT MD US,39.17329,-76.68408,42
11/27/2012 13:00,0.04, , ,COOP:180465,BALTIMORE WASHINGTON INTERNATIONAL AIRPORT MD US,39.17329,-76.68408,42
11/27/2012 14:00,0.02, , ,COOP:180465,BALTIMORE WASHINGTON INTERNATIONAL AIRPORT MD US,39.17329,-76.68408,42
11/27/2012 15:00,0,T, ,COOP:180465,BALTIMORE WASHINGTON INTERNATIONAL AIRPORT MD US,39.17329,-76.68408,42
12/1/2012 1:00,0,g, ,COOP:180465,BALTIMORE WASHINGTON INTERNATIONAL AIRPORT MD US,39.17329,-76.68408,42
12/2/2012 18:00,0,T, ,COOP:180465,BALTIMORE WASHINGTON INTERNATIONAL AIRPORT MD US,39.17329,-76.68408,42
12/2/2012 19:00,0,T, ,COOP:180465,BALTIMORE WASHINGTON INTERNATIONAL AIRPORT MD US,39.17329,-76.68408,42
12/7/2012 8:00,0.01, , ,COOP:180465,BALTIMORE WASHINGTON INTERNATIONAL AIRPORT MD US,39.17329,-76.68408,42
12/7/2012 10:00,0,T, ,COOP:180465,BALTIMORE WASHINGTON INTERNATIONAL AIRPORT MD US,39.17329,-76.68408,42
12/7/2012 21:00,0,T, ,COOP:180465,BALTIMORE WASHINGTON INTERNATIONAL AIRPORT MD US,39.17329,-76.68408,42
12/7/2012 22:00,0,T, ,COOP:180465,BALTIMORE WASHINGTON INTERNATIONAL AIRPORT MD US,39.17329,-76.68408,42
12/7/2012 23:00,0.01, , ,COOP:180465,BALTIMORE WASHINGTON INTERNATIONAL AIRPORT MD US,39.17329,-76.68408,42
12/8/2012 0:00,0,T, ,COOP:180465,BALTIMORE WASHINGTON INTERNATIONAL AIRPORT MD US,39.17329,-76.68408,42
12/8/2012 22:00,0.01, , ,COOP:180465,BALTIMORE WASHINGTON INTERNATIONAL AIRPORT MD US,39.17329,-76.68408,42
12/8/2012 23:00,0.02, , ,COOP:180465,BALTIMORE WASHINGTON INTERNATIONAL AIRPORT MD US,39.17329,-76.68408,42
12/9/2012 3:00,0,T, ,COOP:180465,BALTIMORE WASHINGTON INTERNATIONAL AIRPORT MD US,39.17329,-76.68408,42
12/9/2012 4:00,0,T, ,COOP:180465,BALTIMORE WASHINGTON INTERNATIONAL AIRPORT MD US,39.17329,-76.68408,42
12/9/2012 6:00,0.01, , ,COOP:180465,BALTIMORE WASHINGTON INTERNATIONAL AIRPORT MD US,39.17329,-76.68408,42
12/9/2012 7:00,0.06, , ,COOP:180465,BALTIMORE WASHINGTON INTERNATIONAL AIRPORT MD US,39.17329,-76.68408,42
12/9/2012 8:00,0.07, , ,COOP:180465,BALTIMORE WASHINGTON INTERNATIONAL AIRPORT MD US,39.17329,-76.68408,42
12/9/2012 9:00,0.02, , ,COOP:180465,BALTIMORE WASHINGTON INTERNATIONAL AIRPORT MD US,39.17329,-76.68408,42
12/9/2012 10:00,0,T, ,COOP:180465,BALTIMORE WASHINGTON INTERNATIONAL AIRPORT MD US,39.17329,-76.68408,42
12/9/2012 11:00,0.01, , ,COOP:180465,BALTIMORE WASHINGTON INTERNATIONAL AIRPORT MD US,39.17329,-76.68408,42
12/9/2012 12:00,0,T, ,COOP:180465,BALTIMORE WASHINGTON INTERNATIONAL AIRPORT MD US,39.17329,-76.68408,42
12/9/2012 16:00,0,T, ,COOP:180465,BALTIMORE WASHINGTON INTERNATIONAL AIRPORT MD US,39.17329,-76.68408,42
12/9/2012 17:00,0,T, ,COOP:180465,BALTIMORE WASHINGTON INTERNATIONAL AIRPORT MD US,39.17329,-76.68408,42
12/9/2012 18:00,0,T, ,COOP:180465,BALTIMORE WASHINGTON INTERNATIONAL AIRPORT MD US,39.17329,-76.68408,42
12/9/2012 19:00,0,T, ,COOP:180465,BALTIMORE WASHINGTON INTERNATIONAL AIRPORT MD US,39.17329,-76.68408,42
12/9/2012 20:00,0.01, , ,COOP:180465,BALTIMORE WASHINGTON INTERNATIONAL AIRPORT MD US,39.17329,-76.68408,42
12/9/2012 21:00,0,T, ,COOP:180465,BALTIMORE WASHINGTON INTERNATIONAL AIRPORT MD US,39.17329,-76.68408,42
12/9/2012 22:00,0.01, , ,COOP:180465,BALTIMORE WASHINGTON INTERNATIONAL AIRPORT MD US,39.17329,-76.68408,42
12/9/2012 23:00,0,T, ,COOP:180465,BALTIMORE WASHINGTON INTERNATIONAL AIRPORT MD US,39.17329,-76.68408,42
12/10/2012 3:00,0,T, ,COOP:180465,BALTIMORE WASHINGTON INTERNATIONAL AIRPORT MD US,39.17329,-76.68408,42
12/10/2012 4:00,0,T, ,COOP:180465,BALTIMORE WASHINGTON INTERNATIONAL AIRPORT MD US,39.17329,-76.68408,42
12/10/2012 5:00,0,T, ,COOP:180465,BALTIMORE WASHINGTON INTERNATIONAL AIRPORT MD US,39.17329,-76.68408,42
12/10/2012 7:00,0,T, ,COOP:180465,BALTIMORE WASHINGTON INTERNATIONAL AIRPORT MD US,39.17329,-76.68408,42
12/10/2012 13:00,0,T, ,COOP:180465,BALTIMORE WASHINGTON INTERNATIONAL AIRPORT MD US,39.17329,-76.68408,42
12/11/2012 3:00,0.01, , ,COOP:180465,BALTIMORE WASHINGTON INTERNATIONAL AIRPORT MD US,39.17329,-76.68408,42
12/11/2012 4:00,0.05, , ,COOP:180465,BALTIMORE WASHINGTON INTERNATIONAL AIRPORT MD US,39.17329,-76.68408,42
12/11/2012 5:00,0.03, , ,COOP:180465,BALTIMORE WASHINGTON INTERNATIONAL AIRPORT MD US,39.17329,-76.68408,42
12/11/2012 6:00,0,T, ,COOP:180465,BALTIMORE WASHINGTON INTERNATIONAL AIRPORT MD US,39.17329,-76.68408,42
12/16/2012 0:00,0,T, ,COOP:180465,BALTIMORE WASHINGTON INTERNATIONAL AIRPORT MD US,39.17329,-76.68408,42
12/16/2012 1:00,0,T, ,COOP:180465,BALTIMORE WASHINGTON INTERNATIONAL AIRPORT MD US,39.17329,-76.68408,42
12/16/2012 2:00,0,T, ,COOP:180465,BALTIMORE WASHINGTON INTERNATIONAL AIRPORT MD US,39.17329,-76.68408,42
12/16/2012 19:00,0.06, , ,COOP:180465,BALTIMORE WASHINGTON INTERNATIONAL AIRPORT MD US,39.17329,-76.68408,42
12/16/2012 20:00,0.01, , ,COOP:180465,BALTIMORE WASHINGTON INTERNATIONAL AIRPORT MD US,39.17329,-76.68408,42
12/16/2012 21:00,0,T, ,COOP:180465,BALTIMORE WASHINGTON INTERNATIONAL AIRPORT MD US,39.17329,-76.68408,42
12/16/2012 22:00,0,T, ,COOP:180465,BALTIMORE WASHINGTON INTERNATIONAL AIRPORT MD US,39.17329,-76.68408,42
12/17/2012 1:00,0.01, , ,COOP:180465,BALTIMORE WASHINGTON INTERNATIONAL AIRPORT MD US,39.17329,-76.68408,42
12/17/2012 4:00,0,T, ,COOP:180465,BALTIMORE WASHINGTON INTERNATIONAL AIRPORT MD US,39.17329,-76.68408,42
12/17/2012 12:00,0,T, ,COOP:180465,BALTIMORE WASHINGTON INTERNATIONAL AIRPORT MD US,39.17329,-76.68408,42
12/17/2012 13:00,0,T, ,COOP:180465,BALTIMORE WASHINGTON INTERNATIONAL AIRPORT MD US,39.17329,-76.68408,42
12/17/2012 14:00,0,T, ,COOP:180465,BALTIMORE WASHINGTON INTERNATIONAL AIRPORT MD US,39.17329,-76.68408,42
12/17/2012 15:00,0,T, ,COOP:180465,BALTIMORE WASHINGTON INTERNATIONAL AIRPORT MD US,39.17329,-76.68408,42
12/17/2012 16:00,0,T, ,COOP:180465,BALTIMORE WASHINGTON INTERNATIONAL AIRPORT MD US,39.17329,-76.68408,42
12/17/2012 17:00,0,T, ,COOP:180465,BALTIMORE WASHINGTON INTERNATIONAL AIRPORT MD US,39.17329,-76.68408,42
12/17/2012 18:00,0.01, , ,COOP:180465,BALTIMORE WASHINGTON INTERNATIONAL AIRPORT MD US,39.17329,-76.68408,42
12/17/2012 19:00,0,T, ,COOP:180465,BALTIMORE WASHINGTON INTERNATIONAL AIRPORT MD US,39.17329,-76.68408,42
12/17/2012 20:00,0.01, , ,COOP:180465,BALTIMORE WASHINGTON INTERNATIONAL AIRPORT MD US,39.17329,-76.68408,42
12/17/2012 21:00,0,T, ,COOP:180465,BALTIMORE WASHINGTON INTERNATIONAL AIRPORT MD US,39.17329,-76.68408,42
12/17/2012 22:00,0.01, , ,COOP:180465,BALTIMORE WASHINGTON INTERNATIONAL AIRPORT MD US,39.17329,-76.68408,42
12/17/2012 23:00,0.03, , ,COOP:180465,BALTIMORE WASHINGTON INTERNATIONAL AIRPORT MD US,39.17329,-76.68408,42
12/18/2012 0:00,0.07, , ,COOP:180465,BALTIMORE WASHINGTON INTERNATIONAL AIRPORT MD US,39.17329,-76.68408,42
12/18/2012 1:00,0,T, ,COOP:180465,BALTIMORE WASHINGTON INTERNATIONAL AIRPORT MD US,39.17329,-76.68408,42
12/18/2012 14:00,0,T, ,COOP:180465,BALTIMORE WASHINGTON INTERNATIONAL AIRPORT MD US,39.17329,-76.68408,42
12/20/2012 16:00,0,T, ,COOP:180465,BALTIMORE WASHINGTON INTERNATIONAL AIRPORT MD US,39.17329,-76.68408,42
12/20/2012 17:00,0,T, ,COOP:180465,BALTIMORE WASHINGTON INTERNATIONAL AIRPORT MD US,39.17329,-76.68408,42
12/20/2012 19:00,0,T, ,COOP:180465,BALTIMORE WASHINGTON INTERNATIONAL AIRPORT MD US,39.17329,-76.68408,42
12/20/2012 20:00,0.03, , ,COOP:180465,BALTIMORE WASHINGTON INTERNATIONAL AIRPORT MD US,39.17329,-76.68408,42
12/20/2012 21:00,0.12, , ,COOP:180465,BALTIMORE WASHINGTON INTERNATIONAL AIRPORT MD US,39.17329,-76.68408,42
12/20/2012 22:00,0.14, , ,COOP:180465,BALTIMORE WASHINGTON INTERNATIONAL AIRPORT MD US,39.17329,-76.68408,42
12/20/2012 23:00,0.19, , ,COOP:180465,BALTIMORE WASHINGTON INTERNATIONAL AIRPORT MD US,39.17329,-76.68408,42
12/21/2012 0:00,0.21, , ,COOP:180465,BALTIMORE WASHINGTON INTERNATIONAL AIRPORT MD US,39.17329,-76.68408,42
12/21/2012 1:00,0.15, , ,COOP:180465,BALTIMORE WASHINGTON INTERNATIONAL AIRPORT MD US,39.17329,-76.68408,42
12/21/2012 2:00,0.1, , ,COOP:180465,BALTIMORE WASHINGTON INTERNATIONAL AIRPORT MD US,39.17329,-76.68408,42
12/21/2012 3:00,0.04, , ,COOP:180465,BALTIMORE WASHINGTON INTERNATIONAL AIRPORT MD US,39.17329,-76.68408,42
12/21/2012 4:00,0.18, , ,COOP:180465,BALTIMORE WASHINGTON INTERNATIONAL AIRPORT MD US,39.17329,-76.68408,42
12/21/2012 5:00,0,T, ,COOP:180465,BALTIMORE WASHINGTON INTERNATIONAL AIRPORT MD US,39.17329,-76.68408,42
12/24/2012 14:00,0,T, ,COOP:180465,BALTIMORE WASHINGTON INTERNATIONAL AIRPORT MD US,39.17329,-76.68408,42
12/24/2012 15:00,0.03, , ,COOP:180465,BALTIMORE WASHINGTON INTERNATIONAL AIRPORT MD US,39.17329,-76.68408,42
12/24/2012 16:00,0.05, , ,COOP:180465,BALTIMORE WASHINGTON INTERNATIONAL AIRPORT MD US,39.17329,-76.68408,42
12/24/2012 17:00,0.05, , ,COOP:180465,BALTIMORE WASHINGTON INTERNATIONAL AIRPORT MD US,39.17329,-76.68408,42
12/24/2012 18:00,0.02, , ,COOP:180465,BALTIMORE WASHINGTON INTERNATIONAL AIRPORT MD US,39.17329,-76.68408,42
12/24/2012 19:00,0.02, , ,COOP:180465,BALTIMORE WASHINGTON INTERNATIONAL AIRPORT MD US,39.17329,-76.68408,42
12/24/2012 20:00,0,T, ,COOP:180465,BALTIMORE WASHINGTON INTERNATIONAL AIRPORT MD US,39.17329,-76.68408,42
12/24/2012 21:00,0,T, ,COOP:180465,BALTIMORE WASHINGTON INTERNATIONAL AIRPORT MD US,39.17329,-76.68408,42
12/26/2012 8:00,0.01, , ,COOP:180465,BALTIMORE WASHINGTON INTERNATIONAL AIRPORT MD US,39.17329,-76.68408,42
12/26/2012 9:00,0.05, , ,COOP:180465,BALTIMORE WASHINGTON INTERNATIONAL AIRPORT MD US,39.17329,-76.68408,42
12/26/2012 10:00,0.06, , ,COOP:180465,BALTIMORE WASHINGTON INTERNATIONAL AIRPORT MD US,39.17329,-76.68408,42
12/26/2012 11:00,0.06, , ,COOP:180465,BALTIMORE WASHINGTON INTERNATIONAL AIRPORT MD US,39.17329,-76.68408,42
12/26/2012 12:00,0.08, , ,COOP:180465,BALTIMORE WASHINGTON INTERNATIONAL AIRPORT MD US,39.17329,-76.68408,42
12/26/2012 13:00,0.1, , ,COOP:180465,BALTIMORE WASHINGTON INTERNATIONAL AIRPORT MD US,39.17329,-76.68408,42
12/26/2012 14:00,0.13, , ,COOP:180465,BALTIMORE WASHINGTON INTERNATIONAL AIRPORT MD US,39.17329,-76.68408,42
12/26/2012 15:00,0.13, , ,COOP:180465,BALTIMORE WASHINGTON INTERNATIONAL AIRPORT MD US,39.17329,-76.68408,42
12/26/2012 16:00,0.12, , ,COOP:180465,BALTIMORE WASHINGTON INTERNATIONAL AIRPORT MD US,39.17329,-76.68408,42
12/26/2012 17:00,0.17, , ,COOP:180465,BALTIMORE WASHINGTON INTERNATIONAL AIRPORT MD US,39.17329,-76.68408,42
12/26/2012 18:00,0.01, , ,COOP:180465,BALTIMORE WASHINGTON INTERNATIONAL AIRPORT MD US,39.17329,-76.68408,42
12/26/2012 19:00,0.01, , ,COOP:180465,BALTIMORE WASHINGTON INTERNATIONAL AIRPORT MD US,39.17329,-76.68408,42
12/26/2012 20:00,0,T, ,COOP:180465,BALTIMORE WASHINGTON INTERNATIONAL AIRPORT MD US,39.17329,-76.68408,42
12/26/2012 21:00,0.01, , ,COOP:180465,BALTIMORE WASHINGTON INTERNATIONAL AIRPORT MD US,39.17329,-76.68408,42
12/26/2012 22:00,0.06, , ,COOP:180465,BALTIMORE WASHINGTON INTERNATIONAL AIRPORT MD US,39.17329,-76.68408,42
12/26/2012 23:00,0.01, , ,COOP:180465,BALTIMORE WASHINGTON INTERNATIONAL AIRPORT MD US,39.17329,-76.68408,42
12/27/2012 0:00,0.04, , ,COOP:180465,BALTIMORE WASHINGTON INTERNATIONAL AIRPORT MD US,39.17329,-76.68408,42
12/27/2012 1:00,0.01, , ,COOP:180465,BALTIMORE WASHINGTON INTERNATIONAL AIRPORT MD US,39.17329,-76.68408,42
12/27/2012 2:00,0,T, ,COOP:180465,BALTIMORE WASHINGTON INTERNATIONAL AIRPORT MD US,39.17329,-76.68408,42
12/27/2012 3:00,0.02, , ,COOP:180465,BALTIMORE WASHINGTON INTERNATIONAL AIRPORT MD US,39.17329,-76.68408,42
12/29/2012 10:00,0.01, , ,COOP:180465,BALTIMORE WASHINGTON INTERNATIONAL AIRPORT MD US,39.17329,-76.68408,42
12/29/2012 11:00,0.11, , ,COOP:180465,BALTIMORE WASHINGTON INTERNATIONAL AIRPORT MD US,39.17329,-76.68408,42
12/29/2012 12:00,0.02, , ,COOP:180465,BALTIMORE WASHINGTON INTERNATIONAL AIRPORT MD US,39.17329,-76.68408,42
12/29/2012 13:00,0.02, , ,COOP:180465,BALTIMORE WASHINGTON INTERNATIONAL AIRPORT MD US,39.17329,-76.68408,42
12/29/2012 14:00,0,T, ,COOP:180465,BALTIMORE WASHINGTON INTERNATIONAL AIRPORT MD US,39.17329,-76.68408,42
12/29/2012 15:00,0,T, ,COOP:180465,BALTIMORE WASHINGTON INTERNATIONAL AIRPORT MD US,39.17329,-76.68408,42
12/29/2012 16:00,0,T, ,COOP:180465,BALTIMORE WASHINGTON INTERNATIONAL AIRPORT MD US,39.17329,-76.68408,42
1/1/2013 1:00,0,g, ,COOP:180465,BALTIMORE WASHINGTON INTERNATIONAL AIRPORT MD US,39.17329,-76.68408,42
1/6/2013 0:00,0,T, ,COOP:180465,BALTIMORE WASHINGTON INTERNATIONAL AIRPORT MD US,39.17329,-76.68408,42
1/6/2013 1:00,0,T, ,COOP:180465,BALTIMORE WASHINGTON INTERNATIONAL AIRPORT MD US,39.17329,-76.68408,42
1/6/2013 2:00,0,T, ,COOP:180465,BALTIMORE WASHINGTON INTERNATIONAL AIRPORT MD US,39.17329,-76.68408,42
1/6/2013 3:00,0,T, ,COOP:180465,BALTIMORE WASHINGTON INTERNATIONAL AIRPORT MD US,39.17329,-76.68408,42
1/6/2013 4:00,0,T, ,COOP:180465,BALTIMORE WASHINGTON INTERNATIONAL AIRPORT MD US,39.17329,-76.68408,42
1/9/2013 14:00,0,T, ,COOP:180465,BALTIMORE WASHINGTON INTERNATIONAL AIRPORT MD US,39.17329,-76.68408,42
1/9/2013 15:00,0,T, ,COOP:180465,BALTIMORE WASHINGTON INTERNATIONAL AIRPORT MD US,39.17329,-76.68408,42
1/9/2013 16:00,0,T, ,COOP:180465,BALTIMORE WASHINGTON INTERNATIONAL AIRPORT MD US,39.17329,-76.68408,42
1/11/2013 9:00,0,T, ,COOP:180465,BALTIMORE WASHINGTON INTERNATIONAL AIRPORT MD US,39.17329,-76.68408,42
1/11/2013 12:00,0,T, ,COOP:180465,BALTIMORE WASHINGTON INTERNATIONAL AIRPORT MD US,39.17329,-76.68408,42
1/11/2013 13:00,0,T, ,COOP:180465,BALTIMORE WASHINGTON INTERNATIONAL AIRPORT MD US,39.17329,-76.68408,42
1/11/2013 14:00,0,T, ,COOP:180465,BALTIMORE WASHINGTON INTERNATIONAL AIRPORT MD US,39.17329,-76.68408,42
1/11/2013 15:00,0,T, ,COOP:180465,BALTIMORE WASHINGTON INTERNATIONAL AIRPORT MD US,39.17329,-76.68408,42
1/11/2013 16:00,0,T, ,COOP:180465,BALTIMORE WASHINGTON INTERNATIONAL AIRPORT MD US,39.17329,-76.68408,42
1/11/2013 17:00,0.02, , ,COOP:180465,BALTIMORE WASHINGTON INTERNATIONAL AIRPORT MD US,39.17329,-76.68408,42
1/11/2013 18:00,0.04, , ,COOP:180465,BALTIMORE WASHINGTON INTERNATIONAL AIRPORT MD US,39.17329,-76.68408,42
1/11/2013 19:00,0.01, , ,COOP:180465,BALTIMORE WASHINGTON INTERNATIONAL AIRPORT MD US,39.17329,-76.68408,42
1/11/2013 20:00,0,T, ,COOP:180465,BALTIMORE WASHINGTON INTERNATIONAL AIRPORT MD US,39.17329,-76.68408,42
1/11/2013 21:00,0,T, ,COOP:180465,BALTIMORE WASHINGTON INTERNATIONAL AIRPORT MD US,39.17329,-76.68408,42
1/11/2013 23:00,0,T, ,COOP:180465,BALTIMORE WASHINGTON INTERNATIONAL AIRPORT MD US,39.17329,-76.68408,42
1/12/2013 0:00,0,T, ,COOP:180465,BALTIMORE WASHINGTON INTERNATIONAL AIRPORT MD US,39.17329,-76.68408,42
1/13/2013 16:00,0,T, ,COOP:180465,BALTIMORE WASHINGTON INTERNATIONAL AIRPORT MD US,39.17329,-76.68408,42
1/13/2013 17:00,0,T, ,COOP:180465,BALTIMORE WASHINGTON INTERNATIONAL AIRPORT MD US,39.17329,-76.68408,42
1/13/2013 18:00,0,T, ,COOP:180465,BALTIMORE WASHINGTON INTERNATIONAL AIRPORT MD US,39.17329,-76.68408,42
1/13/2013 19:00,0,T, ,COOP:180465,BALTIMORE WASHINGTON INTERNATIONAL AIRPORT MD US,39.17329,-76.68408,42
1/13/2013 20:00,0,T, ,COOP:180465,BALTIMORE WASHINGTON INTERNATIONAL AIRPORT MD US,39.17329,-76.68408,42
1/13/2013 21:00,0,T, ,COOP:180465,BALTIMORE WASHINGTON INTERNATIONAL AIRPORT MD US,39.17329,-76.68408,42
1/13/2013 22:00,0,T, ,COOP:180465,BALTIMORE WASHINGTON INTERNATIONAL AIRPORT MD US,39.17329,-76.68408,42
1/13/2013 23:00,0,T, ,COOP:180465,BALTIMORE WASHINGTON INTERNATIONAL AIRPORT MD US,39.17329,-76.68408,42
1/14/2013 6:00,0,T, ,COOP:180465,BALTIMORE WASHINGTON INTERNATIONAL AIRPORT MD US,39.17329,-76.68408,42
1/14/2013 15:00,0,T, ,COOP:180465,BALTIMORE WASHINGTON INTERNATIONAL AIRPORT MD US,39.17329,-76.68408,42
1/14/2013 16:00,0,T, ,COOP:180465,BALTIMORE WASHINGTON INTERNATIONAL AIRPORT MD US,39.17329,-76.68408,42
1/14/2013 17:00,0,T, ,COOP:180465,BALTIMORE WASHINGTON INTERNATIONAL AIRPORT MD US,39.17329,-76.68408,42
1/14/2013 21:00,0.01, , ,COOP:180465,BALTIMORE WASHINGTON INTERNATIONAL AIRPORT MD US,39.17329,-76.68408,42
1/14/2013 22:00,0.03, , ,COOP:180465,BALTIMORE WASHINGTON INTERNATIONAL AIRPORT MD US,39.17329,-76.68408,42
1/14/2013 23:00,0.05, , ,COOP:180465,BALTIMORE WASHINGTON INTERNATIONAL AIRPORT MD US,39.17329,-76.68408,42
1/15/2013 0:00,0.06, , ,COOP:180465,BALTIMORE WASHINGTON INTERNATIONAL AIRPORT MD US,39.17329,-76.68408,42
1/15/2013 1:00,0.02, , ,COOP:180465,BALTIMORE WASHINGTON INTERNATIONAL AIRPORT MD US,39.17329,-76.68408,42
1/15/2013 2:00,0.07, , ,COOP:180465,BALTIMORE WASHINGTON INTERNATIONAL AIRPORT MD US,39.17329,-76.68408,42
1/15/2013 3:00,0.07, , ,COOP:180465,BALTIMORE WASHINGTON INTERNATIONAL AIRPORT MD US,39.17329,-76.68408,42
1/15/2013 4:00,0,T, ,COOP:180465,BALTIMORE WASHINGTON INTERNATIONAL AIRPORT MD US,39.17329,-76.68408,42
1/15/2013 7:00,0.02, , ,COOP:180465,BALTIMORE WASHINGTON INTERNATIONAL AIRPORT MD US,39.17329,-76.68408,42
1/15/2013 8:00,0.03, , ,COOP:180465,BALTIMORE WASHINGTON INTERNATIONAL AIRPORT MD US,39.17329,-76.68408,42
1/15/2013 9:00,0.01, , ,COOP:180465,BALTIMORE WASHINGTON INTERNATIONAL AIRPORT MD US,39.17329,-76.68408,42
1/15/2013 10:00,0.01, , ,COOP:180465,BALTIMORE WASHINGTON INTERNATIONAL AIRPORT MD US,39.17329,-76.68408,42
1/15/2013 11:00,0.01, , ,COOP:180465,BALTIMORE WASHINGTON INTERNATIONAL AIRPORT MD US,39.17329,-76.68408,42
1/15/2013 12:00,0,T, ,COOP:180465,BALTIMORE WASHINGTON INTERNATIONAL AIRPORT MD US,39.17329,-76.68408,42
1/15/2013 13:00,0,T, ,COOP:180465,BALTIMORE WASHINGTON INTERNATIONAL AIRPORT MD US,39.17329,-76.68408,42
1/15/2013 20:00,0.05, , ,COOP:180465,BALTIMORE WASHINGTON INTERNATIONAL AIRPORT MD US,39.17329,-76.68408,42
1/15/2013 21:00,0.07, , ,COOP:180465,BALTIMORE WASHINGTON INTERNATIONAL AIRPORT MD US,39.17329,-76.68408,42
1/15/2013 22:00,0.11, , ,COOP:180465,BALTIMORE WASHINGTON INTERNATIONAL AIRPORT MD US,39.17329,-76.68408,42
1/15/2013 23:00,0.09, , ,COOP:180465,BALTIMORE WASHINGTON INTERNATIONAL AIRPORT MD US,39.17329,-76.68408,42
1/16/2013 0:00,0.1, , ,COOP:180465,BALTIMORE WASHINGTON INTERNATIONAL AIRPORT MD US,39.17329,-76.68408,42
1/16/2013 1:00,0.09, , ,COOP:180465,BALTIMORE WASHINGTON INTERNATIONAL AIRPORT MD US,39.17329,-76.68408,42
1/16/2013 2:00,0.11, , ,COOP:180465,BALTIMORE WASHINGTON INTERNATIONAL AIRPORT MD US,39.17329,-76.68408,42
1/16/2013 3:00,0.1, , ,COOP:180465,BALTIMORE WASHINGTON INTERNATIONAL AIRPORT MD US,39.17329,-76.68408,42
1/16/2013 4:00,0.06, , ,COOP:180465,BALTIMORE WASHINGTON INTERNATIONAL AIRPORT MD US,39.17329,-76.68408,42
1/16/2013 5:00,0.01, , ,COOP:180465,BALTIMORE WASHINGTON INTERNATIONAL AIRPORT MD US,39.17329,-76.68408,42
1/16/2013 6:00,0,T, ,COOP:180465,BALTIMORE WASHINGTON INTERNATIONAL AIRPORT MD US,39.17329,-76.68408,42
1/16/2013 7:00,0.01, , ,COOP:180465,BALTIMORE WASHINGTON INTERNATIONAL AIRPORT MD US,39.17329,-76.68408,42
1/16/2013 8:00,0.01, , ,COOP:180465,BALTIMORE WASHINGTON INTERNATIONAL AIRPORT MD US,39.17329,-76.68408,42
1/16/2013 9:00,0.02, , ,COOP:180465,BALTIMORE WASHINGTON INTERNATIONAL AIRPORT MD US,39.17329,-76.68408,42
1/16/2013 10:00,0.03, , ,COOP:180465,BALTIMORE WASHINGTON INTERNATIONAL AIRPORT MD US,39.17329,-76.68408,42
1/16/2013 11:00,0.01, , ,COOP:180465,BALTIMORE WASHINGTON INTERNATIONAL AIRPORT MD US,39.17329,-76.68408,42
1/16/2013 12:00,0,T, ,COOP:180465,BALTIMORE WASHINGTON INTERNATIONAL AIRPORT MD US,39.17329,-76.68408,42
1/16/2013 13:00,0,T, ,COOP:180465,BALTIMORE WASHINGTON INTERNATIONAL AIRPORT MD US,39.17329,-76.68408,42
1/16/2013 14:00,0,T, ,COOP:180465,BALTIMORE WASHINGTON INTERNATIONAL AIRPORT MD US,39.17329,-76.68408,42
1/16/2013 15:00,0.02, , ,COOP:180465,BALTIMORE WASHINGTON INTERNATIONAL AIRPORT MD US,39.17329,-76.68408,42
1/16/2013 16:00,0,T, ,COOP:180465,BALTIMORE WASHINGTON INTERNATIONAL AIRPORT MD US,39.17329,-76.68408,42
1/16/2013 17:00,0,T, ,COOP:180465,BALTIMORE WASHINGTON INTERNATIONAL AIRPORT MD US,39.17329,-76.68408,42
1/16/2013 18:00,0,T, ,COOP:180465,BALTIMORE WASHINGTON INTERNATIONAL AIRPORT MD US,39.17329,-76.68408,42
1/16/2013 22:00,0,T, ,COOP:180465,BALTIMORE WASHINGTON INTERNATIONAL AIRPORT MD US,39.17329,-76.68408,42
1/16/2013 23:00,0.01, , ,COOP:180465,BALTIMORE WASHINGTON INTERNATIONAL AIRPORT MD US,39.17329,-76.68408,42
1/17/2013 0:00,0.01, , ,COOP:180465,BALTIMORE WASHINGTON INTERNATIONAL AIRPORT MD US,39.17329,-76.68408,42
1/17/2013 1:00,0,T, ,COOP:180465,BALTIMORE WASHINGTON INTERNATIONAL AIRPORT MD US,39.17329,-76.68408,42
1/17/2013 3:00,0,T, ,COOP:180465,BALTIMORE WASHINGTON INTERNATIONAL AIRPORT MD US,39.17329,-76.68408,42
1/21/2013 19:00,0,T, ,COOP:180465,BALTIMORE WASHINGTON INTERNATIONAL AIRPORT MD US,39.17329,-76.68408,42
1/24/2013 1:00,0,T, ,COOP:180465,BALTIMORE WASHINGTON INTERNATIONAL AIRPORT MD US,39.17329,-76.68408,42
1/24/2013 2:00,0.02, , ,COOP:180465,BALTIMORE WASHINGTON INTERNATIONAL AIRPORT MD US,39.17329,-76.68408,42
1/24/2013 3:00,0.02, , ,COOP:180465,BALTIMORE WASHINGTON INTERNATIONAL AIRPORT MD US,39.17329,-76.68408,42
1/24/2013 4:00,0.01, , ,COOP:180465,BALTIMORE WASHINGTON INTERNATIONAL AIRPORT MD US,39.17329,-76.68408,42
1/24/2013 5:00,0.01, , ,COOP:180465,BALTIMORE WASHINGTON INTERNATIONAL AIRPORT MD US,39.17329,-76.68408,42
1/24/2013 6:00,0.01, , ,COOP:180465,BALTIMORE WASHINGTON INTERNATIONAL AIRPORT MD US,39.17329,-76.68408,42
1/24/2013 7:00,0.01, , ,COOP:180465,BALTIMORE WASHINGTON INTERNATIONAL AIRPORT MD US,39.17329,-76.68408,42
1/24/2013 8:00,0,T, ,COOP:180465,BALTIMORE WASHINGTON INTERNATIONAL AIRPORT MD US,39.17329,-76.68408,42
1/24/2013 13:00,0,T, ,COOP:180465,BALTIMORE WASHINGTON INTERNATIONAL AIRPORT MD US,39.17329,-76.68408,42
1/24/2013 14:00,0,T, ,COOP:180465,BALTIMORE WASHINGTON INTERNATIONAL AIRPORT MD US,39.17329,-76.68408,42
1/25/2013 15:00,0,T, ,COOP:180465,BALTIMORE WASHINGTON INTERNATIONAL AIRPORT MD US,39.17329,-76.68408,42
1/25/2013 16:00,0.02, , ,COOP:180465,BALTIMORE WASHINGTON INTERNATIONAL AIRPORT MD US,39.17329,-76.68408,42
1/25/2013 17:00,0.04, , ,COOP:180465,BALTIMORE WASHINGTON INTERNATIONAL AIRPORT MD US,39.17329,-76.68408,42
1/25/2013 18:00,0.01, , ,COOP:180465,BALTIMORE WASHINGTON INTERNATIONAL AIRPORT MD US,39.17329,-76.68408,42
1/25/2013 19:00,0,T, ,COOP:180465,BALTIMORE WASHINGTON INTERNATIONAL AIRPORT MD US,39.17329,-76.68408,42
1/26/2013 2:00,0,T, ,COOP:180465,BALTIMORE WASHINGTON INTERNATIONAL AIRPORT MD US,39.17329,-76.68408,42
1/26/2013 3:00,0,T, ,COOP:180465,BALTIMORE WASHINGTON INTERNATIONAL AIRPORT MD US,39.17329,-76.68408,42
1/26/2013 4:00,0,T, ,COOP:180465,BALTIMORE WASHINGTON INTERNATIONAL AIRPORT MD US,39.17329,-76.68408,42
1/26/2013 5:00,0,T, ,COOP:180465,BALTIMORE WASHINGTON INTERNATIONAL AIRPORT MD US,39.17329,-76.68408,42
1/26/2013 6:00,0,T, ,COOP:180465,BALTIMORE WASHINGTON INTERNATIONAL AIRPORT MD US,39.17329,-76.68408,42
1/28/2013 5:00,0,T, ,COOP:180465,BALTIMORE WASHINGTON INTERNATIONAL AIRPORT MD US,39.17329,-76.68408,42
1/28/2013 6:00,0.03, , ,COOP:180465,BALTIMORE WASHINGTON INTERNATIONAL AIRPORT MD US,39.17329,-76.68408,42
1/28/2013 7:00,0.05, , ,COOP:180465,BALTIMORE WASHINGTON INTERNATIONAL AIRPORT MD US,39.17329,-76.68408,42
1/28/2013 8:00,0.02, , ,COOP:180465,BALTIMORE WASHINGTON INTERNATIONAL AIRPORT MD US,39.17329,-76.68408,42
1/28/2013 9:00,0.01, , ,COOP:180465,BALTIMORE WASHINGTON INTERNATIONAL AIRPORT MD US,39.17329,-76.68408,42
1/28/2013 10:00,0.03, , ,COOP:180465,BALTIMORE WASHINGTON INTERNATIONAL AIRPORT MD US,39.17329,-76.68408,42
1/28/2013 11:00,0.02, , ,COOP:180465,BALTIMORE WASHINGTON INTERNATIONAL AIRPORT MD US,39.17329,-76.68408,42
1/28/2013 12:00,0.01, , ,COOP:180465,BALTIMORE WASHINGTON INTERNATIONAL AIRPORT MD US,39.17329,-76.68408,42
1/28/2013 14:00,0,T, ,COOP:180465,BALTIMORE WASHINGTON INTERNATIONAL AIRPORT MD US,39.17329,-76.68408,42
1/28/2013 15:00,0,T, ,COOP:180465,BALTIMORE WASHINGTON INTERNATIONAL AIRPORT MD US,39.17329,-76.68408,42
1/28/2013 16:00,0,T, ,COOP:180465,BALTIMORE WASHINGTON INTERNATIONAL AIRPORT MD US,39.17329,-76.68408,42
1/28/2013 17:00,0,T, ,COOP:180465,BALTIMORE WASHINGTON INTERNATIONAL AIRPORT MD US,39.17329,-76.68408,42
1/28/2013 18:00,0,T, ,COOP:180465,BALTIMORE WASHINGTON INTERNATIONAL AIRPORT MD US,39.17329,-76.68408,42
1/30/2013 16:00,0.01, , ,COOP:180465,BALTIMORE WASHINGTON INTERNATIONAL AIRPORT MD US,39.17329,-76.68408,42
1/30/2013 17:00,0.26, , ,COOP:180465,BALTIMORE WASHINGTON INTERNATIONAL AIRPORT MD US,39.17329,-76.68408,42
1/30/2013 18:00,0.03, , ,COOP:180465,BALTIMORE WASHINGTON INTERNATIONAL AIRPORT MD US,39.17329,-76.68408,42
1/30/2013 19:00,0.04, , ,COOP:180465,BALTIMORE WASHINGTON INTERNATIONAL AIRPORT MD US,39.17329,-76.68408,42
1/30/2013 21:00,0.43, , ,COOP:180465,BALTIMORE WASHINGTON INTERNATIONAL AIRPORT MD US,39.17329,-76.68408,42
1/30/2013 22:00,0.19, , ,COOP:180465,BALTIMORE WASHINGTON INTERNATIONAL AIRPORT MD US,39.17329,-76.68408,42
1/30/2013 23:00,0.19, , ,COOP:180465,BALTIMORE WASHINGTON INTERNATIONAL AIRPORT MD US,39.17329,-76.68408,42
1/31/2013 0:00,0.07, , ,COOP:180465,BALTIMORE WASHINGTON INTERNATIONAL AIRPORT MD US,39.17329,-76.68408,42
1/31/2013 1:00,0.17, , ,COOP:180465,BALTIMORE WASHINGTON INTERNATIONAL AIRPORT MD US,39.17329,-76.68408,42
1/31/2013 2:00,0.39, , ,COOP:180465,BALTIMORE WASHINGTON INTERNATIONAL AIRPORT MD US,39.17329,-76.68408,42
1/31/2013 3:00,0.16, , ,COOP:180465,BALTIMORE WASHINGTON INTERNATIONAL AIRPORT MD US,39.17329,-76.68408,42
1/31/2013 4:00,0.01, , ,COOP:180465,BALTIMORE WASHINGTON INTERNATIONAL AIRPORT MD US,39.17329,-76.68408,42
1/31/2013 5:00,0,T, ,COOP:180465,BALTIMORE WASHINGTON INTERNATIONAL AIRPORT MD US,39.17329,-76.68408,42
2/1/2013 1:00,0,g, ,COOP:180465,BALTIMORE WASHINGTON INTERNATIONAL AIRPORT MD US,39.17329,-76.68408,42
2/1/2013 6:00,0,T, ,COOP:180465,BALTIMORE WASHINGTON INTERNATIONAL AIRPORT MD US,39.17329,-76.68408,42
2/1/2013 7:00,0,T, ,COOP:180465,BALTIMORE WASHINGTON INTERNATIONAL AIRPORT MD US,39.17329,-76.68408,42
2/1/2013 8:00,0.01, , ,COOP:180465,BALTIMORE WASHINGTON INTERNATIONAL AIRPORT MD US,39.17329,-76.68408,42
2/1/2013 9:00,0,T, ,COOP:180465,BALTIMORE WASHINGTON INTERNATIONAL AIRPORT MD US,39.17329,-76.68408,42
2/2/2013 15:00,0,T, ,COOP:180465,BALTIMORE WASHINGTON INTERNATIONAL AIRPORT MD US,39.17329,-76.68408,42
2/2/2013 16:00,0,T, ,COOP:180465,BALTIMORE WASHINGTON INTERNATIONAL AIRPORT MD US,39.17329,-76.68408,42
2/2/2013 17:00,0,T, ,COOP:180465,BALTIMORE WASHINGTON INTERNATIONAL AIRPORT MD US,39.17329,-76.68408,42
2/2/2013 18:00,0,T, ,COOP:180465,BALTIMORE WASHINGTON INTERNATIONAL AIRPORT MD US,39.17329,-76.68408,42
2/2/2013 19:00,0.01, , ,COOP:180465,BALTIMORE WASHINGTON INTERNATIONAL AIRPORT MD US,39.17329,-76.68408,42
2/2/2013 20:00,0,T, ,COOP:180465,BALTIMORE WASHINGTON INTERNATIONAL AIRPORT MD US,39.17329,-76.68408,42
2/2/2013 21:00,0.01, , ,COOP:180465,BALTIMORE WASHINGTON INTERNATIONAL AIRPORT MD US,39.17329,-76.68408,42
2/2/2013 22:00,0,T, ,COOP:180465,BALTIMORE WASHINGTON INTERNATIONAL AIRPORT MD US,39.17329,-76.68408,42
2/2/2013 23:00,0,T, ,COOP:180465,BALTIMORE WASHINGTON INTERNATIONAL AIRPORT MD US,39.17329,-76.68408,42
2/3/2013 1:00,0,T, ,COOP:180465,BALTIMORE WASHINGTON INTERNATIONAL AIRPORT MD US,39.17329,-76.68408,42
2/3/2013 9:00,0,T, ,COOP:180465,BALTIMORE WASHINGTON INTERNATIONAL AIRPORT MD US,39.17329,-76.68408,42
2/3/2013 10:00,0,T, ,COOP:180465,BALTIMORE WASHINGTON INTERNATIONAL AIRPORT MD US,39.17329,-76.68408,42
2/3/2013 13:00,0,T, ,COOP:180465,BALTIMORE WASHINGTON INTERNATIONAL AIRPORT MD US,39.17329,-76.68408,42
2/3/2013 15:00,0,T, ,COOP:180465,BALTIMORE WASHINGTON INTERNATIONAL AIRPORT MD US,39.17329,-76.68408,42
2/3/2013 16:00,0,T, ,COOP:180465,BALTIMORE WASHINGTON INTERNATIONAL AIRPORT MD US,39.17329,-76.68408,42
2/3/2013 17:00,0,T, ,COOP:180465,BALTIMORE WASHINGTON INTERNATIONAL AIRPORT MD US,39.17329,-76.68408,42
2/3/2013 20:00,0,T, ,COOP:180465,BALTIMORE WASHINGTON INTERNATIONAL AIRPORT MD US,39.17329,-76.68408,42
2/3/2013 22:00,0,T, ,COOP:180465,BALTIMORE WASHINGTON INTERNATIONAL AIRPORT MD US,39.17329,-76.68408,42
2/3/2013 23:00,0,T, ,COOP:180465,BALTIMORE WASHINGTON INTERNATIONAL AIRPORT MD US,39.17329,-76.68408,42
2/8/2013 4:00,0.01, , ,COOP:180465,BALTIMORE WASHINGTON INTERNATIONAL AIRPORT MD US,39.17329,-76.68408,42
2/8/2013 5:00,0.03, , ,COOP:180465,BALTIMORE WASHINGTON INTERNATIONAL AIRPORT MD US,39.17329,-76.68408,42
2/8/2013 6:00,0.03, , ,COOP:180465,BALTIMORE WASHINGTON INTERNATIONAL AIRPORT MD US,39.17329,-76.68408,42
2/8/2013 7:00,0.04, , ,COOP:180465,BALTIMORE WASHINGTON INTERNATIONAL AIRPORT MD US,39.17329,-76.68408,42
2/8/2013 8:00,0.03, , ,COOP:180465,BALTIMORE WASHINGTON INTERNATIONAL AIRPORT MD US,39.17329,-76.68408,42
2/8/2013 9:00,0.03, , ,COOP:180465,BALTIMORE WASHINGTON INTERNATIONAL AIRPORT MD US,39.17329,-76.68408,42
2/8/2013 10:00,0.03, , ,COOP:180465,BALTIMORE WASHINGTON INTERNATIONAL AIRPORT MD US,39.17329,-76.68408,42
2/8/2013 11:00,0,T, ,COOP:180465,BALTIMORE WASHINGTON INTERNATIONAL AIRPORT MD US,39.17329,-76.68408,42
2/8/2013 12:00,0,T, ,COOP:180465,BALTIMORE WASHINGTON INTERNATIONAL AIRPORT MD US,39.17329,-76.68408,42
2/8/2013 13:00,0.01, , ,COOP:180465,BALTIMORE WASHINGTON INTERNATIONAL AIRPORT MD US,39.17329,-76.68408,42
2/8/2013 16:00,0,T, ,COOP:180465,BALTIMORE WASHINGTON INTERNATIONAL AIRPORT MD US,39.17329,-76.68408,42
2/8/2013 17:00,0.02, , ,COOP:180465,BALTIMORE WASHINGTON INTERNATIONAL AIRPORT MD US,39.17329,-76.68408,42
2/8/2013 18:00,0.01, , ,COOP:180465,BALTIMORE WASHINGTON INTERNATIONAL AIRPORT MD US,39.17329,-76.68408,42
2/11/2013 1:00,0,T, ,COOP:180465,BALTIMORE WASHINGTON INTERNATIONAL AIRPORT MD US,39.17329,-76.68408,42
2/11/2013 2:00,0.01, , ,COOP:180465,BALTIMORE WASHINGTON INTERNATIONAL AIRPORT MD US,39.17329,-76.68408,42
2/11/2013 3:00,0.01, , ,COOP:180465,BALTIMORE WASHINGTON INTERNATIONAL AIRPORT MD US,39.17329,-76.68408,42
2/11/2013 4:00,0.1, , ,COOP:180465,BALTIMORE WASHINGTON INTERNATIONAL AIRPORT MD US,39.17329,-76.68408,42
2/11/2013 5:00,0.13, , ,COOP:180465,BALTIMORE WASHINGTON INTERNATIONAL AIRPORT MD US,39.17329,-76.68408,42
2/11/2013 6:00,0.14, , ,COOP:180465,BALTIMORE WASHINGTON INTERNATIONAL AIRPORT MD US,39.17329,-76.68408,42
2/11/2013 7:00,0.02, , ,COOP:180465,BALTIMORE WASHINGTON INTERNATIONAL AIRPORT MD US,39.17329,-76.68408,42
2/11/2013 8:00,0,T, ,COOP:180465,BALTIMORE WASHINGTON INTERNATIONAL AIRPORT MD US,39.17329,-76.68408,42
2/13/2013 16:00,0,T, ,COOP:180465,BALTIMORE WASHINGTON INTERNATIONAL AIRPORT MD US,39.17329,-76.68408,42
2/13/2013 17:00,0,T, ,COOP:180465,BALTIMORE WASHINGTON INTERNATIONAL AIRPORT MD US,39.17329,-76.68408,42
2/13/2013 18:00,0.05, , ,COOP:180465,BALTIMORE WASHINGTON INTERNATIONAL AIRPORT MD US,39.17329,-76.68408,42
2/13/2013 19:00,0.06, , ,COOP:180465,BALTIMORE WASHINGTON INTERNATIONAL AIRPORT MD US,39.17329,-76.68408,42
2/13/2013 20:00,0.05, , ,COOP:180465,BALTIMORE WASHINGTON INTERNATIONAL AIRPORT MD US,39.17329,-76.68408,42
2/13/2013 21:00,0.07, , ,COOP:180465,BALTIMORE WASHINGTON INTERNATIONAL AIRPORT MD US,39.17329,-76.68408,42
2/13/2013 22:00,0.03, , ,COOP:180465,BALTIMORE WASHINGTON INTERNATIONAL AIRPORT MD US,39.17329,-76.68408,42
2/13/2013 23:00,0.04, , ,COOP:180465,BALTIMORE WASHINGTON INTERNATIONAL AIRPORT MD US,39.17329,-76.68408,42
2/14/2013 0:00,0.01, , ,COOP:180465,BALTIMORE WASHINGTON INTERNATIONAL AIRPORT MD US,39.17329,-76.68408,42
2/15/2013 21:00,0,T, ,COOP:180465,BALTIMORE WASHINGTON INTERNATIONAL AIRPORT MD US,39.17329,-76.68408,42
2/15/2013 22:00,0.01, , ,COOP:180465,BALTIMORE WASHINGTON INTERNATIONAL AIRPORT MD US,39.17329,-76.68408,42
2/15/2013 23:00,0.07, , ,COOP:180465,BALTIMORE WASHINGTON INTERNATIONAL AIRPORT MD US,39.17329,-76.68408,42
2/16/2013 0:00,0.01, , ,COOP:180465,BALTIMORE WASHINGTON INTERNATIONAL AIRPORT MD US,39.17329,-76.68408,42
2/16/2013 1:00,0.01, , ,COOP:180465,BALTIMORE WASHINGTON INTERNATIONAL AIRPORT MD US,39.17329,-76.68408,42
2/16/2013 2:00,0,T, ,COOP:180465,BALTIMORE WASHINGTON INTERNATIONAL AIRPORT MD US,39.17329,-76.68408,42
2/16/2013 5:00,0,T, ,COOP:180465,BALTIMORE WASHINGTON INTERNATIONAL AIRPORT MD US,39.17329,-76.68408,42
2/16/2013 6:00,0.01, , ,COOP:180465,BALTIMORE WASHINGTON INTERNATIONAL AIRPORT MD US,39.17329,-76.68408,42
2/16/2013 7:00,0,T, ,COOP:180465,BALTIMORE WASHINGTON INTERNATIONAL AIRPORT MD US,39.17329,-76.68408,42
2/16/2013 8:00,0.02, , ,COOP:180465,BALTIMORE WASHINGTON INTERNATIONAL AIRPORT MD US,39.17329,-76.68408,42
2/17/2013 15:00,0,T, ,COOP:180465,BALTIMORE WASHINGTON INTERNATIONAL AIRPORT MD US,39.17329,-76.68408,42
2/17/2013 16:00,0,T, ,COOP:180465,BALTIMORE WASHINGTON INTERNATIONAL AIRPORT MD US,39.17329,-76.68408,42
2/17/2013 17:00,0,T, ,COOP:180465,BALTIMORE WASHINGTON INTERNATIONAL AIRPORT MD US,39.17329,-76.68408,42
2/17/2013 18:00,0,T, ,COOP:180465,BALTIMORE WASHINGTON INTERNATIONAL AIRPORT MD US,39.17329,-76.68408,42
2/19/2013 10:00,0.01, , ,COOP:180465,BALTIMORE WASHINGTON INTERNATIONAL AIRPORT MD US,39.17329,-76.68408,42
2/19/2013 11:00,0,T, ,COOP:180465,BALTIMORE WASHINGTON INTERNATIONAL AIRPORT MD US,39.17329,-76.68408,42
2/19/2013 12:00,0.04, , ,COOP:180465,BALTIMORE WASHINGTON INTERNATIONAL AIRPORT MD US,39.17329,-76.68408,42
2/19/2013 13:00,0.03, , ,COOP:180465,BALTIMORE WASHINGTON INTERNATIONAL AIRPORT MD US,39.17329,-76.68408,42
2/19/2013 14:00,0.01, , ,COOP:180465,BALTIMORE WASHINGTON INTERNATIONAL AIRPORT MD US,39.17329,-76.68408,42
2/19/2013 15:00,0,T, ,COOP:180465,BALTIMORE WASHINGTON INTERNATIONAL AIRPORT MD US,39.17329,-76.68408,42
2/19/2013 16:00,0,T, ,COOP:180465,BALTIMORE WASHINGTON INTERNATIONAL AIRPORT MD US,39.17329,-76.68408,42
2/19/2013 18:00,0,T, ,COOP:180465,BALTIMORE WASHINGTON INTERNATIONAL AIRPORT MD US,39.17329,-76.68408,42
2/19/2013 19:00,0,T, ,COOP:180465,BALTIMORE WASHINGTON INTERNATIONAL AIRPORT MD US,39.17329,-76.68408,42
2/20/2013 10:00,0,T, ,COOP:180465,BALTIMORE WASHINGTON INTERNATIONAL AIRPORT MD US,39.17329,-76.68408,42
2/20/2013 13:00,0,T, ,COOP:180465,BALTIMORE WASHINGTON INTERNATIONAL AIRPORT MD US,39.17329,-76.68408,42
2/20/2013 14:00,0,T, ,COOP:180465,BALTIMORE WASHINGTON INTERNATIONAL AIRPORT MD US,39.17329,-76.68408,42
2/20/2013 15:00,0,T, ,COOP:180465,BALTIMORE WASHINGTON INTERNATIONAL AIRPORT MD US,39.17329,-76.68408,42
2/22/2013 13:00,0,T, ,COOP:180465,BALTIMORE WASHINGTON INTERNATIONAL AIRPORT MD US,39.17329,-76.68408,42
2/22/2013 14:00,0,T, ,COOP:180465,BALTIMORE WASHINGTON INTERNATIONAL AIRPORT MD US,39.17329,-76.68408,42
2/22/2013 15:00,0,T, ,COOP:180465,BALTIMORE WASHINGTON INTERNATIONAL AIRPORT MD US,39.17329,-76.68408,42
2/22/2013 16:00,0,T, ,COOP:180465,BALTIMORE WASHINGTON INTERNATIONAL AIRPORT MD US,39.17329,-76.68408,42
2/22/2013 17:00,0,T, ,COOP:180465,BALTIMORE WASHINGTON INTERNATIONAL AIRPORT MD US,39.17329,-76.68408,42
2/22/2013 18:00,0.01, , ,COOP:180465,BALTIMORE WASHINGTON INTERNATIONAL AIRPORT MD US,39.17329,-76.68408,42
2/22/2013 19:00,0.01, , ,COOP:180465,BALTIMORE WASHINGTON INTERNATIONAL AIRPORT MD US,39.17329,-76.68408,42
2/22/2013 20:00,0.01, , ,COOP:180465,BALTIMORE WASHINGTON INTERNATIONAL AIRPORT MD US,39.17329,-76.68408,42
2/22/2013 22:00,0,T, ,COOP:180465,BALTIMORE WASHINGTON INTERNATIONAL AIRPORT MD US,39.17329,-76.68408,42
2/22/2013 23:00,0,T, ,COOP:180465,BALTIMORE WASHINGTON INTERNATIONAL AIRPORT MD US,39.17329,-76.68408,42
2/23/2013 0:00,0,T, ,COOP:180465,BALTIMORE WASHINGTON INTERNATIONAL AIRPORT MD US,39.17329,-76.68408,42
2/23/2013 1:00,0,T, ,COOP:180465,BALTIMORE WASHINGTON INTERNATIONAL AIRPORT MD US,39.17329,-76.68408,42
2/23/2013 2:00,0,T, ,COOP:180465,BALTIMORE WASHINGTON INTERNATIONAL AIRPORT MD US,39.17329,-76.68408,42
2/23/2013 3:00,0.01, , ,COOP:180465,BALTIMORE WASHINGTON INTERNATIONAL AIRPORT MD US,39.17329,-76.68408,42
2/23/2013 4:00,0,T, ,COOP:180465,BALTIMORE WASHINGTON INTERNATIONAL AIRPORT MD US,39.17329,-76.68408,42
2/23/2013 5:00,0,T, ,COOP:180465,BALTIMORE WASHINGTON INTERNATIONAL AIRPORT MD US,39.17329,-76.68408,42
2/23/2013 6:00,0,T, ,COOP:180465,BALTIMORE WASHINGTON INTERNATIONAL AIRPORT MD US,39.17329,-76.68408,42
2/23/2013 7:00,0,T, ,COOP:180465,BALTIMORE WASHINGTON INTERNATIONAL AIRPORT MD US,39.17329,-76.68408,42
2/23/2013 8:00,0,T, ,COOP:180465,BALTIMORE WASHINGTON INTERNATIONAL AIRPORT MD US,39.17329,-76.68408,42
2/23/2013 9:00,0.02, , ,COOP:180465,BALTIMORE WASHINGTON INTERNATIONAL AIRPORT MD US,39.17329,-76.68408,42
2/23/2013 10:00,0.02, , ,COOP:180465,BALTIMORE WASHINGTON INTERNATIONAL AIRPORT MD US,39.17329,-76.68408,42
2/23/2013 11:00,0.01, , ,COOP:180465,BALTIMORE WASHINGTON INTERNATIONAL AIRPORT MD US,39.17329,-76.68408,42
2/23/2013 12:00,0.02, , ,COOP:180465,BALTIMORE WASHINGTON INTERNATIONAL AIRPORT MD US,39.17329,-76.68408,42
2/23/2013 13:00,0.02, , ,COOP:180465,BALTIMORE WASHINGTON INTERNATIONAL AIRPORT MD US,39.17329,-76.68408,42
2/23/2013 14:00,0.01, , ,COOP:180465,BALTIMORE WASHINGTON INTERNATIONAL AIRPORT MD US,39.17329,-76.68408,42
2/23/2013 15:00,0.01, , ,COOP:180465,BALTIMORE WASHINGTON INTERNATIONAL AIRPORT MD US,39.17329,-76.68408,42
2/23/2013 16:00,0,T, ,COOP:180465,BALTIMORE WASHINGTON INTERNATIONAL AIRPORT MD US,39.17329,-76.68408,42
2/23/2013 18:00,0,T, ,COOP:180465,BALTIMORE WASHINGTON INTERNATIONAL AIRPORT MD US,39.17329,-76.68408,42
2/23/2013 19:00,0,T, ,COOP:180465,BALTIMORE WASHINGTON INTERNATIONAL AIRPORT MD US,39.17329,-76.68408,42
2/23/2013 20:00,0,T, ,COOP:180465,BALTIMORE WASHINGTON INTERNATIONAL AIRPORT MD US,39.17329,-76.68408,42
2/23/2013 21:00,0,T, ,COOP:180465,BALTIMORE WASHINGTON INTERNATIONAL AIRPORT MD US,39.17329,-76.68408,42
2/26/2013 13:00,0,T, ,COOP:180465,BALTIMORE WASHINGTON INTERNATIONAL AIRPORT MD US,39.17329,-76.68408,42
2/26/2013 14:00,0.02, , ,COOP:180465,BALTIMORE WASHINGTON INTERNATIONAL AIRPORT MD US,39.17329,-76.68408,42
2/26/2013 15:00,0.02, , ,COOP:180465,BALTIMORE WASHINGTON INTERNATIONAL AIRPORT MD US,39.17329,-76.68408,42
2/26/2013 16:00,0.04, , ,COOP:180465,BALTIMORE WASHINGTON INTERNATIONAL AIRPORT MD US,39.17329,-76.68408,42
2/26/2013 17:00,0.01, , ,COOP:180465,BALTIMORE WASHINGTON INTERNATIONAL AIRPORT MD US,39.17329,-76.68408,42
2/26/2013 18:00,0.01, , ,COOP:180465,BALTIMORE WASHINGTON INTERNATIONAL AIRPORT MD US,39.17329,-76.68408,42
2/26/2013 19:00,0.04, , ,COOP:180465,BALTIMORE WASHINGTON INTERNATIONAL AIRPORT MD US,39.17329,-76.68408,42
2/26/2013 20:00,0.06, , ,COOP:180465,BALTIMORE WASHINGTON INTERNATIONAL AIRPORT MD US,39.17329,-76.68408,42
2/26/2013 21:00,0.13, , ,COOP:180465,BALTIMORE WASHINGTON INTERNATIONAL AIRPORT MD US,39.17329,-76.68408,42
2/26/2013 22:00,0.1, , ,COOP:180465,BALTIMORE WASHINGTON INTERNATIONAL AIRPORT MD US,39.17329,-76.68408,42
2/26/2013 23:00,0.03, , ,COOP:180465,BALTIMORE WASHINGTON INTERNATIONAL AIRPORT MD US,39.17329,-76.68408,42
2/27/2013 0:00,0.03, , ,COOP:180465,BALTIMORE WASHINGTON INTERNATIONAL AIRPORT MD US,39.17329,-76.68408,42
2/27/2013 1:00,0.03, , ,COOP:180465,BALTIMORE WASHINGTON INTERNATIONAL AIRPORT MD US,39.17329,-76.68408,42
2/27/2013 2:00,0.01, , ,COOP:180465,BALTIMORE WASHINGTON INTERNATIONAL AIRPORT MD US,39.17329,-76.68408,42
2/27/2013 3:00,0,T, ,COOP:180465,BALTIMORE WASHINGTON INTERNATIONAL AIRPORT MD US,39.17329,-76.68408,42
2/27/2013 4:00,0.01, , ,COOP:180465,BALTIMORE WASHINGTON INTERNATIONAL AIRPORT MD US,39.17329,-76.68408,42
2/27/2013 5:00,0,T, ,COOP:180465,BALTIMORE WASHINGTON INTERNATIONAL AIRPORT MD US,39.17329,-76.68408,42
2/27/2013 6:00,0.01, , ,COOP:180465,BALTIMORE WASHINGTON INTERNATIONAL AIRPORT MD US,39.17329,-76.68408,42
2/27/2013 7:00,0.01, , ,COOP:180465,BALTIMORE WASHINGTON INTERNATIONAL AIRPORT MD US,39.17329,-76.68408,42
2/27/2013 8:00,0,T, ,COOP:180465,BALTIMORE WASHINGTON INTERNATIONAL AIRPORT MD US,39.17329,-76.68408,42
2/28/2013 3:00,0,T, ,COOP:180465,BALTIMORE WASHINGTON INTERNATIONAL AIRPORT MD US,39.17329,-76.68408,42
2/28/2013 4:00,0.03, , ,COOP:180465,BALTIMORE WASHINGTON INTERNATIONAL AIRPORT MD US,39.17329,-76.68408,42
2/28/2013 5:00,0,T, ,COOP:180465,BALTIMORE WASHINGTON INTERNATIONAL AIRPORT MD US,39.17329,-76.68408,42
2/28/2013 6:00,0,T, ,COOP:180465,BALTIMORE WASHINGTON INTERNATIONAL AIRPORT MD US,39.17329,-76.68408,42
2/28/2013 7:00,0,T, ,COOP:180465,BALTIMORE WASHINGTON INTERNATIONAL AIRPORT MD US,39.17329,-76.68408,42
2/28/2013 16:00,0,T, ,COOP:180465,BALTIMORE WASHINGTON INTERNATIONAL AIRPORT MD US,39.17329,-76.68408,42
3/1/2013 1:00,0,g, ,COOP:180465,BALTIMORE WASHINGTON INTERNATIONAL AIRPORT MD US,39.17329,-76.68408,42
3/2/2013 16:00,0,T, ,COOP:180465,BALTIMORE WASHINGTON INTERNATIONAL AIRPORT MD US,39.17329,-76.68408,42
3/3/2013 10:00,0,T, ,COOP:180465,BALTIMORE WASHINGTON INTERNATIONAL AIRPORT MD US,39.17329,-76.68408,42
3/3/2013 11:00,0,T, ,COOP:180465,BALTIMORE WASHINGTON INTERNATIONAL AIRPORT MD US,39.17329,-76.68408,42
3/6/2013 2:00,0.02, , ,COOP:180465,BALTIMORE WASHINGTON INTERNATIONAL AIRPORT MD US,39.17329,-76.68408,42
3/6/2013 3:00,0.05, , ,COOP:180465,BALTIMORE WASHINGTON INTERNATIONAL AIRPORT MD US,39.17329,-76.68408,42
3/6/2013 4:00,0.05, , ,COOP:180465,BALTIMORE WASHINGTON INTERNATIONAL AIRPORT MD US,39.17329,-76.68408,42
3/6/2013 5:00,0.04, , ,COOP:180465,BALTIMORE WASHINGTON INTERNATIONAL AIRPORT MD US,39.17329,-76.68408,42
3/6/2013 6:00,0.03, , ,COOP:180465,BALTIMORE WASHINGTON INTERNATIONAL AIRPORT MD US,39.17329,-76.68408,42
3/6/2013 7:00,0.06, , ,COOP:180465,BALTIMORE WASHINGTON INTERNATIONAL AIRPORT MD US,39.17329,-76.68408,42
3/6/2013 8:00,0.07, , ,COOP:180465,BALTIMORE WASHINGTON INTERNATIONAL AIRPORT MD US,39.17329,-76.68408,42
3/6/2013 9:00,0.04, , ,COOP:180465,BALTIMORE WASHINGTON INTERNATIONAL AIRPORT MD US,39.17329,-76.68408,42
3/6/2013 10:00,0.06, , ,COOP:180465,BALTIMORE WASHINGTON INTERNATIONAL AIRPORT MD US,39.17329,-76.68408,42
3/6/2013 11:00,0.11, , ,COOP:180465,BALTIMORE WASHINGTON INTERNATIONAL AIRPORT MD US,39.17329,-76.68408,42
3/6/2013 12:00,0.09, , ,COOP:180465,BALTIMORE WASHINGTON INTERNATIONAL AIRPORT MD US,39.17329,-76.68408,42
3/6/2013 13:00,0.05, , ,COOP:180465,BALTIMORE WASHINGTON INTERNATIONAL AIRPORT MD US,39.17329,-76.68408,42
3/6/2013 14:00,0.02, , ,COOP:180465,BALTIMORE WASHINGTON INTERNATIONAL AIRPORT MD US,39.17329,-76.68408,42
3/6/2013 15:00,0.01, , ,COOP:180465,BALTIMORE WASHINGTON INTERNATIONAL AIRPORT MD US,39.17329,-76.68408,42
3/6/2013 16:00,0.03, , ,COOP:180465,BALTIMORE WASHINGTON INTERNATIONAL AIRPORT MD US,39.17329,-76.68408,42
3/6/2013 17:00,0.01, , ,COOP:180465,BALTIMORE WASHINGTON INTERNATIONAL AIRPORT MD US,39.17329,-76.68408,42
3/6/2013 18:00,0.01, , ,COOP:180465,BALTIMORE WASHINGTON INTERNATIONAL AIRPORT MD US,39.17329,-76.68408,42
3/11/2013 23:00,0,T, ,COOP:180465,BALTIMORE WASHINGTON INTERNATIONAL AIRPORT MD US,39.17329,-76.68408,42
3/12/2013 0:00,0.01, , ,COOP:180465,BALTIMORE WASHINGTON INTERNATIONAL AIRPORT MD US,39.17329,-76.68408,42
3/12/2013 1:00,0,T, ,COOP:180465,BALTIMORE WASHINGTON INTERNATIONAL AIRPORT MD US,39.17329,-76.68408,42
3/12/2013 2:00,0.01, , ,COOP:180465,BALTIMORE WASHINGTON INTERNATIONAL AIRPORT MD US,39.17329,-76.68408,42
3/12/2013 3:00,0.01, , ,COOP:180465,BALTIMORE WASHINGTON INTERNATIONAL AIRPORT MD US,39.17329,-76.68408,42
3/12/2013 4:00,0.01, , ,COOP:180465,BALTIMORE WASHINGTON INTERNATIONAL AIRPORT MD US,39.17329,-76.68408,42
3/12/2013 5:00,0.01, , ,COOP:180465,BALTIMORE WASHINGTON INTERNATIONAL AIRPORT MD US,39.17329,-76.68408,42
3/12/2013 6:00,0.04, , ,COOP:180465,BALTIMORE WASHINGTON INTERNATIONAL AIRPORT MD US,39.17329,-76.68408,42
3/12/2013 7:00,0.08, , ,COOP:180465,BALTIMORE WASHINGTON INTERNATIONAL AIRPORT MD US,39.17329,-76.68408,42
3/12/2013 8:00,0.07, , ,COOP:180465,BALTIMORE WASHINGTON INTERNATIONAL AIRPORT MD US,39.17329,-76.68408,42
3/12/2013 9:00,0.03, , ,COOP:180465,BALTIMORE WASHINGTON INTERNATIONAL AIRPORT MD US,39.17329,-76.68408,42
3/12/2013 10:00,0.04, , ,COOP:180465,BALTIMORE WASHINGTON INTERNATIONAL AIRPORT MD US,39.17329,-76.68408,42
3/12/2013 11:00,0.26, , ,COOP:180465,BALTIMORE WASHINGTON INTERNATIONAL AIRPORT MD US,39.17329,-76.68408,42
3/12/2013 12:00,0.06, , ,COOP:180465,BALTIMORE WASHINGTON INTERNATIONAL AIRPORT MD US,39.17329,-76.68408,42
3/12/2013 13:00,0.01, , ,COOP:180465,BALTIMORE WASHINGTON INTERNATIONAL AIRPORT MD US,39.17329,-76.68408,42
3/13/2013 12:00,0,T, ,COOP:180465,BALTIMORE WASHINGTON INTERNATIONAL AIRPORT MD US,39.17329,-76.68408,42
3/13/2013 13:00,0,T, ,COOP:180465,BALTIMORE WASHINGTON INTERNATIONAL AIRPORT MD US,39.17329,-76.68408,42
3/13/2013 14:00,0,T, ,COOP:180465,BALTIMORE WASHINGTON INTERNATIONAL AIRPORT MD US,39.17329,-76.68408,42
3/16/2013 9:00,0,T, ,COOP:180465,BALTIMORE WASHINGTON INTERNATIONAL AIRPORT MD US,39.17329,-76.68408,42
3/18/2013 13:00,0,T, ,COOP:180465,BALTIMORE WASHINGTON INTERNATIONAL AIRPORT MD US,39.17329,-76.68408,42
3/18/2013 14:00,0,T, ,COOP:180465,BALTIMORE WASHINGTON INTERNATIONAL AIRPORT MD US,39.17329,-76.68408,42
3/18/2013 15:00,0.01, , ,COOP:180465,BALTIMORE WASHINGTON INTERNATIONAL AIRPORT MD US,39.17329,-76.68408,42
3/18/2013 16:00,0.02, , ,COOP:180465,BALTIMORE WASHINGTON INTERNATIONAL AIRPORT MD US,39.17329,-76.68408,42
3/18/2013 17:00,0.05, , ,COOP:180465,BALTIMORE WASHINGTON INTERNATIONAL AIRPORT MD US,39.17329,-76.68408,42
3/18/2013 18:00,0.12, , ,COOP:180465,BALTIMORE WASHINGTON INTERNATIONAL AIRPORT MD US,39.17329,-76.68408,42
3/18/2013 19:00,0.06, , ,COOP:180465,BALTIMORE WASHINGTON INTERNATIONAL AIRPORT MD US,39.17329,-76.68408,42
3/18/2013 20:00,0.06, , ,COOP:180465,BALTIMORE WASHINGTON INTERNATIONAL AIRPORT MD US,39.17329,-76.68408,42
3/18/2013 21:00,0.06, , ,COOP:180465,BALTIMORE WASHINGTON INTERNATIONAL AIRPORT MD US,39.17329,-76.68408,42
3/18/2013 22:00,0.01, , ,COOP:180465,BALTIMORE WASHINGTON INTERNATIONAL AIRPORT MD US,39.17329,-76.68408,42
3/18/2013 23:00,0,T, ,COOP:180465,BALTIMORE WASHINGTON INTERNATIONAL AIRPORT MD US,39.17329,-76.68408,42
3/19/2013 0:00,0,T, ,COOP:180465,BALTIMORE WASHINGTON INTERNATIONAL AIRPORT MD US,39.17329,-76.68408,42
3/19/2013 1:00,0,T, ,COOP:180465,BALTIMORE WASHINGTON INTERNATIONAL AIRPORT MD US,39.17329,-76.68408,42
3/19/2013 2:00,0,T, ,COOP:180465,BALTIMORE WASHINGTON INTERNATIONAL AIRPORT MD US,39.17329,-76.68408,42
3/21/2013 13:00,0,T, ,COOP:180465,BALTIMORE WASHINGTON INTERNATIONAL AIRPORT MD US,39.17329,-76.68408,42
3/21/2013 14:00,0,T, ,COOP:180465,BALTIMORE WASHINGTON INTERNATIONAL AIRPORT MD US,39.17329,-76.68408,42
3/24/2013 21:00,0,T, ,COOP:180465,BALTIMORE WASHINGTON INTERNATIONAL AIRPORT MD US,39.17329,-76.68408,42
3/25/2013 2:00,0,T, ,COOP:180465,BALTIMORE WASHINGTON INTERNATIONAL AIRPORT MD US,39.17329,-76.68408,42
3/25/2013 3:00,0.01, , ,COOP:180465,BALTIMORE WASHINGTON INTERNATIONAL AIRPORT MD US,39.17329,-76.68408,42
3/25/2013 4:00,0.08, , ,COOP:180465,BALTIMORE WASHINGTON INTERNATIONAL AIRPORT MD US,39.17329,-76.68408,42
3/25/2013 5:00,0.14, , ,COOP:180465,BALTIMORE WASHINGTON INTERNATIONAL AIRPORT MD US,39.17329,-76.68408,42
3/25/2013 6:00,0.06, , ,COOP:180465,BALTIMORE WASHINGTON INTERNATIONAL AIRPORT MD US,39.17329,-76.68408,42
3/25/2013 7:00,0.08, , ,COOP:180465,BALTIMORE WASHINGTON INTERNATIONAL AIRPORT MD US,39.17329,-76.68408,42
3/25/2013 8:00,0.07, , ,COOP:180465,BALTIMORE WASHINGTON INTERNATIONAL AIRPORT MD US,39.17329,-76.68408,42
3/25/2013 9:00,0.05, , ,COOP:180465,BALTIMORE WASHINGTON INTERNATIONAL AIRPORT MD US,39.17329,-76.68408,42
3/25/2013 10:00,0.01, , ,COOP:180465,BALTIMORE WASHINGTON INTERNATIONAL AIRPORT MD US,39.17329,-76.68408,42
3/25/2013 11:00,0.05, , ,COOP:180465,BALTIMORE WASHINGTON INTERNATIONAL AIRPORT MD US,39.17329,-76.68408,42
3/25/2013 12:00,0.06, , ,COOP:180465,BALTIMORE WASHINGTON INTERNATIONAL AIRPORT MD US,39.17329,-76.68408,42
3/25/2013 13:00,0.05, , ,COOP:180465,BALTIMORE WASHINGTON INTERNATIONAL AIRPORT MD US,39.17329,-76.68408,42
3/25/2013 14:00,0.03, , ,COOP:180465,BALTIMORE WASHINGTON INTERNATIONAL AIRPORT MD US,39.17329,-76.68408,42
3/25/2013 15:00,0.04, , ,COOP:180465,BALTIMORE WASHINGTON INTERNATIONAL AIRPORT MD US,39.17329,-76.68408,42
3/25/2013 16:00,0.05, , ,COOP:180465,BALTIMORE WASHINGTON INTERNATIONAL AIRPORT MD US,39.17329,-76.68408,42
3/25/2013 17:00,0.02, , ,COOP:180465,BALTIMORE WASHINGTON INTERNATIONAL AIRPORT MD US,39.17329,-76.68408,42
3/25/2013 18:00,0.01, , ,COOP:180465,BALTIMORE WASHINGTON INTERNATIONAL AIRPORT MD US,39.17329,-76.68408,42
3/25/2013 19:00,0.01, , ,COOP:180465,BALTIMORE WASHINGTON INTERNATIONAL AIRPORT MD US,39.17329,-76.68408,42
3/25/2013 20:00,0,T, ,COOP:180465,BALTIMORE WASHINGTON INTERNATIONAL AIRPORT MD US,39.17329,-76.68408,42
3/26/2013 19:00,0,T, ,COOP:180465,BALTIMORE WASHINGTON INTERNATIONAL AIRPORT MD US,39.17329,-76.68408,42
3/26/2013 20:00,0,T, ,COOP:180465,BALTIMORE WASHINGTON INTERNATIONAL AIRPORT MD US,39.17329,-76.68408,42
3/27/2013 13:00,0,T, ,COOP:180465,BALTIMORE WASHINGTON INTERNATIONAL AIRPORT MD US,39.17329,-76.68408,42
3/27/2013 14:00,0,T, ,COOP:180465,BALTIMORE WASHINGTON INTERNATIONAL AIRPORT MD US,39.17329,-76.68408,42
3/27/2013 16:00,0,T, ,COOP:180465,BALTIMORE WASHINGTON INTERNATIONAL AIRPORT MD US,39.17329,-76.68408,42
3/27/2013 17:00,0,T, ,COOP:180465,BALTIMORE WASHINGTON INTERNATIONAL AIRPORT MD US,39.17329,-76.68408,42
3/27/2013 18:00,0,T, ,COOP:180465,BALTIMORE WASHINGTON INTERNATIONAL AIRPORT MD US,39.17329,-76.68408,42
3/28/2013 10:00,0,T, ,COOP:180465,BALTIMORE WASHINGTON INTERNATIONAL AIRPORT MD US,39.17329,-76.68408,42
3/28/2013 11:00,0,T, ,COOP:180465,BALTIMORE WASHINGTON INTERNATIONAL AIRPORT MD US,39.17329,-76.68408,42
3/28/2013 12:00,0,T, ,COOP:180465,BALTIMORE WASHINGTON INTERNATIONAL AIRPORT MD US,39.17329,-76.68408,42
3/31/2013 9:00,0,T, ,COOP:180465,BALTIMORE WASHINGTON INTERNATIONAL AIRPORT MD US,39.17329,-76.68408,42
3/31/2013 10:00,0,T, ,COOP:180465,BALTIMORE WASHINGTON INTERNATIONAL AIRPORT MD US,39.17329,-76.68408,42
3/31/2013 13:00,0,T, ,COOP:180465,BALTIMORE WASHINGTON INTERNATIONAL AIRPORT MD US,39.17329,-76.68408,42
3/31/2013 14:00,0.02, , ,COOP:180465,BALTIMORE WASHINGTON INTERNATIONAL AIRPORT MD US,39.17329,-76.68408,42
3/31/2013 15:00,0.01, , ,COOP:180465,BALTIMORE WASHINGTON INTERNATIONAL AIRPORT MD US,39.17329,-76.68408,42
3/31/2013 16:00,0.01, , ,COOP:180465,BALTIMORE WASHINGTON INTERNATIONAL AIRPORT MD US,39.17329,-76.68408,42
3/31/2013 17:00,0,T, ,COOP:180465,BALTIMORE WASHINGTON INTERNATIONAL AIRPORT MD US,39.17329,-76.68408,42
3/31/2013 18:00,0,T, ,COOP:180465,BALTIMORE WASHINGTON INTERNATIONAL AIRPORT MD US,39.17329,-76.68408,42
4/1/2013 1:00,0,g, ,COOP:180465,BALTIMORE WASHINGTON INTERNATIONAL AIRPORT MD US,39.17329,-76.68408,42
4/1/2013 13:00,0,T, ,COOP:180465,BALTIMORE WASHINGTON INTERNATIONAL AIRPORT MD US,39.17329,-76.68408,42
4/1/2013 14:00,0,T, ,COOP:180465,BALTIMORE WASHINGTON INTERNATIONAL AIRPORT MD US,39.17329,-76.68408,42
4/1/2013 15:00,0,T, ,COOP:180465,BALTIMORE WASHINGTON INTERNATIONAL AIRPORT MD US,39.17329,-76.68408,42
4/4/2013 22:00,0,T, ,COOP:180465,BALTIMORE WASHINGTON INTERNATIONAL AIRPORT MD US,39.17329,-76.68408,42
4/4/2013 23:00,0.02, , ,COOP:180465,BALTIMORE WASHINGTON INTERNATIONAL AIRPORT MD US,39.17329,-76.68408,42
4/5/2013 0:00,0.02, , ,COOP:180465,BALTIMORE WASHINGTON INTERNATIONAL AIRPORT MD US,39.17329,-76.68408,42
4/5/2013 1:00,0.02, , ,COOP:180465,BALTIMORE WASHINGTON INTERNATIONAL AIRPORT MD US,39.17329,-76.68408,42
4/5/2013 2:00,0.01, , ,COOP:180465,BALTIMORE WASHINGTON INTERNATIONAL AIRPORT MD US,39.17329,-76.68408,42
4/5/2013 3:00,0.04, , ,COOP:180465,BALTIMORE WASHINGTON INTERNATIONAL AIRPORT MD US,39.17329,-76.68408,42
4/5/2013 4:00,0.03, , ,COOP:180465,BALTIMORE WASHINGTON INTERNATIONAL AIRPORT MD US,39.17329,-76.68408,42
4/5/2013 5:00,0.01, , ,COOP:180465,BALTIMORE WASHINGTON INTERNATIONAL AIRPORT MD US,39.17329,-76.68408,42
4/5/2013 6:00,0,T, ,COOP:180465,BALTIMORE WASHINGTON INTERNATIONAL AIRPORT MD US,39.17329,-76.68408,42
4/12/2013 1:00,0,T, ,COOP:180465,BALTIMORE WASHINGTON INTERNATIONAL AIRPORT MD US,39.17329,-76.68408,42
4/12/2013 2:00,0,T, ,COOP:180465,BALTIMORE WASHINGTON INTERNATIONAL AIRPORT MD US,39.17329,-76.68408,42
4/12/2013 3:00,0,T, ,COOP:180465,BALTIMORE WASHINGTON INTERNATIONAL AIRPORT MD US,39.17329,-76.68408,42
4/12/2013 4:00,0,T, ,COOP:180465,BALTIMORE WASHINGTON INTERNATIONAL AIRPORT MD US,39.17329,-76.68408,42
4/12/2013 5:00,0.01, , ,COOP:180465,BALTIMORE WASHINGTON INTERNATIONAL AIRPORT MD US,39.17329,-76.68408,42
4/12/2013 6:00,0,T, ,COOP:180465,BALTIMORE WASHINGTON INTERNATIONAL AIRPORT MD US,39.17329,-76.68408,42
4/12/2013 7:00,0.28, , ,COOP:180465,BALTIMORE WASHINGTON INTERNATIONAL AIRPORT MD US,39.17329,-76.68408,42
4/12/2013 8:00,0.24, , ,COOP:180465,BALTIMORE WASHINGTON INTERNATIONAL AIRPORT MD US,39.17329,-76.68408,42
4/12/2013 9:00,0.03, , ,COOP:180465,BALTIMORE WASHINGTON INTERNATIONAL AIRPORT MD US,39.17329,-76.68408,42
4/12/2013 10:00,0.01, , ,COOP:180465,BALTIMORE WASHINGTON INTERNATIONAL AIRPORT MD US,39.17329,-76.68408,42
4/12/2013 11:00,0,T, ,COOP:180465,BALTIMORE WASHINGTON INTERNATIONAL AIRPORT MD US,39.17329,-76.68408,42
4/12/2013 12:00,0,T, ,COOP:180465,BALTIMORE WASHINGTON INTERNATIONAL AIRPORT MD US,39.17329,-76.68408,42
4/12/2013 17:00,0,T, ,COOP:180465,BALTIMORE WASHINGTON INTERNATIONAL AIRPORT MD US,39.17329,-76.68408,42
4/12/2013 19:00,0,T, ,COOP:180465,BALTIMORE WASHINGTON INTERNATIONAL AIRPORT MD US,39.17329,-76.68408,42
4/12/2013 20:00,0.1, , ,COOP:180465,BALTIMORE WASHINGTON INTERNATIONAL AIRPORT MD US,39.17329,-76.68408,42
4/12/2013 21:00,0,T, ,COOP:180465,BALTIMORE WASHINGTON INTERNATIONAL AIRPORT MD US,39.17329,-76.68408,42
4/12/2013 23:00,0,T, ,COOP:180465,BALTIMORE WASHINGTON INTERNATIONAL AIRPORT MD US,39.17329,-76.68408,42
4/15/2013 3:00,0,T, ,COOP:180465,BALTIMORE WASHINGTON INTERNATIONAL AIRPORT MD US,39.17329,-76.68408,42
4/15/2013 4:00,0,T, ,COOP:180465,BALTIMORE WASHINGTON INTERNATIONAL AIRPORT MD US,39.17329,-76.68408,42
4/15/2013 5:00,0,T, ,COOP:180465,BALTIMORE WASHINGTON INTERNATIONAL AIRPORT MD US,39.17329,-76.68408,42
4/15/2013 6:00,0,T, ,COOP:180465,BALTIMORE WASHINGTON INTERNATIONAL AIRPORT MD US,39.17329,-76.68408,42
4/15/2013 7:00,0,T, ,COOP:180465,BALTIMORE WASHINGTON INTERNATIONAL AIRPORT MD US,39.17329,-76.68408,42
4/15/2013 8:00,0,T, ,COOP:180465,BALTIMORE WASHINGTON INTERNATIONAL AIRPORT MD US,39.17329,-76.68408,42
4/15/2013 11:00,0,T, ,COOP:180465,BALTIMORE WASHINGTON INTERNATIONAL AIRPORT MD US,39.17329,-76.68408,42
4/15/2013 12:00,0,T, ,COOP:180465,BALTIMORE WASHINGTON INTERNATIONAL AIRPORT MD US,39.17329,-76.68408,42
4/15/2013 13:00,0,T, ,COOP:180465,BALTIMORE WASHINGTON INTERNATIONAL AIRPORT MD US,39.17329,-76.68408,42
4/17/2013 2:00,0,T, ,COOP:180465,BALTIMORE WASHINGTON INTERNATIONAL AIRPORT MD US,39.17329,-76.68408,42
4/18/2013 4:00,0,T, ,COOP:180465,BALTIMORE WASHINGTON INTERNATIONAL AIRPORT MD US,39.17329,-76.68408,42
4/18/2013 5:00,0,T, ,COOP:180465,BALTIMORE WASHINGTON INTERNATIONAL AIRPORT MD US,39.17329,-76.68408,42
4/18/2013 7:00,0,T, ,COOP:180465,BALTIMORE WASHINGTON INTERNATIONAL AIRPORT MD US,39.17329,-76.68408,42
4/18/2013 8:00,0.01, , ,COOP:180465,BALTIMORE WASHINGTON INTERNATIONAL AIRPORT MD US,39.17329,-76.68408,42
4/18/2013 9:00,0,T, ,COOP:180465,BALTIMORE WASHINGTON INTERNATIONAL AIRPORT MD US,39.17329,-76.68408,42
4/18/2013 10:00,0.03, , ,COOP:180465,BALTIMORE WASHINGTON INTERNATIONAL AIRPORT MD US,39.17329,-76.68408,42
4/19/2013 6:00,0,T, ,COOP:180465,BALTIMORE WASHINGTON INTERNATIONAL AIRPORT MD US,39.17329,-76.68408,42
4/19/2013 7:00,0.03, , ,COOP:180465,BALTIMORE WASHINGTON INTERNATIONAL AIRPORT MD US,39.17329,-76.68408,42
4/19/2013 10:00,0,T, ,COOP:180465,BALTIMORE WASHINGTON INTERNATIONAL AIRPORT MD US,39.17329,-76.68408,42
4/19/2013 18:00,0,T, ,COOP:180465,BALTIMORE WASHINGTON INTERNATIONAL AIRPORT MD US,39.17329,-76.68408,42
4/19/2013 19:00,0.24, , ,COOP:180465,BALTIMORE WASHINGTON INTERNATIONAL AIRPORT MD US,39.17329,-76.68408,42
4/19/2013 20:00,0.08, , ,COOP:180465,BALTIMORE WASHINGTON INTERNATIONAL AIRPORT MD US,39.17329,-76.68408,42
4/19/2013 21:00,0.16, , ,COOP:180465,BALTIMORE WASHINGTON INTERNATIONAL AIRPORT MD US,39.17329,-76.68408,42
4/19/2013 22:00,0.08, , ,COOP:180465,BALTIMORE WASHINGTON INTERNATIONAL AIRPORT MD US,39.17329,-76.68408,42
4/19/2013 23:00,0.16, , ,COOP:180465,BALTIMORE WASHINGTON INTERNATIONAL AIRPORT MD US,39.17329,-76.68408,42
4/20/2013 0:00,0.04, , ,COOP:180465,BALTIMORE WASHINGTON INTERNATIONAL AIRPORT MD US,39.17329,-76.68408,42
4/20/2013 1:00,0.07, , ,COOP:180465,BALTIMORE WASHINGTON INTERNATIONAL AIRPORT MD US,39.17329,-76.68408,42
4/20/2013 2:00,0,T, ,COOP:180465,BALTIMORE WASHINGTON INTERNATIONAL AIRPORT MD US,39.17329,-76.68408,42
4/20/2013 3:00,0,T, ,COOP:180465,BALTIMORE WASHINGTON INTERNATIONAL AIRPORT MD US,39.17329,-76.68408,42
4/24/2013 23:00,0,T, ,COOP:180465,BALTIMORE WASHINGTON INTERNATIONAL AIRPORT MD US,39.17329,-76.68408,42
4/25/2013 1:00,0,T, ,COOP:180465,BALTIMORE WASHINGTON INTERNATIONAL AIRPORT MD US,39.17329,-76.68408,42
4/25/2013 2:00,0,T, ,COOP:180465,BALTIMORE WASHINGTON INTERNATIONAL AIRPORT MD US,39.17329,-76.68408,42
4/28/2013 16:00,0,T, ,COOP:180465,BALTIMORE WASHINGTON INTERNATIONAL AIRPORT MD US,39.17329,-76.68408,42
4/28/2013 17:00,0,T, ,COOP:180465,BALTIMORE WASHINGTON INTERNATIONAL AIRPORT MD US,39.17329,-76.68408,42
4/28/2013 18:00,0,T, ,COOP:180465,BALTIMORE WASHINGTON INTERNATIONAL AIRPORT MD US,39.17329,-76.68408,42
4/28/2013 19:00,0,T, ,COOP:180465,BALTIMORE WASHINGTON INTERNATIONAL AIRPORT MD US,39.17329,-76.68408,42
4/29/2013 0:00,0,T, ,COOP:180465,BALTIMORE WASHINGTON INTERNATIONAL AIRPORT MD US,39.17329,-76.68408,42
4/29/2013 1:00,0,T, ,COOP:180465,BALTIMORE WASHINGTON INTERNATIONAL AIRPORT MD US,39.17329,-76.68408,42
4/29/2013 2:00,0.01, , ,COOP:180465,BALTIMORE WASHINGTON INTERNATIONAL AIRPORT MD US,39.17329,-76.68408,42
4/29/2013 3:00,0.02, , ,COOP:180465,BALTIMORE WASHINGTON INTERNATIONAL AIRPORT MD US,39.17329,-76.68408,42
4/29/2013 4:00,0,T, ,COOP:180465,BALTIMORE WASHINGTON INTERNATIONAL AIRPORT MD US,39.17329,-76.68408,42
4/29/2013 5:00,0.02, , ,COOP:180465,BALTIMORE WASHINGTON INTERNATIONAL AIRPORT MD US,39.17329,-76.68408,42
4/29/2013 6:00,0.01, , ,COOP:180465,BALTIMORE WASHINGTON INTERNATIONAL AIRPORT MD US,39.17329,-76.68408,42
4/29/2013 7:00,0.04, , ,COOP:180465,BALTIMORE WASHINGTON INTERNATIONAL AIRPORT MD US,39.17329,-76.68408,42
4/29/2013 8:00,0.05, , ,COOP:180465,BALTIMORE WASHINGTON INTERNATIONAL AIRPORT MD US,39.17329,-76.68408,42
4/29/2013 9:00,0.01, , ,COOP:180465,BALTIMORE WASHINGTON INTERNATIONAL AIRPORT MD US,39.17329,-76.68408,42
4/29/2013 10:00,0,T, ,COOP:180465,BALTIMORE WASHINGTON INTERNATIONAL AIRPORT MD US,39.17329,-76.68408,42
4/29/2013 11:00,0,T, ,COOP:180465,BALTIMORE WASHINGTON INTERNATIONAL AIRPORT MD US,39.17329,-76.68408,42
4/29/2013 12:00,0,T, ,COOP:180465,BALTIMORE WASHINGTON INTERNATIONAL AIRPORT MD US,39.17329,-76.68408,42
4/29/2013 13:00,0,T, ,COOP:180465,BALTIMORE WASHINGTON INTERNATIONAL AIRPORT MD US,39.17329,-76.68408,42
4/29/2013 14:00,0.01, , ,COOP:180465,BALTIMORE WASHINGTON INTERNATIONAL AIRPORT MD US,39.17329,-76.68408,42
4/29/2013 15:00,0,T, ,COOP:180465,BALTIMORE WASHINGTON INTERNATIONAL AIRPORT MD US,39.17329,-76.68408,42
4/29/2013 17:00,0,T, ,COOP:180465,BALTIMORE WASHINGTON INTERNATIONAL AIRPORT MD US,39.17329,-76.68408,42
4/29/2013 18:00,0,T, ,COOP:180465,BALTIMORE WASHINGTON INTERNATIONAL AIRPORT MD US,39.17329,-76.68408,42
4/29/2013 19:00,0.01, , ,COOP:180465,BALTIMORE WASHINGTON INTERNATIONAL AIRPORT MD US,39.17329,-76.68408,42
4/29/2013 20:00,0.01, , ,COOP:180465,BALTIMORE WASHINGTON INTERNATIONAL AIRPORT MD US,39.17329,-76.68408,42
4/29/2013 21:00,0.01, , ,COOP:180465,BALTIMORE WASHINGTON INTERNATIONAL AIRPORT MD US,39.17329,-76.68408,42
4/29/2013 22:00,0.02, , ,COOP:180465,BALTIMORE WASHINGTON INTERNATIONAL AIRPORT MD US,39.17329,-76.68408,42
4/29/2013 23:00,0.02, , ,COOP:180465,BALTIMORE WASHINGTON INTERNATIONAL AIRPORT MD US,39.17329,-76.68408,42
4/30/2013 0:00,0.02, , ,COOP:180465,BALTIMORE WASHINGTON INTERNATIONAL AIRPORT MD US,39.17329,-76.68408,42
4/30/2013 1:00,0.01, , ,COOP:180465,BALTIMORE WASHINGTON INTERNATIONAL AIRPORT MD US,39.17329,-76.68408,42
4/30/2013 2:00,0.01, , ,COOP:180465,BALTIMORE WASHINGTON INTERNATIONAL AIRPORT MD US,39.17329,-76.68408,42
4/30/2013 3:00,0.02, , ,COOP:180465,BALTIMORE WASHINGTON INTERNATIONAL AIRPORT MD US,39.17329,-76.68408,42
4/30/2013 4:00,0.01, , ,COOP:180465,BALTIMORE WASHINGTON INTERNATIONAL AIRPORT MD US,39.17329,-76.68408,42
4/30/2013 5:00,0.02, , ,COOP:180465,BALTIMORE WASHINGTON INTERNATIONAL AIRPORT MD US,39.17329,-76.68408,42
4/30/2013 6:00,0.01, , ,COOP:180465,BALTIMORE WASHINGTON INTERNATIONAL AIRPORT MD US,39.17329,-76.68408,42
4/30/2013 7:00,0.04, , ,COOP:180465,BALTIMORE WASHINGTON INTERNATIONAL AIRPORT MD US,39.17329,-76.68408,42
4/30/2013 8:00,0.02, , ,COOP:180465,BALTIMORE WASHINGTON INTERNATIONAL AIRPORT MD US,39.17329,-76.68408,42
4/30/2013 9:00,0.03, , ,COOP:180465,BALTIMORE WASHINGTON INTERNATIONAL AIRPORT MD US,39.17329,-76.68408,42
4/30/2013 10:00,0.03, , ,COOP:180465,BALTIMORE WASHINGTON INTERNATIONAL AIRPORT MD US,39.17329,-76.68408,42
4/30/2013 11:00,0.01, , ,COOP:180465,BALTIMORE WASHINGTON INTERNATIONAL AIRPORT MD US,39.17329,-76.68408,42
4/30/2013 12:00,0,T, ,COOP:180465,BALTIMORE WASHINGTON INTERNATIONAL AIRPORT MD US,39.17329,-76.68408,42
4/30/2013 13:00,0,T, ,COOP:180465,BALTIMORE WASHINGTON INTERNATIONAL AIRPORT MD US,39.17329,-76.68408,42
4/30/2013 14:00,0,T, ,COOP:180465,BALTIMORE WASHINGTON INTERNATIONAL AIRPORT MD US,39.17329,-76.68408,42
4/30/2013 15:00,0,T, ,COOP:180465,BALTIMORE WASHINGTON INTERNATIONAL AIRPORT MD US,39.17329,-76.68408,42
4/30/2013 16:00,0.01, , ,COOP:180465,BALTIMORE WASHINGTON INTERNATIONAL AIRPORT MD US,39.17329,-76.68408,42
4/30/2013 17:00,0,T, ,COOP:180465,BALTIMORE WASHINGTON INTERNATIONAL AIRPORT MD US,39.17329,-76.68408,42
5/1/2013 1:00,0,g, ,COOP:180465,BALTIMORE WASHINGTON INTERNATIONAL AIRPORT MD US,39.17329,-76.68408,42
5/6/2013 7:00,0,T, ,COOP:180465,BALTIMORE WASHINGTON INTERNATIONAL AIRPORT MD US,39.17329,-76.68408,42
5/6/2013 8:00,0,T, ,COOP:180465,BALTIMORE WASHINGTON INTERNATIONAL AIRPORT MD US,39.17329,-76.68408,42
5/6/2013 9:00,0,T, ,COOP:180465,BALTIMORE WASHINGTON INTERNATIONAL AIRPORT MD US,39.17329,-76.68408,42
5/6/2013 10:00,0,T, ,COOP:180465,BALTIMORE WASHINGTON INTERNATIONAL AIRPORT MD US,39.17329,-76.68408,42
5/6/2013 11:00,0,T, ,COOP:180465,BALTIMORE WASHINGTON INTERNATIONAL AIRPORT MD US,39.17329,-76.68408,42
5/6/2013 12:00,0,T, ,COOP:180465,BALTIMORE WASHINGTON INTERNATIONAL AIRPORT MD US,39.17329,-76.68408,42
5/6/2013 14:00,0.02, , ,COOP:180465,BALTIMORE WASHINGTON INTERNATIONAL AIRPORT MD US,39.17329,-76.68408,42
5/6/2013 15:00,0,T, ,COOP:180465,BALTIMORE WASHINGTON INTERNATIONAL AIRPORT MD US,39.17329,-76.68408,42
5/6/2013 16:00,0,T, ,COOP:180465,BALTIMORE WASHINGTON INTERNATIONAL AIRPORT MD US,39.17329,-76.68408,42
5/7/2013 0:00,0.01, , ,COOP:180465,BALTIMORE WASHINGTON INTERNATIONAL AIRPORT MD US,39.17329,-76.68408,42
5/7/2013 1:00,0.02, , ,COOP:180465,BALTIMORE WASHINGTON INTERNATIONAL AIRPORT MD US,39.17329,-76.68408,42
5/7/2013 3:00,0,T, ,COOP:180465,BALTIMORE WASHINGTON INTERNATIONAL AIRPORT MD US,39.17329,-76.68408,42
5/7/2013 4:00,0,T, ,COOP:180465,BALTIMORE WASHINGTON INTERNATIONAL AIRPORT MD US,39.17329,-76.68408,42
5/7/2013 5:00,0,T, ,COOP:180465,BALTIMORE WASHINGTON INTERNATIONAL AIRPORT MD US,39.17329,-76.68408,42
5/7/2013 6:00,0,T, ,COOP:180465,BALTIMORE WASHINGTON INTERNATIONAL AIRPORT MD US,39.17329,-76.68408,42
5/7/2013 7:00,0,T, ,COOP:180465,BALTIMORE WASHINGTON INTERNATIONAL AIRPORT MD US,39.17329,-76.68408,42
5/7/2013 8:00,0,T, ,COOP:180465,BALTIMORE WASHINGTON INTERNATIONAL AIRPORT MD US,39.17329,-76.68408,42
5/7/2013 9:00,0.05, , ,COOP:180465,BALTIMORE WASHINGTON INTERNATIONAL AIRPORT MD US,39.17329,-76.68408,42
5/7/2013 10:00,0.16, , ,COOP:180465,BALTIMORE WASHINGTON INTERNATIONAL AIRPORT MD US,39.17329,-76.68408,42
5/7/2013 11:00,0.17, , ,COOP:180465,BALTIMORE WASHINGTON INTERNATIONAL AIRPORT MD US,39.17329,-76.68408,42
5/7/2013 12:00,0.07, , ,COOP:180465,BALTIMORE WASHINGTON INTERNATIONAL AIRPORT MD US,39.17329,-76.68408,42
5/7/2013 13:00,0.09, , ,COOP:180465,BALTIMORE WASHINGTON INTERNATIONAL AIRPORT MD US,39.17329,-76.68408,42
5/7/2013 14:00,0.12, , ,COOP:180465,BALTIMORE WASHINGTON INTERNATIONAL AIRPORT MD US,39.17329,-76.68408,42
5/7/2013 15:00,0.03, , ,COOP:180465,BALTIMORE WASHINGTON INTERNATIONAL AIRPORT MD US,39.17329,-76.68408,42
5/7/2013 16:00,0.01, , ,COOP:180465,BALTIMORE WASHINGTON INTERNATIONAL AIRPORT MD US,39.17329,-76.68408,42
5/7/2013 19:00,0,T, ,COOP:180465,BALTIMORE WASHINGTON INTERNATIONAL AIRPORT MD US,39.17329,-76.68408,42
5/7/2013 20:00,0.07, , ,COOP:180465,BALTIMORE WASHINGTON INTERNATIONAL AIRPORT MD US,39.17329,-76.68408,42
5/7/2013 21:00,0,T, ,COOP:180465,BALTIMORE WASHINGTON INTERNATIONAL AIRPORT MD US,39.17329,-76.68408,42
5/7/2013 22:00,0.01, , ,COOP:180465,BALTIMORE WASHINGTON INTERNATIONAL AIRPORT MD US,39.17329,-76.68408,42
5/7/2013 23:00,0,T, ,COOP:180465,BALTIMORE WASHINGTON INTERNATIONAL AIRPORT MD US,39.17329,-76.68408,42
5/8/2013 14:00,0,T, ,COOP:180465,BALTIMORE WASHINGTON INTERNATIONAL AIRPORT MD US,39.17329,-76.68408,42
5/8/2013 15:00,0.04, , ,COOP:180465,BALTIMORE WASHINGTON INTERNATIONAL AIRPORT MD US,39.17329,-76.68408,42
5/8/2013 16:00,0.06, , ,COOP:180465,BALTIMORE WASHINGTON INTERNATIONAL AIRPORT MD US,39.17329,-76.68408,42
5/8/2013 17:00,0.06, , ,COOP:180465,BALTIMORE WASHINGTON INTERNATIONAL AIRPORT MD US,39.17329,-76.68408,42
5/8/2013 19:00,0,T, ,COOP:180465,BALTIMORE WASHINGTON INTERNATIONAL AIRPORT MD US,39.17329,-76.68408,42
5/8/2013 20:00,0.01, , ,COOP:180465,BALTIMORE WASHINGTON INTERNATIONAL AIRPORT MD US,39.17329,-76.68408,42
5/10/2013 21:00,0.01, , ,COOP:180465,BALTIMORE WASHINGTON INTERNATIONAL AIRPORT MD US,39.17329,-76.68408,42
5/10/2013 22:00,0.33, , ,COOP:180465,BALTIMORE WASHINGTON INTERNATIONAL AIRPORT MD US,39.17329,-76.68408,42
5/10/2013 23:00,0.26, , ,COOP:180465,BALTIMORE WASHINGTON INTERNATIONAL AIRPORT MD US,39.17329,-76.68408,42
5/11/2013 0:00,0.02, , ,COOP:180465,BALTIMORE WASHINGTON INTERNATIONAL AIRPORT MD US,39.17329,-76.68408,42
5/11/2013 1:00,0,T, ,COOP:180465,BALTIMORE WASHINGTON INTERNATIONAL AIRPORT MD US,39.17329,-76.68408,42
5/11/2013 2:00,0,T, ,COOP:180465,BALTIMORE WASHINGTON INTERNATIONAL AIRPORT MD US,39.17329,-76.68408,42
5/11/2013 3:00,0,T, ,COOP:180465,BALTIMORE WASHINGTON INTERNATIONAL AIRPORT MD US,39.17329,-76.68408,42
5/11/2013 4:00,0.01, , ,COOP:180465,BALTIMORE WASHINGTON INTERNATIONAL AIRPORT MD US,39.17329,-76.68408,42
5/11/2013 9:00,0,T, ,COOP:180465,BALTIMORE WASHINGTON INTERNATIONAL AIRPORT MD US,39.17329,-76.68408,42
5/11/2013 10:00,0.02, , ,COOP:180465,BALTIMORE WASHINGTON INTERNATIONAL AIRPORT MD US,39.17329,-76.68408,42
5/11/2013 12:00,0,T, ,COOP:180465,BALTIMORE WASHINGTON INTERNATIONAL AIRPORT MD US,39.17329,-76.68408,42
5/11/2013 13:00,0,T, ,COOP:180465,BALTIMORE WASHINGTON INTERNATIONAL AIRPORT MD US,39.17329,-76.68408,42
5/11/2013 17:00,0.12, , ,COOP:180465,BALTIMORE WASHINGTON INTERNATIONAL AIRPORT MD US,39.17329,-76.68408,42
5/11/2013 18:00,0.28, , ,COOP:180465,BALTIMORE WASHINGTON INTERNATIONAL AIRPORT MD US,39.17329,-76.68408,42
5/11/2013 19:00,0.01, , ,COOP:180465,BALTIMORE WASHINGTON INTERNATIONAL AIRPORT MD US,39.17329,-76.68408,42
5/11/2013 20:00,0.07, , ,COOP:180465,BALTIMORE WASHINGTON INTERNATIONAL AIRPORT MD US,39.17329,-76.68408,42
5/11/2013 21:00,0.08, , ,COOP:180465,BALTIMORE WASHINGTON INTERNATIONAL AIRPORT MD US,39.17329,-76.68408,42
5/11/2013 22:00,0.02, , ,COOP:180465,BALTIMORE WASHINGTON INTERNATIONAL AIRPORT MD US,39.17329,-76.68408,42
5/12/2013 0:00,0,T, ,COOP:180465,BALTIMORE WASHINGTON INTERNATIONAL AIRPORT MD US,39.17329,-76.68408,42
5/12/2013 2:00,0,T, ,COOP:180465,BALTIMORE WASHINGTON INTERNATIONAL AIRPORT MD US,39.17329,-76.68408,42
5/12/2013 3:00,0,T, ,COOP:180465,BALTIMORE WASHINGTON INTERNATIONAL AIRPORT MD US,39.17329,-76.68408,42
5/14/2013 20:00,0,T, ,COOP:180465,BALTIMORE WASHINGTON INTERNATIONAL AIRPORT MD US,39.17329,-76.68408,42
5/14/2013 21:00,0,T, ,COOP:180465,BALTIMORE WASHINGTON INTERNATIONAL AIRPORT MD US,39.17329,-76.68408,42
5/14/2013 22:00,0,T, ,COOP:180465,BALTIMORE WASHINGTON INTERNATIONAL AIRPORT MD US,39.17329,-76.68408,42
5/15/2013 1:00,0,T, ,COOP:180465,BALTIMORE WASHINGTON INTERNATIONAL AIRPORT MD US,39.17329,-76.68408,42
5/15/2013 3:00,0,T, ,COOP:180465,BALTIMORE WASHINGTON INTERNATIONAL AIRPORT MD US,39.17329,-76.68408,42
5/15/2013 4:00,0,T, ,COOP:180465,BALTIMORE WASHINGTON INTERNATIONAL AIRPORT MD US,39.17329,-76.68408,42
5/15/2013 8:00,0,T, ,COOP:180465,BALTIMORE WASHINGTON INTERNATIONAL AIRPORT MD US,39.17329,-76.68408,42
5/15/2013 9:00,0,T, ,COOP:180465,BALTIMORE WASHINGTON INTERNATIONAL AIRPORT MD US,39.17329,-76.68408,42
5/15/2013 10:00,0,T, ,COOP:180465,BALTIMORE WASHINGTON INTERNATIONAL AIRPORT MD US,39.17329,-76.68408,42
5/15/2013 12:00,0,T, ,COOP:180465,BALTIMORE WASHINGTON INTERNATIONAL AIRPORT MD US,39.17329,-76.68408,42
5/16/2013 11:00,0,T, ,COOP:180465,BALTIMORE WASHINGTON INTERNATIONAL AIRPORT MD US,39.17329,-76.68408,42
5/16/2013 12:00,0,T, ,COOP:180465,BALTIMORE WASHINGTON INTERNATIONAL AIRPORT MD US,39.17329,-76.68408,42
5/16/2013 13:00,0,T, ,COOP:180465,BALTIMORE WASHINGTON INTERNATIONAL AIRPORT MD US,39.17329,-76.68408,42
5/18/2013 3:00,0,T, ,COOP:180465,BALTIMORE WASHINGTON INTERNATIONAL AIRPORT MD US,39.17329,-76.68408,42
5/18/2013 4:00,0,T, ,COOP:180465,BALTIMORE WASHINGTON INTERNATIONAL AIRPORT MD US,39.17329,-76.68408,42
5/18/2013 14:00,0.02, , ,COOP:180465,BALTIMORE WASHINGTON INTERNATIONAL AIRPORT MD US,39.17329,-76.68408,42
5/18/2013 20:00,0,T, ,COOP:180465,BALTIMORE WASHINGTON INTERNATIONAL AIRPORT MD US,39.17329,-76.68408,42
5/18/2013 21:00,0,T, ,COOP:180465,BALTIMORE WASHINGTON INTERNATIONAL AIRPORT MD US,39.17329,-76.68408,42
5/18/2013 22:00,0,T, ,COOP:180465,BALTIMORE WASHINGTON INTERNATIONAL AIRPORT MD US,39.17329,-76.68408,42
5/18/2013 23:00,0,T, ,COOP:180465,BALTIMORE WASHINGTON INTERNATIONAL AIRPORT MD US,39.17329,-76.68408,42
5/19/2013 0:00,0,T, ,COOP:180465,BALTIMORE WASHINGTON INTERNATIONAL AIRPORT MD US,39.17329,-76.68408,42
5/19/2013 1:00,0,T, ,COOP:180465,BALTIMORE WASHINGTON INTERNATIONAL AIRPORT MD US,39.17329,-76.68408,42
5/19/2013 2:00,0,T, ,COOP:180465,BALTIMORE WASHINGTON INTERNATIONAL AIRPORT MD US,39.17329,-76.68408,42
5/19/2013 3:00,0,T, ,COOP:180465,BALTIMORE WASHINGTON INTERNATIONAL AIRPORT MD US,39.17329,-76.68408,42
5/19/2013 4:00,0,T, ,COOP:180465,BALTIMORE WASHINGTON INTERNATIONAL AIRPORT MD US,39.17329,-76.68408,42
5/19/2013 5:00,0,T, ,COOP:180465,BALTIMORE WASHINGTON INTERNATIONAL AIRPORT MD US,39.17329,-76.68408,42
5/19/2013 6:00,0,T, ,COOP:180465,BALTIMORE WASHINGTON INTERNATIONAL AIRPORT MD US,39.17329,-76.68408,42
5/19/2013 7:00,0,T, ,COOP:180465,BALTIMORE WASHINGTON INTERNATIONAL AIRPORT MD US,39.17329,-76.68408,42
5/19/2013 8:00,0,T, ,COOP:180465,BALTIMORE WASHINGTON INTERNATIONAL AIRPORT MD US,39.17329,-76.68408,42
5/19/2013 9:00,0,T, ,COOP:180465,BALTIMORE WASHINGTON INTERNATIONAL AIRPORT MD US,39.17329,-76.68408,42
5/19/2013 10:00,0,T, ,COOP:180465,BALTIMORE WASHINGTON INTERNATIONAL AIRPORT MD US,39.17329,-76.68408,42
5/22/2013 23:00,0.01, , ,COOP:180465,BALTIMORE WASHINGTON INTERNATIONAL AIRPORT MD US,39.17329,-76.68408,42
5/23/2013 1:00,0,T, ,COOP:180465,BALTIMORE WASHINGTON INTERNATIONAL AIRPORT MD US,39.17329,-76.68408,42
5/23/2013 4:00,0,T, ,COOP:180465,BALTIMORE WASHINGTON INTERNATIONAL AIRPORT MD US,39.17329,-76.68408,42
5/23/2013 6:00,0,T, ,COOP:180465,BALTIMORE WASHINGTON INTERNATIONAL AIRPORT MD US,39.17329,-76.68408,42
5/23/2013 7:00,0,T, ,COOP:180465,BALTIMORE WASHINGTON INTERNATIONAL AIRPORT MD US,39.17329,-76.68408,42
5/23/2013 8:00,0,T, ,COOP:180465,BALTIMORE WASHINGTON INTERNATIONAL AIRPORT MD US,39.17329,-76.68408,42
5/23/2013 9:00,0,T, ,COOP:180465,BALTIMORE WASHINGTON INTERNATIONAL AIRPORT MD US,39.17329,-76.68408,42
5/23/2013 10:00,0,T, ,COOP:180465,BALTIMORE WASHINGTON INTERNATIONAL AIRPORT MD US,39.17329,-76.68408,42
5/23/2013 12:00,0.02, , ,COOP:180465,BALTIMORE WASHINGTON INTERNATIONAL AIRPORT MD US,39.17329,-76.68408,42
5/23/2013 13:00,0.09, , ,COOP:180465,BALTIMORE WASHINGTON INTERNATIONAL AIRPORT MD US,39.17329,-76.68408,42
5/23/2013 17:00,0.01, , ,COOP:180465,BALTIMORE WASHINGTON INTERNATIONAL AIRPORT MD US,39.17329,-76.68408,42
5/23/2013 20:00,0,T, ,COOP:180465,BALTIMORE WASHINGTON INTERNATIONAL AIRPORT MD US,39.17329,-76.68408,42
5/23/2013 21:00,0.3, , ,COOP:180465,BALTIMORE WASHINGTON INTERNATIONAL AIRPORT MD US,39.17329,-76.68408,42
5/23/2013 22:00,0.3, , ,COOP:180465,BALTIMORE WASHINGTON INTERNATIONAL AIRPORT MD US,39.17329,-76.68408,42
5/23/2013 23:00,0.24, , ,COOP:180465,BALTIMORE WASHINGTON INTERNATIONAL AIRPORT MD US,39.17329,-76.68408,42
5/24/2013 0:00,0.03, , ,COOP:180465,BALTIMORE WASHINGTON INTERNATIONAL AIRPORT MD US,39.17329,-76.68408,42
5/24/2013 6:00,0,T, ,COOP:180465,BALTIMORE WASHINGTON INTERNATIONAL AIRPORT MD US,39.17329,-76.68408,42
5/24/2013 7:00,0.02, , ,COOP:180465,BALTIMORE WASHINGTON INTERNATIONAL AIRPORT MD US,39.17329,-76.68408,42
5/24/2013 8:00,0,T, ,COOP:180465,BALTIMORE WASHINGTON INTERNATIONAL AIRPORT MD US,39.17329,-76.68408,42
5/24/2013 9:00,0,T, ,COOP:180465,BALTIMORE WASHINGTON INTERNATIONAL AIRPORT MD US,39.17329,-76.68408,42
5/24/2013 10:00,0,T, ,COOP:180465,BALTIMORE WASHINGTON INTERNATIONAL AIRPORT MD US,39.17329,-76.68408,42
5/24/2013 11:00,0,T, ,COOP:180465,BALTIMORE WASHINGTON INTERNATIONAL AIRPORT MD US,39.17329,-76.68408,42
5/24/2013 12:00,0.01, , ,COOP:180465,BALTIMORE WASHINGTON INTERNATIONAL AIRPORT MD US,39.17329,-76.68408,42
5/28/2013 3:00,0,T, ,COOP:180465,BALTIMORE WASHINGTON INTERNATIONAL AIRPORT MD US,39.17329,-76.68408,42
5/28/2013 5:00,0,T, ,COOP:180465,BALTIMORE WASHINGTON INTERNATIONAL AIRPORT MD US,39.17329,-76.68408,42
5/28/2013 6:00,0.11, , ,COOP:180465,BALTIMORE WASHINGTON INTERNATIONAL AIRPORT MD US,39.17329,-76.68408,42
5/28/2013 7:00,0,T, ,COOP:180465,BALTIMORE WASHINGTON INTERNATIONAL AIRPORT MD US,39.17329,-76.68408,42
5/28/2013 9:00,0.01, , ,COOP:180465,BALTIMORE WASHINGTON INTERNATIONAL AIRPORT MD US,39.17329,-76.68408,42
5/28/2013 10:00,0,T, ,COOP:180465,BALTIMORE WASHINGTON INTERNATIONAL AIRPORT MD US,39.17329,-76.68408,42
5/28/2013 19:00,0.03, , ,COOP:180465,BALTIMORE WASHINGTON INTERNATIONAL AIRPORT MD US,39.17329,-76.68408,42
5/28/2013 20:00,0,T, ,COOP:180465,BALTIMORE WASHINGTON INTERNATIONAL AIRPORT MD US,39.17329,-76.68408,42
6/1/2013 1:00,0,g, ,COOP:180465,BALTIMORE WASHINGTON INTERNATIONAL AIRPORT MD US,39.17329,-76.68408,42
6/2/2013 14:00,0,T, ,COOP:180465,BALTIMORE WASHINGTON INTERNATIONAL AIRPORT MD US,39.17329,-76.68408,42
6/2/2013 17:00,0,T, ,COOP:180465,BALTIMORE WASHINGTON INTERNATIONAL AIRPORT MD US,39.17329,-76.68408,42
6/2/2013 18:00,0.16, , ,COOP:180465,BALTIMORE WASHINGTON INTERNATIONAL AIRPORT MD US,39.17329,-76.68408,42
6/2/2013 19:00,0.06, , ,COOP:180465,BALTIMORE WASHINGTON INTERNATIONAL AIRPORT MD US,39.17329,-76.68408,42
6/2/2013 20:00,0,T, ,COOP:180465,BALTIMORE WASHINGTON INTERNATIONAL AIRPORT MD US,39.17329,-76.68408,42
6/2/2013 22:00,0,T, ,COOP:180465,BALTIMORE WASHINGTON INTERNATIONAL AIRPORT MD US,39.17329,-76.68408,42
6/2/2013 23:00,0.02, , ,COOP:180465,BALTIMORE WASHINGTON INTERNATIONAL AIRPORT MD US,39.17329,-76.68408,42
6/3/2013 0:00,0,T, ,COOP:180465,BALTIMORE WASHINGTON INTERNATIONAL AIRPORT MD US,39.17329,-76.68408,42
6/3/2013 1:00,0,T, ,COOP:180465,BALTIMORE WASHINGTON INTERNATIONAL AIRPORT MD US,39.17329,-76.68408,42
6/3/2013 2:00,0,T, ,COOP:180465,BALTIMORE WASHINGTON INTERNATIONAL AIRPORT MD US,39.17329,-76.68408,42
6/3/2013 5:00,0.08, , ,COOP:180465,BALTIMORE WASHINGTON INTERNATIONAL AIRPORT MD US,39.17329,-76.68408,42
6/3/2013 6:00,0.06, , ,COOP:180465,BALTIMORE WASHINGTON INTERNATIONAL AIRPORT MD US,39.17329,-76.68408,42
6/3/2013 7:00,0.07, , ,COOP:180465,BALTIMORE WASHINGTON INTERNATIONAL AIRPORT MD US,39.17329,-76.68408,42
6/3/2013 8:00,0.02, , ,COOP:180465,BALTIMORE WASHINGTON INTERNATIONAL AIRPORT MD US,39.17329,-76.68408,42
6/3/2013 9:00,0,T, ,COOP:180465,BALTIMORE WASHINGTON INTERNATIONAL AIRPORT MD US,39.17329,-76.68408,42
6/3/2013 10:00,0,T, ,COOP:180465,BALTIMORE WASHINGTON INTERNATIONAL AIRPORT MD US,39.17329,-76.68408,42
6/3/2013 15:00,0.21, , ,COOP:180465,BALTIMORE WASHINGTON INTERNATIONAL AIRPORT MD US,39.17329,-76.68408,42
6/3/2013 16:00,0,T, ,COOP:180465,BALTIMORE WASHINGTON INTERNATIONAL AIRPORT MD US,39.17329,-76.68408,42
6/6/2013 12:00,0,T, ,COOP:180465,BALTIMORE WASHINGTON INTERNATIONAL AIRPORT MD US,39.17329,-76.68408,42
6/6/2013 13:00,0,T, ,COOP:180465,BALTIMORE WASHINGTON INTERNATIONAL AIRPORT MD US,39.17329,-76.68408,42
6/6/2013 14:00,0,T, ,COOP:180465,BALTIMORE WASHINGTON INTERNATIONAL AIRPORT MD US,39.17329,-76.68408,42
6/6/2013 15:00,0,T, ,COOP:180465,BALTIMORE WASHINGTON INTERNATIONAL AIRPORT MD US,39.17329,-76.68408,42
6/6/2013 18:00,0.01, , ,COOP:180465,BALTIMORE WASHINGTON INTERNATIONAL AIRPORT MD US,39.17329,-76.68408,42
6/6/2013 19:00,0.03, , ,COOP:180465,BALTIMORE WASHINGTON INTERNATIONAL AIRPORT MD US,39.17329,-76.68408,42
6/6/2013 20:00,0.06, , ,COOP:180465,BALTIMORE WASHINGTON INTERNATIONAL AIRPORT MD US,39.17329,-76.68408,42
6/6/2013 21:00,0.05, , ,COOP:180465,BALTIMORE WASHINGTON INTERNATIONAL AIRPORT MD US,39.17329,-76.68408,42
6/7/2013 0:00,0.03, , ,COOP:180465,BALTIMORE WASHINGTON INTERNATIONAL AIRPORT MD US,39.17329,-76.68408,42
6/7/2013 1:00,0.47, , ,COOP:180465,BALTIMORE WASHINGTON INTERNATIONAL AIRPORT MD US,39.17329,-76.68408,42
6/7/2013 2:00,0.37, , ,COOP:180465,BALTIMORE WASHINGTON INTERNATIONAL AIRPORT MD US,39.17329,-76.68408,42
6/7/2013 3:00,0.2, , ,COOP:180465,BALTIMORE WASHINGTON INTERNATIONAL AIRPORT MD US,39.17329,-76.68408,42
6/7/2013 4:00,0.05, , ,COOP:180465,BALTIMORE WASHINGTON INTERNATIONAL AIRPORT MD US,39.17329,-76.68408,42
6/7/2013 5:00,0.07, , ,COOP:180465,BALTIMORE WASHINGTON INTERNATIONAL AIRPORT MD US,39.17329,-76.68408,42
6/7/2013 6:00,0.04, , ,COOP:180465,BALTIMORE WASHINGTON INTERNATIONAL AIRPORT MD US,39.17329,-76.68408,42
6/7/2013 7:00,0.03, , ,COOP:180465,BALTIMORE WASHINGTON INTERNATIONAL AIRPORT MD US,39.17329,-76.68408,42
6/7/2013 8:00,0.04, , ,COOP:180465,BALTIMORE WASHINGTON INTERNATIONAL AIRPORT MD US,39.17329,-76.68408,42
6/7/2013 9:00,0.05, , ,COOP:180465,BALTIMORE WASHINGTON INTERNATIONAL AIRPORT MD US,39.17329,-76.68408,42
6/7/2013 10:00,0.08, , ,COOP:180465,BALTIMORE WASHINGTON INTERNATIONAL AIRPORT MD US,39.17329,-76.68408,42
6/7/2013 11:00,0.03, , ,COOP:180465,BALTIMORE WASHINGTON INTERNATIONAL AIRPORT MD US,39.17329,-76.68408,42
6/7/2013 12:00,0.21, , ,COOP:180465,BALTIMORE WASHINGTON INTERNATIONAL AIRPORT MD US,39.17329,-76.68408,42
6/7/2013 13:00,0.25, , ,COOP:180465,BALTIMORE WASHINGTON INTERNATIONAL AIRPORT MD US,39.17329,-76.68408,42
6/7/2013 14:00,0.09, , ,COOP:180465,BALTIMORE WASHINGTON INTERNATIONAL AIRPORT MD US,39.17329,-76.68408,42
6/7/2013 15:00,0.06, , ,COOP:180465,BALTIMORE WASHINGTON INTERNATIONAL AIRPORT MD US,39.17329,-76.68408,42
6/7/2013 16:00,0.06, , ,COOP:180465,BALTIMORE WASHINGTON INTERNATIONAL AIRPORT MD US,39.17329,-76.68408,42
6/7/2013 17:00,0.07, , ,COOP:180465,BALTIMORE WASHINGTON INTERNATIONAL AIRPORT MD US,39.17329,-76.68408,42
6/7/2013 18:00,0.01, , ,COOP:180465,BALTIMORE WASHINGTON INTERNATIONAL AIRPORT MD US,39.17329,-76.68408,42
6/7/2013 20:00,0,T, ,COOP:180465,BALTIMORE WASHINGTON INTERNATIONAL AIRPORT MD US,39.17329,-76.68408,42
6/7/2013 21:00,0.01, , ,COOP:180465,BALTIMORE WASHINGTON INTERNATIONAL AIRPORT MD US,39.17329,-76.68408,42
6/7/2013 22:00,0.06, , ,COOP:180465,BALTIMORE WASHINGTON INTERNATIONAL AIRPORT MD US,39.17329,-76.68408,42
6/7/2013 23:00,0,T, ,COOP:180465,BALTIMORE WASHINGTON INTERNATIONAL AIRPORT MD US,39.17329,-76.68408,42
6/8/2013 11:00,0,T, ,COOP:180465,BALTIMORE WASHINGTON INTERNATIONAL AIRPORT MD US,39.17329,-76.68408,42
6/8/2013 12:00,0,T, ,COOP:180465,BALTIMORE WASHINGTON INTERNATIONAL AIRPORT MD US,39.17329,-76.68408,42
6/9/2013 3:00,0,T, ,COOP:180465,BALTIMORE WASHINGTON INTERNATIONAL AIRPORT MD US,39.17329,-76.68408,42
6/10/2013 3:00,0.08, , ,COOP:180465,BALTIMORE WASHINGTON INTERNATIONAL AIRPORT MD US,39.17329,-76.68408,42
6/10/2013 4:00,0.12, , ,COOP:180465,BALTIMORE WASHINGTON INTERNATIONAL AIRPORT MD US,39.17329,-76.68408,42
6/10/2013 5:00,0.02, , ,COOP:180465,BALTIMORE WASHINGTON INTERNATIONAL AIRPORT MD US,39.17329,-76.68408,42
6/10/2013 6:00,0,T, ,COOP:180465,BALTIMORE WASHINGTON INTERNATIONAL AIRPORT MD US,39.17329,-76.68408,42
6/10/2013 7:00,0,T, ,COOP:180465,BALTIMORE WASHINGTON INTERNATIONAL AIRPORT MD US,39.17329,-76.68408,42
6/10/2013 8:00,0,T, ,COOP:180465,BALTIMORE WASHINGTON INTERNATIONAL AIRPORT MD US,39.17329,-76.68408,42
6/10/2013 9:00,0.14, , ,COOP:180465,BALTIMORE WASHINGTON INTERNATIONAL AIRPORT MD US,39.17329,-76.68408,42
6/10/2013 10:00,0,T, ,COOP:180465,BALTIMORE WASHINGTON INTERNATIONAL AIRPORT MD US,39.17329,-76.68408,42
6/10/2013 11:00,0,T, ,COOP:180465,BALTIMORE WASHINGTON INTERNATIONAL AIRPORT MD US,39.17329,-76.68408,42
6/10/2013 12:00,0,T, ,COOP:180465,BALTIMORE WASHINGTON INTERNATIONAL AIRPORT MD US,39.17329,-76.68408,42
6/10/2013 13:00,0.02, , ,COOP:180465,BALTIMORE WASHINGTON INTERNATIONAL AIRPORT MD US,39.17329,-76.68408,42
6/10/2013 14:00,0.03, , ,COOP:180465,BALTIMORE WASHINGTON INTERNATIONAL AIRPORT MD US,39.17329,-76.68408,42
6/10/2013 15:00,0.29, , ,COOP:180465,BALTIMORE WASHINGTON INTERNATIONAL AIRPORT MD US,39.17329,-76.68408,42
6/10/2013 16:00,0.01, , ,COOP:180465,BALTIMORE WASHINGTON INTERNATIONAL AIRPORT MD US,39.17329,-76.68408,42
6/10/2013 17:00,0.01, , ,COOP:180465,BALTIMORE WASHINGTON INTERNATIONAL AIRPORT MD US,39.17329,-76.68408,42
6/10/2013 18:00,0,T, ,COOP:180465,BALTIMORE WASHINGTON INTERNATIONAL AIRPORT MD US,39.17329,-76.68408,42
6/10/2013 19:00,0,T, ,COOP:180465,BALTIMORE WASHINGTON INTERNATIONAL AIRPORT MD US,39.17329,-76.68408,42
6/10/2013 20:00,0.39, , ,COOP:180465,BALTIMORE WASHINGTON INTERNATIONAL AIRPORT MD US,39.17329,-76.68408,42
6/10/2013 21:00,0.69, , ,COOP:180465,BALTIMORE WASHINGTON INTERNATIONAL AIRPORT MD US,39.17329,-76.68408,42
6/10/2013 22:00,0,T, ,COOP:180465,BALTIMORE WASHINGTON INTERNATIONAL AIRPORT MD US,39.17329,-76.68408,42
6/12/2013 22:00,0,T, ,COOP:180465,BALTIMORE WASHINGTON INTERNATIONAL AIRPORT MD US,39.17329,-76.68408,42
6/12/2013 23:00,0,T, ,COOP:180465,BALTIMORE WASHINGTON INTERNATIONAL AIRPORT MD US,39.17329,-76.68408,42
6/13/2013 4:00,0,T, ,COOP:180465,BALTIMORE WASHINGTON INTERNATIONAL AIRPORT MD US,39.17329,-76.68408,42
6/13/2013 5:00,0,T, ,COOP:180465,BALTIMORE WASHINGTON INTERNATIONAL AIRPORT MD US,39.17329,-76.68408,42
6/13/2013 9:00,0.49, , ,COOP:180465,BALTIMORE WASHINGTON INTERNATIONAL AIRPORT MD US,39.17329,-76.68408,42
6/13/2013 10:00,0,T, ,COOP:180465,BALTIMORE WASHINGTON INTERNATIONAL AIRPORT MD US,39.17329,-76.68408,42
6/13/2013 11:00,0,T, ,COOP:180465,BALTIMORE WASHINGTON INTERNATIONAL AIRPORT MD US,39.17329,-76.68408,42
6/13/2013 15:00,0,T, ,COOP:180465,BALTIMORE WASHINGTON INTERNATIONAL AIRPORT MD US,39.17329,-76.68408,42
6/13/2013 16:00,0.81, , ,COOP:180465,BALTIMORE WASHINGTON INTERNATIONAL AIRPORT MD US,39.17329,-76.68408,42
6/13/2013 17:00,0,T, ,COOP:180465,BALTIMORE WASHINGTON INTERNATIONAL AIRPORT MD US,39.17329,-76.68408,42
6/14/2013 4:00,0,T, ,COOP:180465,BALTIMORE WASHINGTON INTERNATIONAL AIRPORT MD US,39.17329,-76.68408,42
6/14/2013 5:00,0,T, ,COOP:180465,BALTIMORE WASHINGTON INTERNATIONAL AIRPORT MD US,39.17329,-76.68408,42
6/14/2013 6:00,0,T, ,COOP:180465,BALTIMORE WASHINGTON INTERNATIONAL AIRPORT MD US,39.17329,-76.68408,42
6/14/2013 7:00,0.02, , ,COOP:180465,BALTIMORE WASHINGTON INTERNATIONAL AIRPORT MD US,39.17329,-76.68408,42
6/14/2013 8:00,0.02, , ,COOP:180465,BALTIMORE WASHINGTON INTERNATIONAL AIRPORT MD US,39.17329,-76.68408,42
6/16/2013 13:00,0.01, , ,COOP:180465,BALTIMORE WASHINGTON INTERNATIONAL AIRPORT MD US,39.17329,-76.68408,42
6/16/2013 14:00,0,T, ,COOP:180465,BALTIMORE WASHINGTON INTERNATIONAL AIRPORT MD US,39.17329,-76.68408,42
6/16/2013 15:00,0,T, ,COOP:180465,BALTIMORE WASHINGTON INTERNATIONAL AIRPORT MD US,39.17329,-76.68408,42
6/18/2013 10:00,0,T, ,COOP:180465,BALTIMORE WASHINGTON INTERNATIONAL AIRPORT MD US,39.17329,-76.68408,42
6/18/2013 12:00,0.01, , ,COOP:180465,BALTIMORE WASHINGTON INTERNATIONAL AIRPORT MD US,39.17329,-76.68408,42
6/18/2013 13:00,0,T, ,COOP:180465,BALTIMORE WASHINGTON INTERNATIONAL AIRPORT MD US,39.17329,-76.68408,42
6/18/2013 14:00,0.04, , ,COOP:180465,BALTIMORE WASHINGTON INTERNATIONAL AIRPORT MD US,39.17329,-76.68408,42
6/18/2013 15:00,0.27, , ,COOP:180465,BALTIMORE WASHINGTON INTERNATIONAL AIRPORT MD US,39.17329,-76.68408,42
6/18/2013 16:00,0.03, , ,COOP:180465,BALTIMORE WASHINGTON INTERNATIONAL AIRPORT MD US,39.17329,-76.68408,42
6/18/2013 17:00,0,T, ,COOP:180465,BALTIMORE WASHINGTON INTERNATIONAL AIRPORT MD US,39.17329,-76.68408,42
6/18/2013 18:00,0,T, ,COOP:180465,BALTIMORE WASHINGTON INTERNATIONAL AIRPORT MD US,39.17329,-76.68408,42
6/19/2013 1:00,0,T, ,COOP:180465,BALTIMORE WASHINGTON INTERNATIONAL AIRPORT MD US,39.17329,-76.68408,42
6/19/2013 2:00,0,T, ,COOP:180465,BALTIMORE WASHINGTON INTERNATIONAL AIRPORT MD US,39.17329,-76.68408,42
6/19/2013 3:00,0,T, ,COOP:180465,BALTIMORE WASHINGTON INTERNATIONAL AIRPORT MD US,39.17329,-76.68408,42
6/23/2013 9:00,0,T, ,COOP:180465,BALTIMORE WASHINGTON INTERNATIONAL AIRPORT MD US,39.17329,-76.68408,42
6/23/2013 10:00,0.04, , ,COOP:180465,BALTIMORE WASHINGTON INTERNATIONAL AIRPORT MD US,39.17329,-76.68408,42
6/23/2013 13:00,0,T, ,COOP:180465,BALTIMORE WASHINGTON INTERNATIONAL AIRPORT MD US,39.17329,-76.68408,42
6/24/2013 16:00,0,T, ,COOP:180465,BALTIMORE WASHINGTON INTERNATIONAL AIRPORT MD US,39.17329,-76.68408,42
6/24/2013 17:00,0.02, , ,COOP:180465,BALTIMORE WASHINGTON INTERNATIONAL AIRPORT MD US,39.17329,-76.68408,42
6/25/2013 22:00,0.02, , ,COOP:180465,BALTIMORE WASHINGTON INTERNATIONAL AIRPORT MD US,39.17329,-76.68408,42
6/25/2013 23:00,0.04, , ,COOP:180465,BALTIMORE WASHINGTON INTERNATIONAL AIRPORT MD US,39.17329,-76.68408,42
6/26/2013 17:00,0.24, , ,COOP:180465,BALTIMORE WASHINGTON INTERNATIONAL AIRPORT MD US,39.17329,-76.68408,42
6/26/2013 19:00,0.1, , ,COOP:180465,BALTIMORE WASHINGTON INTERNATIONAL AIRPORT MD US,39.17329,-76.68408,42
6/27/2013 14:00,0,T, ,COOP:180465,BALTIMORE WASHINGTON INTERNATIONAL AIRPORT MD US,39.17329,-76.68408,42
6/27/2013 15:00,0.43, , ,COOP:180465,BALTIMORE WASHINGTON INTERNATIONAL AIRPORT MD US,39.17329,-76.68408,42
6/27/2013 16:00,0,T, ,COOP:180465,BALTIMORE WASHINGTON INTERNATIONAL AIRPORT MD US,39.17329,-76.68408,42
6/27/2013 21:00,0.09, , ,COOP:180465,BALTIMORE WASHINGTON INTERNATIONAL AIRPORT MD US,39.17329,-76.68408,42
6/27/2013 22:00,0.14, , ,COOP:180465,BALTIMORE WASHINGTON INTERNATIONAL AIRPORT MD US,39.17329,-76.68408,42
6/28/2013 15:00,0.01, , ,COOP:180465,BALTIMORE WASHINGTON INTERNATIONAL AIRPORT MD US,39.17329,-76.68408,42
6/28/2013 16:00,0.01, , ,COOP:180465,BALTIMORE WASHINGTON INTERNATIONAL AIRPORT MD US,39.17329,-76.68408,42
6/28/2013 17:00,0,T, ,COOP:180465,BALTIMORE WASHINGTON INTERNATIONAL AIRPORT MD US,39.17329,-76.68408,42
6/28/2013 18:00,0,T, ,COOP:180465,BALTIMORE WASHINGTON INTERNATIONAL AIRPORT MD US,39.17329,-76.68408,42
6/28/2013 23:00,0,T, ,COOP:180465,BALTIMORE WASHINGTON INTERNATIONAL AIRPORT MD US,39.17329,-76.68408,42
6/29/2013 0:00,0,T, ,COOP:180465,BALTIMORE WASHINGTON INTERNATIONAL AIRPORT MD US,39.17329,-76.68408,42
6/30/2013 11:00,0,T, ,COOP:180465,BALTIMORE WASHINGTON INTERNATIONAL AIRPORT MD US,39.17329,-76.68408,42
6/30/2013 12:00,0.02, , ,COOP:180465,BALTIMORE WASHINGTON INTERNATIONAL AIRPORT MD US,39.17329,-76.68408,42
6/30/2013 15:00,0.01, , ,COOP:180465,BALTIMORE WASHINGTON INTERNATIONAL AIRPORT MD US,39.17329,-76.68408,42
6/30/2013 16:00,0.03, , ,COOP:180465,BALTIMORE WASHINGTON INTERNATIONAL AIRPORT MD US,39.17329,-76.68408,42
6/30/2013 17:00,0,T, ,COOP:180465,BALTIMORE WASHINGTON INTERNATIONAL AIRPORT MD US,39.17329,-76.68408,42
7/1/2013 1:00,0,g, ,COOP:180465,BALTIMORE WASHINGTON INTERNATIONAL AIRPORT MD US,39.17329,-76.68408,42
7/1/2013 2:00,0,T, ,COOP:180465,BALTIMORE WASHINGTON INTERNATIONAL AIRPORT MD US,39.17329,-76.68408,42
7/1/2013 4:00,0,T, ,COOP:180465,BALTIMORE WASHINGTON INTERNATIONAL AIRPORT MD US,39.17329,-76.68408,42
7/1/2013 11:00,0.25, , ,COOP:180465,BALTIMORE WASHINGTON INTERNATIONAL AIRPORT MD US,39.17329,-76.68408,42
7/1/2013 12:00,0,T, ,COOP:180465,BALTIMORE WASHINGTON INTERNATIONAL AIRPORT MD US,39.17329,-76.68408,42
7/1/2013 13:00,0.01, , ,COOP:180465,BALTIMORE WASHINGTON INTERNATIONAL AIRPORT MD US,39.17329,-76.68408,42
7/2/2013 6:00,0,T, ,COOP:180465,BALTIMORE WASHINGTON INTERNATIONAL AIRPORT MD US,39.17329,-76.68408,42
7/2/2013 7:00,0,T, ,COOP:180465,BALTIMORE WASHINGTON INTERNATIONAL AIRPORT MD US,39.17329,-76.68408,42
7/2/2013 8:00,0,T, ,COOP:180465,BALTIMORE WASHINGTON INTERNATIONAL AIRPORT MD US,39.17329,-76.68408,42
7/2/2013 9:00,0,T, ,COOP:180465,BALTIMORE WASHINGTON INTERNATIONAL AIRPORT MD US,39.17329,-76.68408,42
7/2/2013 10:00,0,T, ,COOP:180465,BALTIMORE WASHINGTON INTERNATIONAL AIRPORT MD US,39.17329,-76.68408,42
7/2/2013 15:00,0.05, , ,COOP:180465,BALTIMORE WASHINGTON INTERNATIONAL AIRPORT MD US,39.17329,-76.68408,42
7/2/2013 16:00,0,T, ,COOP:180465,BALTIMORE WASHINGTON INTERNATIONAL AIRPORT MD US,39.17329,-76.68408,42
7/2/2013 19:00,0,T, ,COOP:180465,BALTIMORE WASHINGTON INTERNATIONAL AIRPORT MD US,39.17329,-76.68408,42
7/3/2013 0:00,0,T, ,COOP:180465,BALTIMORE WASHINGTON INTERNATIONAL AIRPORT MD US,39.17329,-76.68408,42
7/3/2013 1:00,0,T, ,COOP:180465,BALTIMORE WASHINGTON INTERNATIONAL AIRPORT MD US,39.17329,-76.68408,42
7/3/2013 2:00,0,T, ,COOP:180465,BALTIMORE WASHINGTON INTERNATIONAL AIRPORT MD US,39.17329,-76.68408,42
7/3/2013 3:00,0,T, ,COOP:180465,BALTIMORE WASHINGTON INTERNATIONAL AIRPORT MD US,39.17329,-76.68408,42
7/3/2013 4:00,0,T, ,COOP:180465,BALTIMORE WASHINGTON INTERNATIONAL AIRPORT MD US,39.17329,-76.68408,42
7/3/2013 5:00,0.01, , ,COOP:180465,BALTIMORE WASHINGTON INTERNATIONAL AIRPORT MD US,39.17329,-76.68408,42
7/3/2013 6:00,0,T, ,COOP:180465,BALTIMORE WASHINGTON INTERNATIONAL AIRPORT MD US,39.17329,-76.68408,42
7/3/2013 8:00,0.02, , ,COOP:180465,BALTIMORE WASHINGTON INTERNATIONAL AIRPORT MD US,39.17329,-76.68408,42
7/3/2013 9:00,0.54, , ,COOP:180465,BALTIMORE WASHINGTON INTERNATIONAL AIRPORT MD US,39.17329,-76.68408,42
7/3/2013 10:00,0.02, , ,COOP:180465,BALTIMORE WASHINGTON INTERNATIONAL AIRPORT MD US,39.17329,-76.68408,42
7/3/2013 11:00,0,T, ,COOP:180465,BALTIMORE WASHINGTON INTERNATIONAL AIRPORT MD US,39.17329,-76.68408,42
7/4/2013 12:00,0,T, ,COOP:180465,BALTIMORE WASHINGTON INTERNATIONAL AIRPORT MD US,39.17329,-76.68408,42
7/4/2013 13:00,0,T, ,COOP:180465,BALTIMORE WASHINGTON INTERNATIONAL AIRPORT MD US,39.17329,-76.68408,42
7/7/2013 18:00,0.1, , ,COOP:180465,BALTIMORE WASHINGTON INTERNATIONAL AIRPORT MD US,39.17329,-76.68408,42
7/7/2013 20:00,0,T, ,COOP:180465,BALTIMORE WASHINGTON INTERNATIONAL AIRPORT MD US,39.17329,-76.68408,42
7/7/2013 21:00,0.01, , ,COOP:180465,BALTIMORE WASHINGTON INTERNATIONAL AIRPORT MD US,39.17329,-76.68408,42
7/8/2013 3:00,0,T, ,COOP:180465,BALTIMORE WASHINGTON INTERNATIONAL AIRPORT MD US,39.17329,-76.68408,42
7/8/2013 4:00,0,T, ,COOP:180465,BALTIMORE WASHINGTON INTERNATIONAL AIRPORT MD US,39.17329,-76.68408,42
7/8/2013 5:00,0.01, , ,COOP:180465,BALTIMORE WASHINGTON INTERNATIONAL AIRPORT MD US,39.17329,-76.68408,42
7/9/2013 10:00,0,T, ,COOP:180465,BALTIMORE WASHINGTON INTERNATIONAL AIRPORT MD US,39.17329,-76.68408,42
7/9/2013 11:00,0,T, ,COOP:180465,BALTIMORE WASHINGTON INTERNATIONAL AIRPORT MD US,39.17329,-76.68408,42
7/9/2013 12:00,0,T, ,COOP:180465,BALTIMORE WASHINGTON INTERNATIONAL AIRPORT MD US,39.17329,-76.68408,42
7/9/2013 15:00,0,T, ,COOP:180465,BALTIMORE WASHINGTON INTERNATIONAL AIRPORT MD US,39.17329,-76.68408,42
7/9/2013 16:00,0,T, ,COOP:180465,BALTIMORE WASHINGTON INTERNATIONAL AIRPORT MD US,39.17329,-76.68408,42
7/10/2013 9:00,0,T, ,COOP:180465,BALTIMORE WASHINGTON INTERNATIONAL AIRPORT MD US,39.17329,-76.68408,42
7/10/2013 10:00,0,T, ,COOP:180465,BALTIMORE WASHINGTON INTERNATIONAL AIRPORT MD US,39.17329,-76.68408,42
7/10/2013 11:00,0,T, ,COOP:180465,BALTIMORE WASHINGTON INTERNATIONAL AIRPORT MD US,39.17329,-76.68408,42
7/10/2013 13:00,0,T, ,COOP:180465,BALTIMORE WASHINGTON INTERNATIONAL AIRPORT MD US,39.17329,-76.68408,42
7/10/2013 21:00,0,T, ,COOP:180465,BALTIMORE WASHINGTON INTERNATIONAL AIRPORT MD US,39.17329,-76.68408,42
7/11/2013 0:00,0,T, ,COOP:180465,BALTIMORE WASHINGTON INTERNATIONAL AIRPORT MD US,39.17329,-76.68408,42
7/11/2013 1:00,0.06, , ,COOP:180465,BALTIMORE WASHINGTON INTERNATIONAL AIRPORT MD US,39.17329,-76.68408,42
7/11/2013 3:00,0,T, ,COOP:180465,BALTIMORE WASHINGTON INTERNATIONAL AIRPORT MD US,39.17329,-76.68408,42
7/11/2013 4:00,0,T, ,COOP:180465,BALTIMORE WASHINGTON INTERNATIONAL AIRPORT MD US,39.17329,-76.68408,42
7/11/2013 5:00,0.06, , ,COOP:180465,BALTIMORE WASHINGTON INTERNATIONAL AIRPORT MD US,39.17329,-76.68408,42
7/11/2013 6:00,0.08, , ,COOP:180465,BALTIMORE WASHINGTON INTERNATIONAL AIRPORT MD US,39.17329,-76.68408,42
7/11/2013 8:00,0,T, ,COOP:180465,BALTIMORE WASHINGTON INTERNATIONAL AIRPORT MD US,39.17329,-76.68408,42
7/11/2013 22:00,0.02, , ,COOP:180465,BALTIMORE WASHINGTON INTERNATIONAL AIRPORT MD US,39.17329,-76.68408,42
7/11/2013 23:00,0,T, ,COOP:180465,BALTIMORE WASHINGTON INTERNATIONAL AIRPORT MD US,39.17329,-76.68408,42
7/12/2013 2:00,0,T, ,COOP:180465,BALTIMORE WASHINGTON INTERNATIONAL AIRPORT MD US,39.17329,-76.68408,42
7/12/2013 3:00,0,T, ,COOP:180465,BALTIMORE WASHINGTON INTERNATIONAL AIRPORT MD US,39.17329,-76.68408,42
7/12/2013 4:00,0,T, ,COOP:180465,BALTIMORE WASHINGTON INTERNATIONAL AIRPORT MD US,39.17329,-76.68408,42
7/12/2013 5:00,0.1, , ,COOP:180465,BALTIMORE WASHINGTON INTERNATIONAL AIRPORT MD US,39.17329,-76.68408,42
7/12/2013 6:00,0.12, , ,COOP:180465,BALTIMORE WASHINGTON INTERNATIONAL AIRPORT MD US,39.17329,-76.68408,42
7/12/2013 7:00,0.09, , ,COOP:180465,BALTIMORE WASHINGTON INTERNATIONAL AIRPORT MD US,39.17329,-76.68408,42
7/12/2013 8:00,0.05, , ,COOP:180465,BALTIMORE WASHINGTON INTERNATIONAL AIRPORT MD US,39.17329,-76.68408,42
7/12/2013 9:00,0.07, , ,COOP:180465,BALTIMORE WASHINGTON INTERNATIONAL AIRPORT MD US,39.17329,-76.68408,42
7/12/2013 10:00,0.01, , ,COOP:180465,BALTIMORE WASHINGTON INTERNATIONAL AIRPORT MD US,39.17329,-76.68408,42
7/12/2013 11:00,0.03, , ,COOP:180465,BALTIMORE WASHINGTON INTERNATIONAL AIRPORT MD US,39.17329,-76.68408,42
7/12/2013 12:00,0.03, , ,COOP:180465,BALTIMORE WASHINGTON INTERNATIONAL AIRPORT MD US,39.17329,-76.68408,42
7/12/2013 13:00,0,T, ,COOP:180465,BALTIMORE WASHINGTON INTERNATIONAL AIRPORT MD US,39.17329,-76.68408,42
7/12/2013 14:00,0.01, , ,COOP:180465,BALTIMORE WASHINGTON INTERNATIONAL AIRPORT MD US,39.17329,-76.68408,42
7/12/2013 15:00,0.07, , ,COOP:180465,BALTIMORE WASHINGTON INTERNATIONAL AIRPORT MD US,39.17329,-76.68408,42
7/12/2013 16:00,0.07, , ,COOP:180465,BALTIMORE WASHINGTON INTERNATIONAL AIRPORT MD US,39.17329,-76.68408,42
7/12/2013 17:00,0,T, ,COOP:180465,BALTIMORE WASHINGTON INTERNATIONAL AIRPORT MD US,39.17329,-76.68408,42
7/12/2013 18:00,0,T, ,COOP:180465,BALTIMORE WASHINGTON INTERNATIONAL AIRPORT MD US,39.17329,-76.68408,42
7/12/2013 19:00,0,T, ,COOP:180465,BALTIMORE WASHINGTON INTERNATIONAL AIRPORT MD US,39.17329,-76.68408,42
7/12/2013 20:00,0,T, ,COOP:180465,BALTIMORE WASHINGTON INTERNATIONAL AIRPORT MD US,39.17329,-76.68408,42
7/12/2013 23:00,0,T, ,COOP:180465,BALTIMORE WASHINGTON INTERNATIONAL AIRPORT MD US,39.17329,-76.68408,42
7/13/2013 0:00,0.01, , ,COOP:180465,BALTIMORE WASHINGTON INTERNATIONAL AIRPORT MD US,39.17329,-76.68408,42
7/13/2013 1:00,0,T, ,COOP:180465,BALTIMORE WASHINGTON INTERNATIONAL AIRPORT MD US,39.17329,-76.68408,42
7/13/2013 2:00,0,T, ,COOP:180465,BALTIMORE WASHINGTON INTERNATIONAL AIRPORT MD US,39.17329,-76.68408,42
7/13/2013 3:00,0,T, ,COOP:180465,BALTIMORE WASHINGTON INTERNATIONAL AIRPORT MD US,39.17329,-76.68408,42
7/13/2013 18:00,0,T, ,COOP:180465,BALTIMORE WASHINGTON INTERNATIONAL AIRPORT MD US,39.17329,-76.68408,42
7/13/2013 20:00,0.22, , ,COOP:180465,BALTIMORE WASHINGTON INTERNATIONAL AIRPORT MD US,39.17329,-76.68408,42
7/13/2013 21:00,0.09, , ,COOP:180465,BALTIMORE WASHINGTON INTERNATIONAL AIRPORT MD US,39.17329,-76.68408,42
7/18/2013 17:00,0,T, ,COOP:180465,BALTIMORE WASHINGTON INTERNATIONAL AIRPORT MD US,39.17329,-76.68408,42
7/19/2013 15:00,0,T, ,COOP:180465,BALTIMORE WASHINGTON INTERNATIONAL AIRPORT MD US,39.17329,-76.68408,42
7/19/2013 17:00,0.1, , ,COOP:180465,BALTIMORE WASHINGTON INTERNATIONAL AIRPORT MD US,39.17329,-76.68408,42
7/19/2013 18:00,0.27, , ,COOP:180465,BALTIMORE WASHINGTON INTERNATIONAL AIRPORT MD US,39.17329,-76.68408,42
7/19/2013 19:00,0.01, , ,COOP:180465,BALTIMORE WASHINGTON INTERNATIONAL AIRPORT MD US,39.17329,-76.68408,42
7/20/2013 21:00,0,T, ,COOP:180465,BALTIMORE WASHINGTON INTERNATIONAL AIRPORT MD US,39.17329,-76.68408,42
7/21/2013 17:00,0,T, ,COOP:180465,BALTIMORE WASHINGTON INTERNATIONAL AIRPORT MD US,39.17329,-76.68408,42
7/21/2013 18:00,0,T, ,COOP:180465,BALTIMORE WASHINGTON INTERNATIONAL AIRPORT MD US,39.17329,-76.68408,42
7/22/2013 9:00,0,T, ,COOP:180465,BALTIMORE WASHINGTON INTERNATIONAL AIRPORT MD US,39.17329,-76.68408,42
7/22/2013 16:00,0,T, ,COOP:180465,BALTIMORE WASHINGTON INTERNATIONAL AIRPORT MD US,39.17329,-76.68408,42
7/22/2013 17:00,0,T, ,COOP:180465,BALTIMORE WASHINGTON INTERNATIONAL AIRPORT MD US,39.17329,-76.68408,42
7/22/2013 22:00,0,T, ,COOP:180465,BALTIMORE WASHINGTON INTERNATIONAL AIRPORT MD US,39.17329,-76.68408,42
7/22/2013 23:00,0,T, ,COOP:180465,BALTIMORE WASHINGTON INTERNATIONAL AIRPORT MD US,39.17329,-76.68408,42
7/23/2013 0:00,0.07, , ,COOP:180465,BALTIMORE WASHINGTON INTERNATIONAL AIRPORT MD US,39.17329,-76.68408,42
7/23/2013 1:00,0.06, , ,COOP:180465,BALTIMORE WASHINGTON INTERNATIONAL AIRPORT MD US,39.17329,-76.68408,42
7/27/2013 18:00,0.05, , ,COOP:180465,BALTIMORE WASHINGTON INTERNATIONAL AIRPORT MD US,39.17329,-76.68408,42
7/27/2013 19:00,0,T, ,COOP:180465,BALTIMORE WASHINGTON INTERNATIONAL AIRPORT MD US,39.17329,-76.68408,42
7/27/2013 21:00,0,T, ,COOP:180465,BALTIMORE WASHINGTON INTERNATIONAL AIRPORT MD US,39.17329,-76.68408,42
7/28/2013 0:00,0,T, ,COOP:180465,BALTIMORE WASHINGTON INTERNATIONAL AIRPORT MD US,39.17329,-76.68408,42
7/28/2013 3:00,0,T, ,COOP:180465,BALTIMORE WASHINGTON INTERNATIONAL AIRPORT MD US,39.17329,-76.68408,42
7/29/2013 0:00,0,T, ,COOP:180465,BALTIMORE WASHINGTON INTERNATIONAL AIRPORT MD US,39.17329,-76.68408,42
8/1/2013 1:00,0,g, ,COOP:180465,BALTIMORE WASHINGTON INTERNATIONAL AIRPORT MD US,39.17329,-76.68408,42
8/1/2013 2:00,0.04, , ,COOP:180465,BALTIMORE WASHINGTON INTERNATIONAL AIRPORT MD US,39.17329,-76.68408,42
8/1/2013 3:00,0.04, , ,COOP:180465,BALTIMORE WASHINGTON INTERNATIONAL AIRPORT MD US,39.17329,-76.68408,42
8/1/2013 4:00,0.17, , ,COOP:180465,BALTIMORE WASHINGTON INTERNATIONAL AIRPORT MD US,39.17329,-76.68408,42
8/1/2013 5:00,0.06, , ,COOP:180465,BALTIMORE WASHINGTON INTERNATIONAL AIRPORT MD US,39.17329,-76.68408,42
8/1/2013 6:00,0.02, , ,COOP:180465,BALTIMORE WASHINGTON INTERNATIONAL AIRPORT MD US,39.17329,-76.68408,42
8/1/2013 7:00,0.03, , ,COOP:180465,BALTIMORE WASHINGTON INTERNATIONAL AIRPORT MD US,39.17329,-76.68408,42
8/1/2013 8:00,0,T, ,COOP:180465,BALTIMORE WASHINGTON INTERNATIONAL AIRPORT MD US,39.17329,-76.68408,42
8/1/2013 10:00,0.01, , ,COOP:180465,BALTIMORE WASHINGTON INTERNATIONAL AIRPORT MD US,39.17329,-76.68408,42
8/1/2013 14:00,0.01, , ,COOP:180465,BALTIMORE WASHINGTON INTERNATIONAL AIRPORT MD US,39.17329,-76.68408,42
8/3/2013 9:00,0.01, , ,COOP:180465,BALTIMORE WASHINGTON INTERNATIONAL AIRPORT MD US,39.17329,-76.68408,42
8/3/2013 12:00,0,T, ,COOP:180465,BALTIMORE WASHINGTON INTERNATIONAL AIRPORT MD US,39.17329,-76.68408,42
8/3/2013 13:00,0.01, , ,COOP:180465,BALTIMORE WASHINGTON INTERNATIONAL AIRPORT MD US,39.17329,-76.68408,42
8/3/2013 14:00,0.01, , ,COOP:180465,BALTIMORE WASHINGTON INTERNATIONAL AIRPORT MD US,39.17329,-76.68408,42
8/3/2013 15:00,0,T, ,COOP:180465,BALTIMORE WASHINGTON INTERNATIONAL AIRPORT MD US,39.17329,-76.68408,42
8/3/2013 16:00,0,T, ,COOP:180465,BALTIMORE WASHINGTON INTERNATIONAL AIRPORT MD US,39.17329,-76.68408,42
8/3/2013 18:00,0,T, ,COOP:180465,BALTIMORE WASHINGTON INTERNATIONAL AIRPORT MD US,39.17329,-76.68408,42
8/3/2013 19:00,0,T, ,COOP:180465,BALTIMORE WASHINGTON INTERNATIONAL AIRPORT MD US,39.17329,-76.68408,42
8/3/2013 20:00,0,T, ,COOP:180465,BALTIMORE WASHINGTON INTERNATIONAL AIRPORT MD US,39.17329,-76.68408,42
8/3/2013 21:00,0,T, ,COOP:180465,BALTIMORE WASHINGTON INTERNATIONAL AIRPORT MD US,39.17329,-76.68408,42
8/6/2013 6:00,0,T, ,COOP:180465,BALTIMORE WASHINGTON INTERNATIONAL AIRPORT MD US,39.17329,-76.68408,42
8/6/2013 7:00,0,T, ,COOP:180465,BALTIMORE WASHINGTON INTERNATIONAL AIRPORT MD US,39.17329,-76.68408,42
8/6/2013 8:00,0,T, ,COOP:180465,BALTIMORE WASHINGTON INTERNATIONAL AIRPORT MD US,39.17329,-76.68408,42
8/6/2013 9:00,0.08, , ,COOP:180465,BALTIMORE WASHINGTON INTERNATIONAL AIRPORT MD US,39.17329,-76.68408,42
8/6/2013 10:00,0,T, ,COOP:180465,BALTIMORE WASHINGTON INTERNATIONAL AIRPORT MD US,39.17329,-76.68408,42
8/6/2013 11:00,0.04, , ,COOP:180465,BALTIMORE WASHINGTON INTERNATIONAL AIRPORT MD US,39.17329,-76.68408,42
8/6/2013 12:00,0.01, , ,COOP:180465,BALTIMORE WASHINGTON INTERNATIONAL AIRPORT MD US,39.17329,-76.68408,42
8/7/2013 16:00,0.01, , ,COOP:180465,BALTIMORE WASHINGTON INTERNATIONAL AIRPORT MD US,39.17329,-76.68408,42
8/7/2013 20:00,0.01, , ,COOP:180465,BALTIMORE WASHINGTON INTERNATIONAL AIRPORT MD US,39.17329,-76.68408,42
8/7/2013 21:00,0,T, ,COOP:180465,BALTIMORE WASHINGTON INTERNATIONAL AIRPORT MD US,39.17329,-76.68408,42
8/7/2013 22:00,0.06, , ,COOP:180465,BALTIMORE WASHINGTON INTERNATIONAL AIRPORT MD US,39.17329,-76.68408,42
8/8/2013 0:00,0.02, , ,COOP:180465,BALTIMORE WASHINGTON INTERNATIONAL AIRPORT MD US,39.17329,-76.68408,42
8/8/2013 1:00,0.05, , ,COOP:180465,BALTIMORE WASHINGTON INTERNATIONAL AIRPORT MD US,39.17329,-76.68408,42
8/8/2013 2:00,0.01, , ,COOP:180465,BALTIMORE WASHINGTON INTERNATIONAL AIRPORT MD US,39.17329,-76.68408,42
8/8/2013 14:00,0,T, ,COOP:180465,BALTIMORE WASHINGTON INTERNATIONAL AIRPORT MD US,39.17329,-76.68408,42
8/8/2013 17:00,0,T, ,COOP:180465,BALTIMORE WASHINGTON INTERNATIONAL AIRPORT MD US,39.17329,-76.68408,42
8/8/2013 18:00,0.02, , ,COOP:180465,BALTIMORE WASHINGTON INTERNATIONAL AIRPORT MD US,39.17329,-76.68408,42
8/8/2013 19:00,0,T, ,COOP:180465,BALTIMORE WASHINGTON INTERNATIONAL AIRPORT MD US,39.17329,-76.68408,42
8/8/2013 22:00,0,T, ,COOP:180465,BALTIMORE WASHINGTON INTERNATIONAL AIRPORT MD US,39.17329,-76.68408,42
8/9/2013 16:00,0.01, , ,COOP:180465,BALTIMORE WASHINGTON INTERNATIONAL AIRPORT MD US,39.17329,-76.68408,42
8/9/2013 17:00,0,T, ,COOP:180465,BALTIMORE WASHINGTON INTERNATIONAL AIRPORT MD US,39.17329,-76.68408,42
8/10/2013 2:00,0.01, , ,COOP:180465,BALTIMORE WASHINGTON INTERNATIONAL AIRPORT MD US,39.17329,-76.68408,42
8/13/2013 5:00,0.01, , ,COOP:180465,BALTIMORE WASHINGTON INTERNATIONAL AIRPORT MD US,39.17329,-76.68408,42
8/13/2013 7:00,0,T, ,COOP:180465,BALTIMORE WASHINGTON INTERNATIONAL AIRPORT MD US,39.17329,-76.68408,42
8/13/2013 8:00,0.3, , ,COOP:180465,BALTIMORE WASHINGTON INTERNATIONAL AIRPORT MD US,39.17329,-76.68408,42
8/13/2013 9:00,0,T, ,COOP:180465,BALTIMORE WASHINGTON INTERNATIONAL AIRPORT MD US,39.17329,-76.68408,42
8/13/2013 20:00,0.01, , ,COOP:180465,BALTIMORE WASHINGTON INTERNATIONAL AIRPORT MD US,39.17329,-76.68408,42
8/13/2013 21:00,0.01, , ,COOP:180465,BALTIMORE WASHINGTON INTERNATIONAL AIRPORT MD US,39.17329,-76.68408,42
8/13/2013 22:00,0,T, ,COOP:180465,BALTIMORE WASHINGTON INTERNATIONAL AIRPORT MD US,39.17329,-76.68408,42
8/18/2013 1:00,0,T, ,COOP:180465,BALTIMORE WASHINGTON INTERNATIONAL AIRPORT MD US,39.17329,-76.68408,42
8/18/2013 2:00,0,T, ,COOP:180465,BALTIMORE WASHINGTON INTERNATIONAL AIRPORT MD US,39.17329,-76.68408,42
8/18/2013 3:00,0,T, ,COOP:180465,BALTIMORE WASHINGTON INTERNATIONAL AIRPORT MD US,39.17329,-76.68408,42
8/18/2013 4:00,0,T, ,COOP:180465,BALTIMORE WASHINGTON INTERNATIONAL AIRPORT MD US,39.17329,-76.68408,42
8/18/2013 6:00,0.01, , ,COOP:180465,BALTIMORE WASHINGTON INTERNATIONAL AIRPORT MD US,39.17329,-76.68408,42
8/18/2013 7:00,0.01, , ,COOP:180465,BALTIMORE WASHINGTON INTERNATIONAL AIRPORT MD US,39.17329,-76.68408,42
8/18/2013 10:00,0,T, ,COOP:180465,BALTIMORE WASHINGTON INTERNATIONAL AIRPORT MD US,39.17329,-76.68408,42
8/18/2013 12:00,0,T, ,COOP:180465,BALTIMORE WASHINGTON INTERNATIONAL AIRPORT MD US,39.17329,-76.68408,42
8/18/2013 13:00,0,T, ,COOP:180465,BALTIMORE WASHINGTON INTERNATIONAL AIRPORT MD US,39.17329,-76.68408,42
8/18/2013 14:00,0,T, ,COOP:180465,BALTIMORE WASHINGTON INTERNATIONAL AIRPORT MD US,39.17329,-76.68408,42
8/21/2013 21:00,0,T, ,COOP:180465,BALTIMORE WASHINGTON INTERNATIONAL AIRPORT MD US,39.17329,-76.68408,42
8/21/2013 22:00,0.01, , ,COOP:180465,BALTIMORE WASHINGTON INTERNATIONAL AIRPORT MD US,39.17329,-76.68408,42
8/21/2013 23:00,0,T, ,COOP:180465,BALTIMORE WASHINGTON INTERNATIONAL AIRPORT MD US,39.17329,-76.68408,42
8/22/2013 0:00,0,T, ,COOP:180465,BALTIMORE WASHINGTON INTERNATIONAL AIRPORT MD US,39.17329,-76.68408,42
8/23/2013 12:00,0,T, ,COOP:180465,BALTIMORE WASHINGTON INTERNATIONAL AIRPORT MD US,39.17329,-76.68408,42
8/23/2013 13:00,0,T, ,COOP:180465,BALTIMORE WASHINGTON INTERNATIONAL AIRPORT MD US,39.17329,-76.68408,42
8/23/2013 14:00,0,T, ,COOP:180465,BALTIMORE WASHINGTON INTERNATIONAL AIRPORT MD US,39.17329,-76.68408,42
8/23/2013 15:00,0,T, ,COOP:180465,BALTIMORE WASHINGTON INTERNATIONAL AIRPORT MD US,39.17329,-76.68408,42
8/23/2013 16:00,0,T, ,COOP:180465,BALTIMORE WASHINGTON INTERNATIONAL AIRPORT MD US,39.17329,-76.68408,42
8/23/2013 17:00,0.01, , ,COOP:180465,BALTIMORE WASHINGTON INTERNATIONAL AIRPORT MD US,39.17329,-76.68408,42
8/23/2013 18:00,0.01, , ,COOP:180465,BALTIMORE WASHINGTON INTERNATIONAL AIRPORT MD US,39.17329,-76.68408,42
8/27/2013 2:00,0,T, ,COOP:180465,BALTIMORE WASHINGTON INTERNATIONAL AIRPORT MD US,39.17329,-76.68408,42
8/27/2013 3:00,0,T, ,COOP:180465,BALTIMORE WASHINGTON INTERNATIONAL AIRPORT MD US,39.17329,-76.68408,42
8/27/2013 7:00,0,T, ,COOP:180465,BALTIMORE WASHINGTON INTERNATIONAL AIRPORT MD US,39.17329,-76.68408,42
8/27/2013 8:00,0,T, ,COOP:180465,BALTIMORE WASHINGTON INTERNATIONAL AIRPORT MD US,39.17329,-76.68408,42
8/28/2013 7:00,0,T, ,COOP:180465,BALTIMORE WASHINGTON INTERNATIONAL AIRPORT MD US,39.17329,-76.68408,42
8/28/2013 8:00,0,T, ,COOP:180465,BALTIMORE WASHINGTON INTERNATIONAL AIRPORT MD US,39.17329,-76.68408,42
8/28/2013 9:00,0.01, , ,COOP:180465,BALTIMORE WASHINGTON INTERNATIONAL AIRPORT MD US,39.17329,-76.68408,42
8/28/2013 10:00,0,T, ,COOP:180465,BALTIMORE WASHINGTON INTERNATIONAL AIRPORT MD US,39.17329,-76.68408,42
8/28/2013 13:00,0,T, ,COOP:180465,BALTIMORE WASHINGTON INTERNATIONAL AIRPORT MD US,39.17329,-76.68408,42
8/28/2013 14:00,0,T, ,COOP:180465,BALTIMORE WASHINGTON INTERNATIONAL AIRPORT MD US,39.17329,-76.68408,42
8/28/2013 15:00,0,T, ,COOP:180465,BALTIMORE WASHINGTON INTERNATIONAL AIRPORT MD US,39.17329,-76.68408,42
8/28/2013 20:00,0,T, ,COOP:180465,BALTIMORE WASHINGTON INTERNATIONAL AIRPORT MD US,39.17329,-76.68408,42
8/29/2013 1:00,0,T, ,COOP:180465,BALTIMORE WASHINGTON INTERNATIONAL AIRPORT MD US,39.17329,-76.68408,42
8/29/2013 2:00,0,T, ,COOP:180465,BALTIMORE WASHINGTON INTERNATIONAL AIRPORT MD US,39.17329,-76.68408,42
9/1/2013 1:00,0,g, ,COOP:180465,BALTIMORE WASHINGTON INTERNATIONAL AIRPORT MD US,39.17329,-76.68408,42
9/1/2013 23:00,0,T, ,COOP:180465,BALTIMORE WASHINGTON INTERNATIONAL AIRPORT MD US,39.17329,-76.68408,42
9/2/2013 2:00,0,T, ,COOP:180465,BALTIMORE WASHINGTON INTERNATIONAL AIRPORT MD US,39.17329,-76.68408,42
9/2/2013 3:00,0.01, , ,COOP:180465,BALTIMORE WASHINGTON INTERNATIONAL AIRPORT MD US,39.17329,-76.68408,42
9/2/2013 4:00,0,T, ,COOP:180465,BALTIMORE WASHINGTON INTERNATIONAL AIRPORT MD US,39.17329,-76.68408,42
9/3/2013 3:00,0,T, ,COOP:180465,BALTIMORE WASHINGTON INTERNATIONAL AIRPORT MD US,39.17329,-76.68408,42
9/8/2013 3:00,0,T, ,COOP:180465,BALTIMORE WASHINGTON INTERNATIONAL AIRPORT MD US,39.17329,-76.68408,42
9/8/2013 4:00,0.01, , ,COOP:180465,BALTIMORE WASHINGTON INTERNATIONAL AIRPORT MD US,39.17329,-76.68408,42
9/8/2013 6:00,0,T, ,COOP:180465,BALTIMORE WASHINGTON INTERNATIONAL AIRPORT MD US,39.17329,-76.68408,42
9/12/2013 12:00,0,T, ,COOP:180465,BALTIMORE WASHINGTON INTERNATIONAL AIRPORT MD US,39.17329,-76.68408,42
9/12/2013 13:00,0.56, , ,COOP:180465,BALTIMORE WASHINGTON INTERNATIONAL AIRPORT MD US,39.17329,-76.68408,42
9/12/2013 14:00,0.03, , ,COOP:180465,BALTIMORE WASHINGTON INTERNATIONAL AIRPORT MD US,39.17329,-76.68408,42
9/12/2013 15:00,0,T, ,COOP:180465,BALTIMORE WASHINGTON INTERNATIONAL AIRPORT MD US,39.17329,-76.68408,42
9/12/2013 17:00,0.01, , ,COOP:180465,BALTIMORE WASHINGTON INTERNATIONAL AIRPORT MD US,39.17329,-76.68408,42
9/12/2013 18:00,0.02, , ,COOP:180465,BALTIMORE WASHINGTON INTERNATIONAL AIRPORT MD US,39.17329,-76.68408,42
9/12/2013 19:00,0.03, , ,COOP:180465,BALTIMORE WASHINGTON INTERNATIONAL AIRPORT MD US,39.17329,-76.68408,42
9/13/2013 8:00,0,T, ,COOP:180465,BALTIMORE WASHINGTON INTERNATIONAL AIRPORT MD US,39.17329,-76.68408,42
9/13/2013 9:00,0,T, ,COOP:180465,BALTIMORE WASHINGTON INTERNATIONAL AIRPORT MD US,39.17329,-76.68408,42
9/13/2013 10:00,0,T, ,COOP:180465,BALTIMORE WASHINGTON INTERNATIONAL AIRPORT MD US,39.17329,-76.68408,42
9/16/2013 8:00,0,T, ,COOP:180465,BALTIMORE WASHINGTON INTERNATIONAL AIRPORT MD US,39.17329,-76.68408,42
9/16/2013 9:00,0.02, , ,COOP:180465,BALTIMORE WASHINGTON INTERNATIONAL AIRPORT MD US,39.17329,-76.68408,42
9/16/2013 10:00,0.01, , ,COOP:180465,BALTIMORE WASHINGTON INTERNATIONAL AIRPORT MD US,39.17329,-76.68408,42
9/16/2013 11:00,0,T, ,COOP:180465,BALTIMORE WASHINGTON INTERNATIONAL AIRPORT MD US,39.17329,-76.68408,42
9/21/2013 15:00,0,T, ,COOP:180465,BALTIMORE WASHINGTON INTERNATIONAL AIRPORT MD US,39.17329,-76.68408,42
9/21/2013 16:00,0.03, , ,COOP:180465,BALTIMORE WASHINGTON INTERNATIONAL AIRPORT MD US,39.17329,-76.68408,42
9/21/2013 17:00,0.27, , ,COOP:180465,BALTIMORE WASHINGTON INTERNATIONAL AIRPORT MD US,39.17329,-76.68408,42
9/21/2013 18:00,0.08, , ,COOP:180465,BALTIMORE WASHINGTON INTERNATIONAL AIRPORT MD US,39.17329,-76.68408,42
9/21/2013 19:00,0.02, , ,COOP:180465,BALTIMORE WASHINGTON INTERNATIONAL AIRPORT MD US,39.17329,-76.68408,42
9/21/2013 20:00,0.04, , ,COOP:180465,BALTIMORE WASHINGTON INTERNATIONAL AIRPORT MD US,39.17329,-76.68408,42
9/21/2013 21:00,0.21, , ,COOP:180465,BALTIMORE WASHINGTON INTERNATIONAL AIRPORT MD US,39.17329,-76.68408,42
9/21/2013 22:00,0.28, , ,COOP:180465,BALTIMORE WASHINGTON INTERNATIONAL AIRPORT MD US,39.17329,-76.68408,42
9/21/2013 23:00,0.02, , ,COOP:180465,BALTIMORE WASHINGTON INTERNATIONAL AIRPORT MD US,39.17329,-76.68408,42
9/22/2013 0:00,0,T, ,COOP:180465,BALTIMORE WASHINGTON INTERNATIONAL AIRPORT MD US,39.17329,-76.68408,42
9/27/2013 8:00,0,T, ,COOP:180465,BALTIMORE WASHINGTON INTERNATIONAL AIRPORT MD US,39.17329,-76.68408,42
9/27/2013 9:00,0,T, ,COOP:180465,BALTIMORE WASHINGTON INTERNATIONAL AIRPORT MD US,39.17329,-76.68408,42
9/27/2013 10:00,0,T, ,COOP:180465,BALTIMORE WASHINGTON INTERNATIONAL AIRPORT MD US,39.17329,-76.68408,42
10/1/2013 1:00,0,g, ,COOP:180465,BALTIMORE WASHINGTON INTERNATIONAL AIRPORT MD US,39.17329,-76.68408,42
10/7/2013 4:00,0,T, ,COOP:180465,BALTIMORE WASHINGTON INTERNATIONAL AIRPORT MD US,39.17329,-76.68408,42
10/7/2013 7:00,0,T, ,COOP:180465,BALTIMORE WASHINGTON INTERNATIONAL AIRPORT MD US,39.17329,-76.68408,42
10/7/2013 8:00,0,T, ,COOP:180465,BALTIMORE WASHINGTON INTERNATIONAL AIRPORT MD US,39.17329,-76.68408,42
10/7/2013 9:00,0.08, , ,COOP:180465,BALTIMORE WASHINGTON INTERNATIONAL AIRPORT MD US,39.17329,-76.68408,42
10/7/2013 10:00,0,T, ,COOP:180465,BALTIMORE WASHINGTON INTERNATIONAL AIRPORT MD US,39.17329,-76.68408,42
10/7/2013 11:00,0,T, ,COOP:180465,BALTIMORE WASHINGTON INTERNATIONAL AIRPORT MD US,39.17329,-76.68408,42
10/7/2013 12:00,0.5, , ,COOP:180465,BALTIMORE WASHINGTON INTERNATIONAL AIRPORT MD US,39.17329,-76.68408,42
10/7/2013 13:00,0.14, , ,COOP:180465,BALTIMORE WASHINGTON INTERNATIONAL AIRPORT MD US,39.17329,-76.68408,42
10/7/2013 14:00,0.12, , ,COOP:180465,BALTIMORE WASHINGTON INTERNATIONAL AIRPORT MD US,39.17329,-76.68408,42
10/7/2013 15:00,0,T, ,COOP:180465,BALTIMORE WASHINGTON INTERNATIONAL AIRPORT MD US,39.17329,-76.68408,42
10/7/2013 16:00,0,T, ,COOP:180465,BALTIMORE WASHINGTON INTERNATIONAL AIRPORT MD US,39.17329,-76.68408,42
10/7/2013 17:00,0,T, ,COOP:180465,BALTIMORE WASHINGTON INTERNATIONAL AIRPORT MD US,39.17329,-76.68408,42
10/9/2013 17:00,0,T, ,COOP:180465,BALTIMORE WASHINGTON INTERNATIONAL AIRPORT MD US,39.17329,-76.68408,42
10/9/2013 18:00,0,T, ,COOP:180465,BALTIMORE WASHINGTON INTERNATIONAL AIRPORT MD US,39.17329,-76.68408,42
10/9/2013 19:00,0.02, , ,COOP:180465,BALTIMORE WASHINGTON INTERNATIONAL AIRPORT MD US,39.17329,-76.68408,42
10/9/2013 20:00,0.03, , ,COOP:180465,BALTIMORE WASHINGTON INTERNATIONAL AIRPORT MD US,39.17329,-76.68408,42
10/9/2013 21:00,0,T, ,COOP:180465,BALTIMORE WASHINGTON INTERNATIONAL AIRPORT MD US,39.17329,-76.68408,42
10/9/2013 22:00,0,T, ,COOP:180465,BALTIMORE WASHINGTON INTERNATIONAL AIRPORT MD US,39.17329,-76.68408,42
10/9/2013 23:00,0,T, ,COOP:180465,BALTIMORE WASHINGTON INTERNATIONAL AIRPORT MD US,39.17329,-76.68408,42
10/10/2013 0:00,0.02, , ,COOP:180465,BALTIMORE WASHINGTON INTERNATIONAL AIRPORT MD US,39.17329,-76.68408,42
10/10/2013 1:00,0.04, , ,COOP:180465,BALTIMORE WASHINGTON INTERNATIONAL AIRPORT MD US,39.17329,-76.68408,42
10/10/2013 2:00,0.09, , ,COOP:180465,BALTIMORE WASHINGTON INTERNATIONAL AIRPORT MD US,39.17329,-76.68408,42
10/10/2013 3:00,0.12, , ,COOP:180465,BALTIMORE WASHINGTON INTERNATIONAL AIRPORT MD US,39.17329,-76.68408,42
10/10/2013 4:00,0.14, , ,COOP:180465,BALTIMORE WASHINGTON INTERNATIONAL AIRPORT MD US,39.17329,-76.68408,42
10/10/2013 5:00,0.01, , ,COOP:180465,BALTIMORE WASHINGTON INTERNATIONAL AIRPORT MD US,39.17329,-76.68408,42
10/10/2013 6:00,0.04, , ,COOP:180465,BALTIMORE WASHINGTON INTERNATIONAL AIRPORT MD US,39.17329,-76.68408,42
10/10/2013 7:00,0.15, , ,COOP:180465,BALTIMORE WASHINGTON INTERNATIONAL AIRPORT MD US,39.17329,-76.68408,42
10/10/2013 8:00,0.31, , ,COOP:180465,BALTIMORE WASHINGTON INTERNATIONAL AIRPORT MD US,39.17329,-76.68408,42
10/10/2013 9:00,0.3, , ,COOP:180465,BALTIMORE WASHINGTON INTERNATIONAL AIRPORT MD US,39.17329,-76.68408,42
10/10/2013 10:00,0.09, , ,COOP:180465,BALTIMORE WASHINGTON INTERNATIONAL AIRPORT MD US,39.17329,-76.68408,42
10/10/2013 11:00,0.53, , ,COOP:180465,BALTIMORE WASHINGTON INTERNATIONAL AIRPORT MD US,39.17329,-76.68408,42
10/10/2013 12:00,0.06, , ,COOP:180465,BALTIMORE WASHINGTON INTERNATIONAL AIRPORT MD US,39.17329,-76.68408,42
10/10/2013 13:00,0.02, , ,COOP:180465,BALTIMORE WASHINGTON INTERNATIONAL AIRPORT MD US,39.17329,-76.68408,42
10/10/2013 14:00,0.02, , ,COOP:180465,BALTIMORE WASHINGTON INTERNATIONAL AIRPORT MD US,39.17329,-76.68408,42
10/10/2013 15:00,0.07, , ,COOP:180465,BALTIMORE WASHINGTON INTERNATIONAL AIRPORT MD US,39.17329,-76.68408,42
10/10/2013 16:00,0.02, , ,COOP:180465,BALTIMORE WASHINGTON INTERNATIONAL AIRPORT MD US,39.17329,-76.68408,42
10/10/2013 17:00,0.04, , ,COOP:180465,BALTIMORE WASHINGTON INTERNATIONAL AIRPORT MD US,39.17329,-76.68408,42
10/10/2013 18:00,0.02, , ,COOP:180465,BALTIMORE WASHINGTON INTERNATIONAL AIRPORT MD US,39.17329,-76.68408,42
10/10/2013 19:00,0.02, , ,COOP:180465,BALTIMORE WASHINGTON INTERNATIONAL AIRPORT MD US,39.17329,-76.68408,42
10/10/2013 20:00,0.06, , ,COOP:180465,BALTIMORE WASHINGTON INTERNATIONAL AIRPORT MD US,39.17329,-76.68408,42
10/10/2013 21:00,0.03, , ,COOP:180465,BALTIMORE WASHINGTON INTERNATIONAL AIRPORT MD US,39.17329,-76.68408,42
10/10/2013 22:00,0.03, , ,COOP:180465,BALTIMORE WASHINGTON INTERNATIONAL AIRPORT MD US,39.17329,-76.68408,42
10/10/2013 23:00,0.04, , ,COOP:180465,BALTIMORE WASHINGTON INTERNATIONAL AIRPORT MD US,39.17329,-76.68408,42
10/11/2013 0:00,0.1, , ,COOP:180465,BALTIMORE WASHINGTON INTERNATIONAL AIRPORT MD US,39.17329,-76.68408,42
10/11/2013 1:00,0.02, , ,COOP:180465,BALTIMORE WASHINGTON INTERNATIONAL AIRPORT MD US,39.17329,-76.68408,42
10/11/2013 2:00,0,T, ,COOP:180465,BALTIMORE WASHINGTON INTERNATIONAL AIRPORT MD US,39.17329,-76.68408,42
10/11/2013 3:00,0.01, , ,COOP:180465,BALTIMORE WASHINGTON INTERNATIONAL AIRPORT MD US,39.17329,-76.68408,42
10/11/2013 4:00,0,T, ,COOP:180465,BALTIMORE WASHINGTON INTERNATIONAL AIRPORT MD US,39.17329,-76.68408,42
10/11/2013 5:00,0,T, ,COOP:180465,BALTIMORE WASHINGTON INTERNATIONAL AIRPORT MD US,39.17329,-76.68408,42
10/11/2013 6:00,0.56, , ,COOP:180465,BALTIMORE WASHINGTON INTERNATIONAL AIRPORT MD US,39.17329,-76.68408,42
10/11/2013 7:00,0.7, , ,COOP:180465,BALTIMORE WASHINGTON INTERNATIONAL AIRPORT MD US,39.17329,-76.68408,42
10/11/2013 8:00,1.36, , ,COOP:180465,BALTIMORE WASHINGTON INTERNATIONAL AIRPORT MD US,39.17329,-76.68408,42
10/11/2013 9:00,0.03, , ,COOP:180465,BALTIMORE WASHINGTON INTERNATIONAL AIRPORT MD US,39.17329,-76.68408,42
10/11/2013 10:00,0.03, , ,COOP:180465,BALTIMORE WASHINGTON INTERNATIONAL AIRPORT MD US,39.17329,-76.68408,42
10/11/2013 11:00,0.04, , ,COOP:180465,BALTIMORE WASHINGTON INTERNATIONAL AIRPORT MD US,39.17329,-76.68408,42
10/11/2013 12:00,0.19, , ,COOP:180465,BALTIMORE WASHINGTON INTERNATIONAL AIRPORT MD US,39.17329,-76.68408,42
10/11/2013 13:00,0.05, , ,COOP:180465,BALTIMORE WASHINGTON INTERNATIONAL AIRPORT MD US,39.17329,-76.68408,42
10/11/2013 14:00,0.03, , ,COOP:180465,BALTIMORE WASHINGTON INTERNATIONAL AIRPORT MD US,39.17329,-76.68408,42
10/11/2013 15:00,0.05, , ,COOP:180465,BALTIMORE WASHINGTON INTERNATIONAL AIRPORT MD US,39.17329,-76.68408,42
10/11/2013 16:00,0.01, , ,COOP:180465,BALTIMORE WASHINGTON INTERNATIONAL AIRPORT MD US,39.17329,-76.68408,42
10/11/2013 17:00,0.1, , ,COOP:180465,BALTIMORE WASHINGTON INTERNATIONAL AIRPORT MD US,39.17329,-76.68408,42
10/11/2013 18:00,0.06, , ,COOP:180465,BALTIMORE WASHINGTON INTERNATIONAL AIRPORT MD US,39.17329,-76.68408,42
10/11/2013 19:00,0.02, , ,COOP:180465,BALTIMORE WASHINGTON INTERNATIONAL AIRPORT MD US,39.17329,-76.68408,42
10/11/2013 20:00,0.06, , ,COOP:180465,BALTIMORE WASHINGTON INTERNATIONAL AIRPORT MD US,39.17329,-76.68408,42
10/11/2013 21:00,0.2, , ,COOP:180465,BALTIMORE WASHINGTON INTERNATIONAL AIRPORT MD US,39.17329,-76.68408,42
10/11/2013 22:00,0.07, , ,COOP:180465,BALTIMORE WASHINGTON INTERNATIONAL AIRPORT MD US,39.17329,-76.68408,42
10/11/2013 23:00,0.01, , ,COOP:180465,BALTIMORE WASHINGTON INTERNATIONAL AIRPORT MD US,39.17329,-76.68408,42
10/12/2013 0:00,0.06, , ,COOP:180465,BALTIMORE WASHINGTON INTERNATIONAL AIRPORT MD US,39.17329,-76.68408,42
10/12/2013 1:00,0,T, ,COOP:180465,BALTIMORE WASHINGTON INTERNATIONAL AIRPORT MD US,39.17329,-76.68408,42
10/12/2013 2:00,0.02, , ,COOP:180465,BALTIMORE WASHINGTON INTERNATIONAL AIRPORT MD US,39.17329,-76.68408,42
10/12/2013 3:00,0.01, , ,COOP:180465,BALTIMORE WASHINGTON INTERNATIONAL AIRPORT MD US,39.17329,-76.68408,42
10/12/2013 4:00,0,T, ,COOP:180465,BALTIMORE WASHINGTON INTERNATIONAL AIRPORT MD US,39.17329,-76.68408,42
10/12/2013 8:00,0,T, ,COOP:180465,BALTIMORE WASHINGTON INTERNATIONAL AIRPORT MD US,39.17329,-76.68408,42
10/12/2013 9:00,0,T, ,COOP:180465,BALTIMORE WASHINGTON INTERNATIONAL AIRPORT MD US,39.17329,-76.68408,42
10/12/2013 10:00,0,T, ,COOP:180465,BALTIMORE WASHINGTON INTERNATIONAL AIRPORT MD US,39.17329,-76.68408,42
10/12/2013 14:00,0,T, ,COOP:180465,BALTIMORE WASHINGTON INTERNATIONAL AIRPORT MD US,39.17329,-76.68408,42
10/12/2013 15:00,0,T, ,COOP:180465,BALTIMORE WASHINGTON INTERNATIONAL AIRPORT MD US,39.17329,-76.68408,42
10/12/2013 17:00,0,T, ,COOP:180465,BALTIMORE WASHINGTON INTERNATIONAL AIRPORT MD US,39.17329,-76.68408,42
10/12/2013 18:00,0,T, ,COOP:180465,BALTIMORE WASHINGTON INTERNATIONAL AIRPORT MD US,39.17329,-76.68408,42
10/12/2013 19:00,0,T, ,COOP:180465,BALTIMORE WASHINGTON INTERNATIONAL AIRPORT MD US,39.17329,-76.68408,42
10/12/2013 20:00,0.06, , ,COOP:180465,BALTIMORE WASHINGTON INTERNATIONAL AIRPORT MD US,39.17329,-76.68408,42
10/12/2013 21:00,0.21, , ,COOP:180465,BALTIMORE WASHINGTON INTERNATIONAL AIRPORT MD US,39.17329,-76.68408,42
10/12/2013 22:00,0.1, , ,COOP:180465,BALTIMORE WASHINGTON INTERNATIONAL AIRPORT MD US,39.17329,-76.68408,42
10/12/2013 23:00,0.01, , ,COOP:180465,BALTIMORE WASHINGTON INTERNATIONAL AIRPORT MD US,39.17329,-76.68408,42
10/13/2013 0:00,0,T, ,COOP:180465,BALTIMORE WASHINGTON INTERNATIONAL AIRPORT MD US,39.17329,-76.68408,42
10/13/2013 1:00,0.03, , ,COOP:180465,BALTIMORE WASHINGTON INTERNATIONAL AIRPORT MD US,39.17329,-76.68408,42
10/13/2013 2:00,0.01, , ,COOP:180465,BALTIMORE WASHINGTON INTERNATIONAL AIRPORT MD US,39.17329,-76.68408,42
10/13/2013 3:00,0.01, , ,COOP:180465,BALTIMORE WASHINGTON INTERNATIONAL AIRPORT MD US,39.17329,-76.68408,42
10/13/2013 4:00,0.04, , ,COOP:180465,BALTIMORE WASHINGTON INTERNATIONAL AIRPORT MD US,39.17329,-76.68408,42
10/13/2013 5:00,0,T, ,COOP:180465,BALTIMORE WASHINGTON INTERNATIONAL AIRPORT MD US,39.17329,-76.68408,42
10/13/2013 7:00,0,T, ,COOP:180465,BALTIMORE WASHINGTON INTERNATIONAL AIRPORT MD US,39.17329,-76.68408,42
10/13/2013 8:00,0.01, , ,COOP:180465,BALTIMORE WASHINGTON INTERNATIONAL AIRPORT MD US,39.17329,-76.68408,42
10/13/2013 9:00,0,T, ,COOP:180465,BALTIMORE WASHINGTON INTERNATIONAL AIRPORT MD US,39.17329,-76.68408,42
10/13/2013 10:00,0,T, ,COOP:180465,BALTIMORE WASHINGTON INTERNATIONAL AIRPORT MD US,39.17329,-76.68408,42
10/13/2013 11:00,0,T, ,COOP:180465,BALTIMORE WASHINGTON INTERNATIONAL AIRPORT MD US,39.17329,-76.68408,42
10/13/2013 12:00,0,T, ,COOP:180465,BALTIMORE WASHINGTON INTERNATIONAL AIRPORT MD US,39.17329,-76.68408,42
10/16/2013 0:00,0,T, ,COOP:180465,BALTIMORE WASHINGTON INTERNATIONAL AIRPORT MD US,39.17329,-76.68408,42
10/17/2013 8:00,0,T, ,COOP:180465,BALTIMORE WASHINGTON INTERNATIONAL AIRPORT MD US,39.17329,-76.68408,42
10/17/2013 16:00,0,T, ,COOP:180465,BALTIMORE WASHINGTON INTERNATIONAL AIRPORT MD US,39.17329,-76.68408,42
10/17/2013 17:00,0,T, ,COOP:180465,BALTIMORE WASHINGTON INTERNATIONAL AIRPORT MD US,39.17329,-76.68408,42
10/17/2013 22:00,0.07, , ,COOP:180465,BALTIMORE WASHINGTON INTERNATIONAL AIRPORT MD US,39.17329,-76.68408,42
10/17/2013 23:00,0,T, ,COOP:180465,BALTIMORE WASHINGTON INTERNATIONAL AIRPORT MD US,39.17329,-76.68408,42
10/19/2013 16:00,0,T, ,COOP:180465,BALTIMORE WASHINGTON INTERNATIONAL AIRPORT MD US,39.17329,-76.68408,42
10/19/2013 17:00,0,T, ,COOP:180465,BALTIMORE WASHINGTON INTERNATIONAL AIRPORT MD US,39.17329,-76.68408,42
10/19/2013 18:00,0,T, ,COOP:180465,BALTIMORE WASHINGTON INTERNATIONAL AIRPORT MD US,39.17329,-76.68408,42
10/19/2013 19:00,0,T, ,COOP:180465,BALTIMORE WASHINGTON INTERNATIONAL AIRPORT MD US,39.17329,-76.68408,42
10/19/2013 20:00,0,T, ,COOP:180465,BALTIMORE WASHINGTON INTERNATIONAL AIRPORT MD US,39.17329,-76.68408,42
10/19/2013 21:00,0,T, ,COOP:180465,BALTIMORE WASHINGTON INTERNATIONAL AIRPORT MD US,39.17329,-76.68408,42
10/22/2013 11:00,0,T, ,COOP:180465,BALTIMORE WASHINGTON INTERNATIONAL AIRPORT MD US,39.17329,-76.68408,42
10/22/2013 12:00,0,T, ,COOP:180465,BALTIMORE WASHINGTON INTERNATIONAL AIRPORT MD US,39.17329,-76.68408,42
10/22/2013 13:00,0,T, ,COOP:180465,BALTIMORE WASHINGTON INTERNATIONAL AIRPORT MD US,39.17329,-76.68408,42
10/23/2013 2:00,0,T, ,COOP:180465,BALTIMORE WASHINGTON INTERNATIONAL AIRPORT MD US,39.17329,-76.68408,42
10/23/2013 3:00,0,T, ,COOP:180465,BALTIMORE WASHINGTON INTERNATIONAL AIRPORT MD US,39.17329,-76.68408,42
10/23/2013 16:00,0,T, ,COOP:180465,BALTIMORE WASHINGTON INTERNATIONAL AIRPORT MD US,39.17329,-76.68408,42
10/23/2013 17:00,0,T, ,COOP:180465,BALTIMORE WASHINGTON INTERNATIONAL AIRPORT MD US,39.17329,-76.68408,42
10/30/2013 5:00,0,T, ,COOP:180465,BALTIMORE WASHINGTON INTERNATIONAL AIRPORT MD US,39.17329,-76.68408,42
10/30/2013 6:00,0.01, , ,COOP:180465,BALTIMORE WASHINGTON INTERNATIONAL AIRPORT MD US,39.17329,-76.68408,42
10/30/2013 7:00,0.07, , ,COOP:180465,BALTIMORE WASHINGTON INTERNATIONAL AIRPORT MD US,39.17329,-76.68408,42
10/30/2013 8:00,0.03, , ,COOP:180465,BALTIMORE WASHINGTON INTERNATIONAL AIRPORT MD US,39.17329,-76.68408,42
10/31/2013 19:00,0.01, , ,COOP:180465,BALTIMORE WASHINGTON INTERNATIONAL AIRPORT MD US,39.17329,-76.68408,42
10/31/2013 20:00,0,T, ,COOP:180465,BALTIMORE WASHINGTON INTERNATIONAL AIRPORT MD US,39.17329,-76.68408,42
10/31/2013 21:00,0,T, ,COOP:180465,BALTIMORE WASHINGTON INTERNATIONAL AIRPORT MD US,39.17329,-76.68408,42
11/1/2013 1:00,0,g, ,COOP:180465,BALTIMORE WASHINGTON INTERNATIONAL AIRPORT MD US,39.17329,-76.68408,42
11/1/2013 4:00,0,T, ,COOP:180465,BALTIMORE WASHINGTON INTERNATIONAL AIRPORT MD US,39.17329,-76.68408,42
11/1/2013 6:00,0,T, ,COOP:180465,BALTIMORE WASHINGTON INTERNATIONAL AIRPORT MD US,39.17329,-76.68408,42
11/1/2013 7:00,0.01, , ,COOP:180465,BALTIMORE WASHINGTON INTERNATIONAL AIRPORT MD US,39.17329,-76.68408,42
11/1/2013 8:00,0.01, , ,COOP:180465,BALTIMORE WASHINGTON INTERNATIONAL AIRPORT MD US,39.17329,-76.68408,42
11/1/2013 9:00,0.14, , ,COOP:180465,BALTIMORE WASHINGTON INTERNATIONAL AIRPORT MD US,39.17329,-76.68408,42
11/1/2013 10:00,0.01, , ,COOP:180465,BALTIMORE WASHINGTON INTERNATIONAL AIRPORT MD US,39.17329,-76.68408,42
11/7/2013 9:00,0,T, ,COOP:180465,BALTIMORE WASHINGTON INTERNATIONAL AIRPORT MD US,39.17329,-76.68408,42
11/7/2013 12:00,0,T, ,COOP:180465,BALTIMORE WASHINGTON INTERNATIONAL AIRPORT MD US,39.17329,-76.68408,42
11/7/2013 13:00,0.04, , ,COOP:180465,BALTIMORE WASHINGTON INTERNATIONAL AIRPORT MD US,39.17329,-76.68408,42
11/7/2013 14:00,0.01, , ,COOP:180465,BALTIMORE WASHINGTON INTERNATIONAL AIRPORT MD US,39.17329,-76.68408,42
11/7/2013 15:00,0,T, ,COOP:180465,BALTIMORE WASHINGTON INTERNATIONAL AIRPORT MD US,39.17329,-76.68408,42
11/12/2013 9:00,0,T, ,COOP:180465,BALTIMORE WASHINGTON INTERNATIONAL AIRPORT MD US,39.17329,-76.68408,42
11/12/2013 10:00,0,T, ,COOP:180465,BALTIMORE WASHINGTON INTERNATIONAL AIRPORT MD US,39.17329,-76.68408,42
11/15/2013 22:00,0,T, ,COOP:180465,BALTIMORE WASHINGTON INTERNATIONAL AIRPORT MD US,39.17329,-76.68408,42
11/15/2013 23:00,0,T, ,COOP:180465,BALTIMORE WASHINGTON INTERNATIONAL AIRPORT MD US,39.17329,-76.68408,42
11/16/2013 0:00,0.02, , ,COOP:180465,BALTIMORE WASHINGTON INTERNATIONAL AIRPORT MD US,39.17329,-76.68408,42
11/16/2013 1:00,0.05, , ,COOP:180465,BALTIMORE WASHINGTON INTERNATIONAL AIRPORT MD US,39.17329,-76.68408,42
11/16/2013 2:00,0.04, , ,COOP:180465,BALTIMORE WASHINGTON INTERNATIONAL AIRPORT MD US,39.17329,-76.68408,42
11/16/2013 3:00,0.03, , ,COOP:180465,BALTIMORE WASHINGTON INTERNATIONAL AIRPORT MD US,39.17329,-76.68408,42
11/16/2013 4:00,0.02, , ,COOP:180465,BALTIMORE WASHINGTON INTERNATIONAL AIRPORT MD US,39.17329,-76.68408,42
11/16/2013 5:00,0.01, , ,COOP:180465,BALTIMORE WASHINGTON INTERNATIONAL AIRPORT MD US,39.17329,-76.68408,42
11/16/2013 20:00,0,T, ,COOP:180465,BALTIMORE WASHINGTON INTERNATIONAL AIRPORT MD US,39.17329,-76.68408,42
11/16/2013 21:00,0,T, ,COOP:180465,BALTIMORE WASHINGTON INTERNATIONAL AIRPORT MD US,39.17329,-76.68408,42
11/16/2013 22:00,0,T, ,COOP:180465,BALTIMORE WASHINGTON INTERNATIONAL AIRPORT MD US,39.17329,-76.68408,42
11/16/2013 23:00,0,T, ,COOP:180465,BALTIMORE WASHINGTON INTERNATIONAL AIRPORT MD US,39.17329,-76.68408,42
11/17/2013 1:00,0,T, ,COOP:180465,BALTIMORE WASHINGTON INTERNATIONAL AIRPORT MD US,39.17329,-76.68408,42
11/17/2013 21:00,0,T, ,COOP:180465,BALTIMORE WASHINGTON INTERNATIONAL AIRPORT MD US,39.17329,-76.68408,42
11/17/2013 22:00,0.01, , ,COOP:180465,BALTIMORE WASHINGTON INTERNATIONAL AIRPORT MD US,39.17329,-76.68408,42
11/17/2013 23:00,0.01, , ,COOP:180465,BALTIMORE WASHINGTON INTERNATIONAL AIRPORT MD US,39.17329,-76.68408,42
11/18/2013 0:00,0.02, , ,COOP:180465,BALTIMORE WASHINGTON INTERNATIONAL AIRPORT MD US,39.17329,-76.68408,42
11/18/2013 2:00,0,T, ,COOP:180465,BALTIMORE WASHINGTON INTERNATIONAL AIRPORT MD US,39.17329,-76.68408,42
11/18/2013 3:00,0.11, , ,COOP:180465,BALTIMORE WASHINGTON INTERNATIONAL AIRPORT MD US,39.17329,-76.68408,42
11/18/2013 4:00,0,T, ,COOP:180465,BALTIMORE WASHINGTON INTERNATIONAL AIRPORT MD US,39.17329,-76.68408,42
11/22/2013 8:00,0.01, , ,COOP:180465,BALTIMORE WASHINGTON INTERNATIONAL AIRPORT MD US,39.17329,-76.68408,42
11/22/2013 9:00,0,T, ,COOP:180465,BALTIMORE WASHINGTON INTERNATIONAL AIRPORT MD US,39.17329,-76.68408,42
11/22/2013 11:00,0,T, ,COOP:180465,BALTIMORE WASHINGTON INTERNATIONAL AIRPORT MD US,39.17329,-76.68408,42
11/22/2013 12:00,0,T, ,COOP:180465,BALTIMORE WASHINGTON INTERNATIONAL AIRPORT MD US,39.17329,-76.68408,42
11/22/2013 21:00,0,T, ,COOP:180465,BALTIMORE WASHINGTON INTERNATIONAL AIRPORT MD US,39.17329,-76.68408,42
11/26/2013 5:00,0,T, ,COOP:180465,BALTIMORE WASHINGTON INTERNATIONAL AIRPORT MD US,39.17329,-76.68408,42
11/26/2013 6:00,0,T, ,COOP:180465,BALTIMORE WASHINGTON INTERNATIONAL AIRPORT MD US,39.17329,-76.68408,42
11/26/2013 9:00,0,T, ,COOP:180465,BALTIMORE WASHINGTON INTERNATIONAL AIRPORT MD US,39.17329,-76.68408,42
11/26/2013 10:00,0.03, , ,COOP:180465,BALTIMORE WASHINGTON INTERNATIONAL AIRPORT MD US,39.17329,-76.68408,42
11/26/2013 11:00,0.03, , ,COOP:180465,BALTIMORE WASHINGTON INTERNATIONAL AIRPORT MD US,39.17329,-76.68408,42
11/26/2013 12:00,0.04, , ,COOP:180465,BALTIMORE WASHINGTON INTERNATIONAL AIRPORT MD US,39.17329,-76.68408,42
11/26/2013 13:00,0.06, , ,COOP:180465,BALTIMORE WASHINGTON INTERNATIONAL AIRPORT MD US,39.17329,-76.68408,42
11/26/2013 14:00,0.06, , ,COOP:180465,BALTIMORE WASHINGTON INTERNATIONAL AIRPORT MD US,39.17329,-76.68408,42
11/26/2013 15:00,0.05, , ,COOP:180465,BALTIMORE WASHINGTON INTERNATIONAL AIRPORT MD US,39.17329,-76.68408,42
11/26/2013 16:00,0.04, , ,COOP:180465,BALTIMORE WASHINGTON INTERNATIONAL AIRPORT MD US,39.17329,-76.68408,42
11/26/2013 17:00,0.05, , ,COOP:180465,BALTIMORE WASHINGTON INTERNATIONAL AIRPORT MD US,39.17329,-76.68408,42
11/26/2013 18:00,0.09, , ,COOP:180465,BALTIMORE WASHINGTON INTERNATIONAL AIRPORT MD US,39.17329,-76.68408,42
11/26/2013 19:00,0.07, , ,COOP:180465,BALTIMORE WASHINGTON INTERNATIONAL AIRPORT MD US,39.17329,-76.68408,42
11/26/2013 20:00,0.13, , ,COOP:180465,BALTIMORE WASHINGTON INTERNATIONAL AIRPORT MD US,39.17329,-76.68408,42
11/26/2013 21:00,0.13, , ,COOP:180465,BALTIMORE WASHINGTON INTERNATIONAL AIRPORT MD US,39.17329,-76.68408,42
11/26/2013 22:00,0.18, , ,COOP:180465,BALTIMORE WASHINGTON INTERNATIONAL AIRPORT MD US,39.17329,-76.68408,42
11/26/2013 23:00,0.3, , ,COOP:180465,BALTIMORE WASHINGTON INTERNATIONAL AIRPORT MD US,39.17329,-76.68408,42
11/27/2013 0:00,0.35, , ,COOP:180465,BALTIMORE WASHINGTON INTERNATIONAL AIRPORT MD US,39.17329,-76.68408,42
11/27/2013 1:00,0.07, , ,COOP:180465,BALTIMORE WASHINGTON INTERNATIONAL AIRPORT MD US,39.17329,-76.68408,42
11/27/2013 2:00,0.05, , ,COOP:180465,BALTIMORE WASHINGTON INTERNATIONAL AIRPORT MD US,39.17329,-76.68408,42
11/27/2013 3:00,0.23, , ,COOP:180465,BALTIMORE WASHINGTON INTERNATIONAL AIRPORT MD US,39.17329,-76.68408,42
11/27/2013 4:00,0.04, , ,COOP:180465,BALTIMORE WASHINGTON INTERNATIONAL AIRPORT MD US,39.17329,-76.68408,42
11/27/2013 5:00,0.04, , ,COOP:180465,BALTIMORE WASHINGTON INTERNATIONAL AIRPORT MD US,39.17329,-76.68408,42
11/27/2013 6:00,0.07, , ,COOP:180465,BALTIMORE WASHINGTON INTERNATIONAL AIRPORT MD US,39.17329,-76.68408,42
11/27/2013 7:00,0.03, , ,COOP:180465,BALTIMORE WASHINGTON INTERNATIONAL AIRPORT MD US,39.17329,-76.68408,42
11/27/2013 8:00,0.05, , ,COOP:180465,BALTIMORE WASHINGTON INTERNATIONAL AIRPORT MD US,39.17329,-76.68408,42
11/27/2013 9:00,0,T, ,COOP:180465,BALTIMORE WASHINGTON INTERNATIONAL AIRPORT MD US,39.17329,-76.68408,42
11/27/2013 10:00,0,T, ,COOP:180465,BALTIMORE WASHINGTON INTERNATIONAL AIRPORT MD US,39.17329,-76.68408,42
11/27/2013 11:00,0,T, ,COOP:180465,BALTIMORE WASHINGTON INTERNATIONAL AIRPORT MD US,39.17329,-76.68408,42
11/27/2013 12:00,0.01, , ,COOP:180465,BALTIMORE WASHINGTON INTERNATIONAL AIRPORT MD US,39.17329,-76.68408,42
11/27/2013 13:00,0.01, , ,COOP:180465,BALTIMORE WASHINGTON INTERNATIONAL AIRPORT MD US,39.17329,-76.68408,42
11/27/2013 14:00,0.03, , ,COOP:180465,BALTIMORE WASHINGTON INTERNATIONAL AIRPORT MD US,39.17329,-76.68408,42
11/27/2013 15:00,0.03, , ,COOP:180465,BALTIMORE WASHINGTON INTERNATIONAL AIRPORT MD US,39.17329,-76.68408,42
11/27/2013 16:00,0,T, ,COOP:180465,BALTIMORE WASHINGTON INTERNATIONAL AIRPORT MD US,39.17329,-76.68408,42
11/27/2013 17:00,0,T, ,COOP:180465,BALTIMORE WASHINGTON INTERNATIONAL AIRPORT MD US,39.17329,-76.68408,42
11/27/2013 18:00,0,T, ,COOP:180465,BALTIMORE WASHINGTON INTERNATIONAL AIRPORT MD US,39.17329,-76.68408,42
11/27/2013 19:00,0,T, ,COOP:180465,BALTIMORE WASHINGTON INTERNATIONAL AIRPORT MD US,39.17329,-76.68408,42
12/1/2013 1:00,0,g, ,COOP:180465,BALTIMORE WASHINGTON INTERNATIONAL AIRPORT MD US,39.17329,-76.68408,42
12/5/2013 9:00,0,T, ,COOP:180465,BALTIMORE WASHINGTON INTERNATIONAL AIRPORT MD US,39.17329,-76.68408,42
12/5/2013 10:00,0,T, ,COOP:180465,BALTIMORE WASHINGTON INTERNATIONAL AIRPORT MD US,39.17329,-76.68408,42
12/6/2013 1:00,0,T, ,COOP:180465,BALTIMORE WASHINGTON INTERNATIONAL AIRPORT MD US,39.17329,-76.68408,42
12/6/2013 2:00,0,T, ,COOP:180465,BALTIMORE WASHINGTON INTERNATIONAL AIRPORT MD US,39.17329,-76.68408,42
12/6/2013 3:00,0.01, , ,COOP:180465,BALTIMORE WASHINGTON INTERNATIONAL AIRPORT MD US,39.17329,-76.68408,42
12/6/2013 4:00,0.03, , ,COOP:180465,BALTIMORE WASHINGTON INTERNATIONAL AIRPORT MD US,39.17329,-76.68408,42
12/6/2013 5:00,0,T, ,COOP:180465,BALTIMORE WASHINGTON INTERNATIONAL AIRPORT MD US,39.17329,-76.68408,42
12/6/2013 6:00,0,T, ,COOP:180465,BALTIMORE WASHINGTON INTERNATIONAL AIRPORT MD US,39.17329,-76.68408,42
12/6/2013 7:00,0.01, , ,COOP:180465,BALTIMORE WASHINGTON INTERNATIONAL AIRPORT MD US,39.17329,-76.68408,42
12/6/2013 8:00,0.01, , ,COOP:180465,BALTIMORE WASHINGTON INTERNATIONAL AIRPORT MD US,39.17329,-76.68408,42
12/6/2013 9:00,0,T, ,COOP:180465,BALTIMORE WASHINGTON INTERNATIONAL AIRPORT MD US,39.17329,-76.68408,42
12/6/2013 10:00,0.01, , ,COOP:180465,BALTIMORE WASHINGTON INTERNATIONAL AIRPORT MD US,39.17329,-76.68408,42
12/6/2013 11:00,0,T, ,COOP:180465,BALTIMORE WASHINGTON INTERNATIONAL AIRPORT MD US,39.17329,-76.68408,42
12/6/2013 12:00,0.04, , ,COOP:180465,BALTIMORE WASHINGTON INTERNATIONAL AIRPORT MD US,39.17329,-76.68408,42
12/6/2013 13:00,0.18, , ,COOP:180465,BALTIMORE WASHINGTON INTERNATIONAL AIRPORT MD US,39.17329,-76.68408,42
12/6/2013 14:00,0,T, ,COOP:180465,BALTIMORE WASHINGTON INTERNATIONAL AIRPORT MD US,39.17329,-76.68408,42
12/6/2013 15:00,0.02, , ,COOP:180465,BALTIMORE WASHINGTON INTERNATIONAL AIRPORT MD US,39.17329,-76.68408,42
12/6/2013 16:00,0.17, , ,COOP:180465,BALTIMORE WASHINGTON INTERNATIONAL AIRPORT MD US,39.17329,-76.68408,42
12/6/2013 17:00,0.05, , ,COOP:180465,BALTIMORE WASHINGTON INTERNATIONAL AIRPORT MD US,39.17329,-76.68408,42
12/6/2013 18:00,0.03, , ,COOP:180465,BALTIMORE WASHINGTON INTERNATIONAL AIRPORT MD US,39.17329,-76.68408,42
12/6/2013 19:00,0.05, , ,COOP:180465,BALTIMORE WASHINGTON INTERNATIONAL AIRPORT MD US,39.17329,-76.68408,42
12/6/2013 20:00,0.08, , ,COOP:180465,BALTIMORE WASHINGTON INTERNATIONAL AIRPORT MD US,39.17329,-76.68408,42
12/6/2013 21:00,0.02, , ,COOP:180465,BALTIMORE WASHINGTON INTERNATIONAL AIRPORT MD US,39.17329,-76.68408,42
12/6/2013 22:00,0.11, , ,COOP:180465,BALTIMORE WASHINGTON INTERNATIONAL AIRPORT MD US,39.17329,-76.68408,42
12/6/2013 23:00,0.08, , ,COOP:180465,BALTIMORE WASHINGTON INTERNATIONAL AIRPORT MD US,39.17329,-76.68408,42
12/7/2013 0:00,0,T, ,COOP:180465,BALTIMORE WASHINGTON INTERNATIONAL AIRPORT MD US,39.17329,-76.68408,42
12/7/2013 1:00,0.08, , ,COOP:180465,BALTIMORE WASHINGTON INTERNATIONAL AIRPORT MD US,39.17329,-76.68408,42
12/7/2013 2:00,0.09, , ,COOP:180465,BALTIMORE WASHINGTON INTERNATIONAL AIRPORT MD US,39.17329,-76.68408,42
12/7/2013 3:00,0,T, ,COOP:180465,BALTIMORE WASHINGTON INTERNATIONAL AIRPORT MD US,39.17329,-76.68408,42
12/7/2013 4:00,0,T, ,COOP:180465,BALTIMORE WASHINGTON INTERNATIONAL AIRPORT MD US,39.17329,-76.68408,42
12/8/2013 11:00,0,T, ,COOP:180465,BALTIMORE WASHINGTON INTERNATIONAL AIRPORT MD US,39.17329,-76.68408,42
12/8/2013 12:00,0.02, , ,COOP:180465,BALTIMORE WASHINGTON INTERNATIONAL AIRPORT MD US,39.17329,-76.68408,42
12/8/2013 13:00,0.05, , ,COOP:180465,BALTIMORE WASHINGTON INTERNATIONAL AIRPORT MD US,39.17329,-76.68408,42
12/8/2013 14:00,0.06, , ,COOP:180465,BALTIMORE WASHINGTON INTERNATIONAL AIRPORT MD US,39.17329,-76.68408,42
12/8/2013 15:00,0.06, , ,COOP:180465,BALTIMORE WASHINGTON INTERNATIONAL AIRPORT MD US,39.17329,-76.68408,42
12/8/2013 16:00,0.08, , ,COOP:180465,BALTIMORE WASHINGTON INTERNATIONAL AIRPORT MD US,39.17329,-76.68408,42
12/8/2013 17:00,0.05, , ,COOP:180465,BALTIMORE WASHINGTON INTERNATIONAL AIRPORT MD US,39.17329,-76.68408,42
12/8/2013 18:00,0.03, , ,COOP:180465,BALTIMORE WASHINGTON INTERNATIONAL AIRPORT MD US,39.17329,-76.68408,42
12/8/2013 19:00,0,T, ,COOP:180465,BALTIMORE WASHINGTON INTERNATIONAL AIRPORT MD US,39.17329,-76.68408,42
12/8/2013 20:00,0,T, ,COOP:180465,BALTIMORE WASHINGTON INTERNATIONAL AIRPORT MD US,39.17329,-76.68408,42
12/8/2013 21:00,0.02, , ,COOP:180465,BALTIMORE WASHINGTON INTERNATIONAL AIRPORT MD US,39.17329,-76.68408,42
12/8/2013 22:00,0.01, , ,COOP:180465,BALTIMORE WASHINGTON INTERNATIONAL AIRPORT MD US,39.17329,-76.68408,42
12/8/2013 23:00,0.11, , ,COOP:180465,BALTIMORE WASHINGTON INTERNATIONAL AIRPORT MD US,39.17329,-76.68408,42
12/9/2013 0:00,0.07, , ,COOP:180465,BALTIMORE WASHINGTON INTERNATIONAL AIRPORT MD US,39.17329,-76.68408,42
12/9/2013 1:00,0.13, , ,COOP:180465,BALTIMORE WASHINGTON INTERNATIONAL AIRPORT MD US,39.17329,-76.68408,42
12/9/2013 2:00,0.11, , ,COOP:180465,BALTIMORE WASHINGTON INTERNATIONAL AIRPORT MD US,39.17329,-76.68408,42
12/9/2013 3:00,0.06, , ,COOP:180465,BALTIMORE WASHINGTON INTERNATIONAL AIRPORT MD US,39.17329,-76.68408,42
12/9/2013 4:00,0.02, , ,COOP:180465,BALTIMORE WASHINGTON INTERNATIONAL AIRPORT MD US,39.17329,-76.68408,42
12/9/2013 5:00,0.05, , ,COOP:180465,BALTIMORE WASHINGTON INTERNATIONAL AIRPORT MD US,39.17329,-76.68408,42
12/9/2013 6:00,0.03, , ,COOP:180465,BALTIMORE WASHINGTON INTERNATIONAL AIRPORT MD US,39.17329,-76.68408,42
12/9/2013 7:00,0,T, ,COOP:180465,BALTIMORE WASHINGTON INTERNATIONAL AIRPORT MD US,39.17329,-76.68408,42
12/9/2013 8:00,0,T, ,COOP:180465,BALTIMORE WASHINGTON INTERNATIONAL AIRPORT MD US,39.17329,-76.68408,42
12/9/2013 9:00,0.02, , ,COOP:180465,BALTIMORE WASHINGTON INTERNATIONAL AIRPORT MD US,39.17329,-76.68408,42
12/9/2013 10:00,0,T, ,COOP:180465,BALTIMORE WASHINGTON INTERNATIONAL AIRPORT MD US,39.17329,-76.68408,42
12/9/2013 11:00,0.09, , ,COOP:180465,BALTIMORE WASHINGTON INTERNATIONAL AIRPORT MD US,39.17329,-76.68408,42
12/9/2013 12:00,0.01, , ,COOP:180465,BALTIMORE WASHINGTON INTERNATIONAL AIRPORT MD US,39.17329,-76.68408,42
12/9/2013 13:00,0,T, ,COOP:180465,BALTIMORE WASHINGTON INTERNATIONAL AIRPORT MD US,39.17329,-76.68408,42
12/10/2013 7:00,0.01, , ,COOP:180465,BALTIMORE WASHINGTON INTERNATIONAL AIRPORT MD US,39.17329,-76.68408,42
12/10/2013 8:00,0.09, , ,COOP:180465,BALTIMORE WASHINGTON INTERNATIONAL AIRPORT MD US,39.17329,-76.68408,42
12/10/2013 9:00,0.06, , ,COOP:180465,BALTIMORE WASHINGTON INTERNATIONAL AIRPORT MD US,39.17329,-76.68408,42
12/10/2013 10:00,0.08, , ,COOP:180465,BALTIMORE WASHINGTON INTERNATIONAL AIRPORT MD US,39.17329,-76.68408,42
12/10/2013 11:00,0.04, , ,COOP:180465,BALTIMORE WASHINGTON INTERNATIONAL AIRPORT MD US,39.17329,-76.68408,42
12/10/2013 12:00,0.02, , ,COOP:180465,BALTIMORE WASHINGTON INTERNATIONAL AIRPORT MD US,39.17329,-76.68408,42
12/10/2013 13:00,0.01, , ,COOP:180465,BALTIMORE WASHINGTON INTERNATIONAL AIRPORT MD US,39.17329,-76.68408,42
12/10/2013 14:00,0,T, ,COOP:180465,BALTIMORE WASHINGTON INTERNATIONAL AIRPORT MD US,39.17329,-76.68408,42
12/14/2013 14:00,0,T, ,COOP:180465,BALTIMORE WASHINGTON INTERNATIONAL AIRPORT MD US,39.17329,-76.68408,42
12/14/2013 15:00,0.02, , ,COOP:180465,BALTIMORE WASHINGTON INTERNATIONAL AIRPORT MD US,39.17329,-76.68408,42
12/14/2013 16:00,0.01, , ,COOP:180465,BALTIMORE WASHINGTON INTERNATIONAL AIRPORT MD US,39.17329,-76.68408,42
12/14/2013 17:00,0.07, , ,COOP:180465,BALTIMORE WASHINGTON INTERNATIONAL AIRPORT MD US,39.17329,-76.68408,42
12/14/2013 18:00,0.04, , ,COOP:180465,BALTIMORE WASHINGTON INTERNATIONAL AIRPORT MD US,39.17329,-76.68408,42
12/14/2013 19:00,0.04, , ,COOP:180465,BALTIMORE WASHINGTON INTERNATIONAL AIRPORT MD US,39.17329,-76.68408,42
12/14/2013 20:00,0.04, , ,COOP:180465,BALTIMORE WASHINGTON INTERNATIONAL AIRPORT MD US,39.17329,-76.68408,42
12/14/2013 21:00,0.05, , ,COOP:180465,BALTIMORE WASHINGTON INTERNATIONAL AIRPORT MD US,39.17329,-76.68408,42
12/14/2013 22:00,0.24, , ,COOP:180465,BALTIMORE WASHINGTON INTERNATIONAL AIRPORT MD US,39.17329,-76.68408,42
12/14/2013 23:00,0.1, , ,COOP:180465,BALTIMORE WASHINGTON INTERNATIONAL AIRPORT MD US,39.17329,-76.68408,42
12/15/2013 0:00,0,T, ,COOP:180465,BALTIMORE WASHINGTON INTERNATIONAL AIRPORT MD US,39.17329,-76.68408,42
12/17/2013 1:00,0,T, ,COOP:180465,BALTIMORE WASHINGTON INTERNATIONAL AIRPORT MD US,39.17329,-76.68408,42
12/17/2013 2:00,0,T, ,COOP:180465,BALTIMORE WASHINGTON INTERNATIONAL AIRPORT MD US,39.17329,-76.68408,42
12/17/2013 3:00,0,T, ,COOP:180465,BALTIMORE WASHINGTON INTERNATIONAL AIRPORT MD US,39.17329,-76.68408,42
12/17/2013 21:00,0.01, , ,COOP:180465,BALTIMORE WASHINGTON INTERNATIONAL AIRPORT MD US,39.17329,-76.68408,42
12/22/2013 3:00,0,T, ,COOP:180465,BALTIMORE WASHINGTON INTERNATIONAL AIRPORT MD US,39.17329,-76.68408,42
12/22/2013 4:00,0,T, ,COOP:180465,BALTIMORE WASHINGTON INTERNATIONAL AIRPORT MD US,39.17329,-76.68408,42
12/22/2013 8:00,0,T, ,COOP:180465,BALTIMORE WASHINGTON INTERNATIONAL AIRPORT MD US,39.17329,-76.68408,42
12/22/2013 9:00,0.04, , ,COOP:180465,BALTIMORE WASHINGTON INTERNATIONAL AIRPORT MD US,39.17329,-76.68408,42
12/22/2013 10:00,0.18, , ,COOP:180465,BALTIMORE WASHINGTON INTERNATIONAL AIRPORT MD US,39.17329,-76.68408,42
12/22/2013 11:00,0.02, , ,COOP:180465,BALTIMORE WASHINGTON INTERNATIONAL AIRPORT MD US,39.17329,-76.68408,42
12/22/2013 12:00,0,T, ,COOP:180465,BALTIMORE WASHINGTON INTERNATIONAL AIRPORT MD US,39.17329,-76.68408,42
12/22/2013 13:00,0,T, ,COOP:180465,BALTIMORE WASHINGTON INTERNATIONAL AIRPORT MD US,39.17329,-76.68408,42
12/22/2013 16:00,0,T, ,COOP:180465,BALTIMORE WASHINGTON INTERNATIONAL AIRPORT MD US,39.17329,-76.68408,42
12/22/2013 17:00,0,T, ,COOP:180465,BALTIMORE WASHINGTON INTERNATIONAL AIRPORT MD US,39.17329,-76.68408,42
12/22/2013 18:00,0,T, ,COOP:180465,BALTIMORE WASHINGTON INTERNATIONAL AIRPORT MD US,39.17329,-76.68408,42
12/22/2013 23:00,0,T, ,COOP:180465,BALTIMORE WASHINGTON INTERNATIONAL AIRPORT MD US,39.17329,-76.68408,42
12/23/2013 0:00,0,T, ,COOP:180465,BALTIMORE WASHINGTON INTERNATIONAL AIRPORT MD US,39.17329,-76.68408,42
12/23/2013 1:00,0,T, ,COOP:180465,BALTIMORE WASHINGTON INTERNATIONAL AIRPORT MD US,39.17329,-76.68408,42
12/23/2013 2:00,0,T, ,COOP:180465,BALTIMORE WASHINGTON INTERNATIONAL AIRPORT MD US,39.17329,-76.68408,42
12/23/2013 3:00,0.06, , ,COOP:180465,BALTIMORE WASHINGTON INTERNATIONAL AIRPORT MD US,39.17329,-76.68408,42
12/23/2013 4:00,0.03, , ,COOP:180465,BALTIMORE WASHINGTON INTERNATIONAL AIRPORT MD US,39.17329,-76.68408,42
12/23/2013 5:00,0.12, , ,COOP:180465,BALTIMORE WASHINGTON INTERNATIONAL AIRPORT MD US,39.17329,-76.68408,42
12/23/2013 6:00,0.07, , ,COOP:180465,BALTIMORE WASHINGTON INTERNATIONAL AIRPORT MD US,39.17329,-76.68408,42
12/23/2013 7:00,0.1, , ,COOP:180465,BALTIMORE WASHINGTON INTERNATIONAL AIRPORT MD US,39.17329,-76.68408,42
12/23/2013 8:00,0.09, , ,COOP:180465,BALTIMORE WASHINGTON INTERNATIONAL AIRPORT MD US,39.17329,-76.68408,42
12/23/2013 9:00,0.03, , ,COOP:180465,BALTIMORE WASHINGTON INTERNATIONAL AIRPORT MD US,39.17329,-76.68408,42
12/23/2013 10:00,0.07, , ,COOP:180465,BALTIMORE WASHINGTON INTERNATIONAL AIRPORT MD US,39.17329,-76.68408,42
12/23/2013 11:00,0.15, , ,COOP:180465,BALTIMORE WASHINGTON INTERNATIONAL AIRPORT MD US,39.17329,-76.68408,42
12/23/2013 12:00,0.05, , ,COOP:180465,BALTIMORE WASHINGTON INTERNATIONAL AIRPORT MD US,39.17329,-76.68408,42
12/23/2013 13:00,0.01, , ,COOP:180465,BALTIMORE WASHINGTON INTERNATIONAL AIRPORT MD US,39.17329,-76.68408,42
12/23/2013 14:00,0.06, , ,COOP:180465,BALTIMORE WASHINGTON INTERNATIONAL AIRPORT MD US,39.17329,-76.68408,42
12/23/2013 15:00,0.01, , ,COOP:180465,BALTIMORE WASHINGTON INTERNATIONAL AIRPORT MD US,39.17329,-76.68408,42
12/23/2013 16:00,0.01, , ,COOP:180465,BALTIMORE WASHINGTON INTERNATIONAL AIRPORT MD US,39.17329,-76.68408,42
12/23/2013 17:00,0,T, ,COOP:180465,BALTIMORE WASHINGTON INTERNATIONAL AIRPORT MD US,39.17329,-76.68408,42
12/23/2013 18:00,0,T, ,COOP:180465,BALTIMORE WASHINGTON INTERNATIONAL AIRPORT MD US,39.17329,-76.68408,42
12/23/2013 19:00,0,T, ,COOP:180465,BALTIMORE WASHINGTON INTERNATIONAL AIRPORT MD US,39.17329,-76.68408,42
12/24/2013 16:00,0,T, ,COOP:180465,BALTIMORE WASHINGTON INTERNATIONAL AIRPORT MD US,39.17329,-76.68408,42
12/26/2013 10:00,0,T, ,COOP:180465,BALTIMORE WASHINGTON INTERNATIONAL AIRPORT MD US,39.17329,-76.68408,42
12/29/2013 5:00,0,T, ,COOP:180465,BALTIMORE WASHINGTON INTERNATIONAL AIRPORT MD US,39.17329,-76.68408,42
12/29/2013 6:00,0.05, , ,COOP:180465,BALTIMORE WASHINGTON INTERNATIONAL AIRPORT MD US,39.17329,-76.68408,42
12/29/2013 7:00,0.05, , ,COOP:180465,BALTIMORE WASHINGTON INTERNATIONAL AIRPORT MD US,39.17329,-76.68408,42
12/29/2013 8:00,0.02, , ,COOP:180465,BALTIMORE WASHINGTON INTERNATIONAL AIRPORT MD US,39.17329,-76.68408,42
12/29/2013 9:00,0.07, , ,COOP:180465,BALTIMORE WASHINGTON INTERNATIONAL AIRPORT MD US,39.17329,-76.68408,42
12/29/2013 10:00,0.12, , ,COOP:180465,BALTIMORE WASHINGTON INTERNATIONAL AIRPORT MD US,39.17329,-76.68408,42
12/29/2013 11:00,0.14, , ,COOP:180465,BALTIMORE WASHINGTON INTERNATIONAL AIRPORT MD US,39.17329,-76.68408,42
12/29/2013 12:00,0.27, , ,COOP:180465,BALTIMORE WASHINGTON INTERNATIONAL AIRPORT MD US,39.17329,-76.68408,42
12/29/2013 13:00,0.28, , ,COOP:180465,BALTIMORE WASHINGTON INTERNATIONAL AIRPORT MD US,39.17329,-76.68408,42
12/29/2013 14:00,0.09, , ,COOP:180465,BALTIMORE WASHINGTON INTERNATIONAL AIRPORT MD US,39.17329,-76.68408,42
12/29/2013 15:00,0,T, ,COOP:180465,BALTIMORE WASHINGTON INTERNATIONAL AIRPORT MD US,39.17329,-76.68408,42
